HIP,Vmag,Plx,e_Plx,B-V
2,9.27,21.9,3.1,0.999
7,9.64,17.74,1.3,0.74
10,8.59,10.76,1.1,0.489
18,11.03,19.93,2.36,1.567
20,8.51,10.76,1.06,0.516
23,7.57,12.21,0.95,0.456
25,6.28,13.74,0.98,0.763
34,6.43,12.71,0.74,0.514
38,8.65,23.84,0.78,0.778
39,7.46,10.98,1.18,0.475
47,10.78,24.45,1.97,1.15
50,6.49,16.89,0.8,0.616
54,10.57,20.97,1.71,1.03
55,7.4,14.66,0.98,0.551
57,8.27,33.89,0.79,0.863
58,7.05,26.06,0.67,0.52
65,11.0,16.98,2.43,1.147
68,8.79,31.8,1.17,0.94
72,8.97,10.63,1.25,0.671
74,9.93,24.22,1.36,1.068
80,8.4,15.59,1.43,0.566
81,8.57,23.43,1.28,0.642
84,9.61,18.9,1.33,0.852
93,8.12,16.74,1.28,0.619
94,10.1,10.48,1.48,0.644
110,8.61,20.42,1.91,0.787
111,11.28,27.11,2.33,1.308
112,10.76,31.35,4.17,1.384
118,9.2,12.08,1.33,0.606
122,4.78,14.77,0.47,1.254
128,6.5,15.2,0.63,0.182
135,8.64,20.1,1.22,0.62
142,7.33,16.04,0.69,0.73
143,10.35,20.05,1.64,1.033
149,11.26,22.92,2.17,0.932
159,6.93,16.92,0.81,0.292
169,9.24,63.03,1.98,1.39
171,5.8,80.63,3.03,0.69
179,6.9,14.91,0.9,0.534
184,8.48,29.75,1.21,0.888
188,8.64,10.49,1.23,0.488
190,8.74,10.47,1.17,0.57
194,5.7,26.53,0.77,0.315
201,8.24,10.06,0.99,0.474
219,8.56,10.78,1.28,0.602
223,7.17,21.58,1.65,0.617
238,6.25,16.16,0.96,0.526
246,9.73,18.29,1.56,0.99
249,8.75,13.24,1.03,0.552
255,7.96,11.84,1.16,0.421
263,12.04,32.93,3.49,1.473
267,8.09,11.66,1.42,0.455
276,7.49,15.55,0.95,0.636
277,6.96,15.84,0.81,0.353
290,7.78,15.26,1.03,0.563
293,8.29,13.14,0.97,0.488
296,8.24,25.29,1.11,0.78
301,4.55,14.31,0.92,-0.047
305,7.66,20.44,0.96,0.741
308,7.09,13.9,0.84,0.303
310,9.58,12.24,1.44,0.7
313,8.01,10.62,1.46,0.406
325,8.56,14.48,1.07,0.615
337,9.6,11.87,1.49,0.75
340,8.11,14.91,1.01,0.484
343,5.78,11.29,0.92,1.084
348,8.6,16.79,1.13,0.64
350,10.37,21.14,1.62,1.1
351,9.8,22.52,1.48,0.855
352,10.42,12.99,1.76,0.8
357,7.33,10.92,0.64,0.444
359,9.09,17.09,0.88,0.639
378,7.37,11.46,0.84,0.422
379,5.68,10.3,0.58,1.051
392,7.93,10.47,1.53,0.478
400,7.82,39.06,0.93,0.755
403,8.97,11.56,1.31,0.674
404,7.47,14.53,1.21,0.55
407,8.13,22.09,0.71,0.71
413,7.73,19.78,0.87,0.537
420,7.53,23.9,0.85,0.577
425,8.14,14.25,0.83,0.593
429,8.69,11.12,1.22,0.644
428,9.95,86.98,1.41,1.472
432,6.88,10.35,0.81,0.174
435,9.3,10.28,1.33,0.538
436,8.49,62.48,0.82,1.076
443,4.61,25.38,1.05,1.029
439,8.56,229.33,1.08,1.462
459,8.82,18.57,0.95,0.666
460,9.13,22.2,1.14,0.735
461,7.86,11.04,0.91,0.494
462,7.13,19.81,0.94,0.446
473,8.2,85.1,2.74,1.41
475,8.22,21.03,1.06,0.636
487,9.44,11.21,1.34,0.617
489,10.38,13.23,1.74,0.782
490,7.51,24.85,0.92,0.595
493,7.45,26.24,0.82,0.596
494,8.99,12.99,0.94,0.585
495,8.58,25.77,2.07,0.92
509,9.67,13.05,1.67,0.633
510,7.8,11.07,1.0,0.501
518,5.98,49.3,1.05,0.687
522,5.7,39.0,0.64,0.519
523,12.17,56.92,2.73,1.55
544,6.07,72.98,0.75,0.752
560,6.19,25.59,0.75,0.386
569,8.23,18.71,1.05,0.58
577,9.61,15.97,1.47,0.761
596,7.56,11.92,0.61,0.419
599,8.23,17.18,1.0,0.599
601,9.14,17.98,2.35,0.74
606,7.06,20.63,0.91,0.463
616,8.7,30.76,1.21,0.798
617,8.5,10.08,0.93,0.451
626,6.73,10.14,0.73,0.951
636,5.93,12.45,0.74,0.141
641,7.82,21.83,0.84,0.61
642,9.08,11.55,1.4,0.595
649,7.85,10.66,0.99,0.505
655,5.67,10.02,0.71,1.119
669,7.04,36.18,1.02,0.624
676,9.4,10.7,1.27,0.57
677,2.07,33.6,0.73,-0.038
682,7.59,25.15,0.97,0.626
687,10.73,45.64,1.92,1.46
689,7.41,12.72,0.86,0.606
690,9.26,11.01,0.95,0.675
691,7.78,14.43,0.96,0.358
699,6.21,30.26,0.69,0.504
705,8.41,16.24,0.7,0.588
710,7.43,11.61,1.01,0.296
722,8.48,12.89,1.03,0.537
723,8.57,31.34,2.1,0.885
726,7.72,18.22,0.95,0.62
729,5.57,11.17,0.72,1.043
731,11.65,22.5,2.96,1.26
733,8.58,10.46,1.13,0.714
737,6.93,16.09,0.75,0.8
738,11.73,42.82,2.61,1.493
746,2.28,59.89,0.56,0.38
753,9.33,17.75,1.21,0.812
754,7.78,22.07,2.31,0.68
755,7.02,17.03,0.69,0.932
759,7.07,19.28,0.79,0.644
761,5.42,14.57,1.34,0.414
762,9.11,11.89,1.31,0.83
765,3.88,23.28,0.98,1.013
768,7.94,13.8,1.3,0.66
772,8.52,16.26,0.98,0.687
787,9.53,23.86,1.59,0.965
791,8.57,13.92,1.11,0.644
792,8.43,12.54,1.23,0.906
794,8.84,17.08,1.86,0.833
801,8.32,18.8,1.05,0.595
813,5.54,10.04,0.86,-0.064
814,5.29,13.45,0.5,1.049
818,7.1,10.24,1.21,0.345
819,7.88,11.15,0.68,0.476
840,5.84,18.18,0.92,0.973
846,8.92,13.53,1.28,0.578
847,8.38,10.15,1.04,0.508
848,7.74,10.35,0.82,0.473
856,8.24,12.91,1.06,0.491
865,6.66,15.06,0.7,0.372
867,8.47,15.57,1.17,0.574
870,7.51,18.2,0.91,0.503
873,5.84,15.35,0.74,1.0
889,8.41,16.45,0.95,0.575
895,8.55,12.6,1.18,0.435
897,10.86,39.19,2.29,1.418
898,11.55,24.32,3.25,1.395
910,4.89,52.94,0.77,0.487
914,8.6,15.08,1.1,0.7
916,9.5,35.69,5.14,1.254
919,7.95,29.35,0.95,0.755
920,8.23,18.6,0.91,0.581
922,8.48,11.58,1.13,0.473
924,8.97,20.86,2.16,0.807
929,8.34,17.0,0.82,0.619
934,9.04,27.46,1.09,0.891
943,8.61,20.55,1.21,0.643
948,9.92,29.15,1.54,1.071
950,5.24,45.85,0.66,0.459
952,8.45,10.91,1.15,0.481
955,9.02,16.48,1.49,0.599
956,7.51,12.79,1.43,0.491
961,9.34,10.46,1.33,0.695
964,7.91,10.93,1.05,0.392
971,7.19,10.9,0.86,0.398
974,8.73,38.88,1.22,1.045
975,7.62,17.21,0.76,0.758
976,8.66,10.57,1.33,0.43
986,7.43,10.44,0.83,0.335
996,8.18,19.39,1.0,0.669
999,8.44,24.69,1.2,0.739
1000,8.73,15.32,1.34,0.707
1003,8.66,21.09,1.23,0.743
1013,7.95,15.34,0.99,0.945
1022,9.85,15.9,1.78,0.939
1026,6.63,18.06,0.76,0.402
1031,7.22,49.18,0.78,0.775
1044,10.74,27.5,1.94,1.308
1051,8.75,11.11,1.11,0.401
1055,10.41,24.96,2.95,1.36
1058,7.57,14.72,0.86,0.453
1071,7.98,11.12,1.08,0.396
1072,7.45,10.64,0.9,0.48
1073,7.72,10.64,0.91,0.333
1078,9.86,28.3,1.48,1.19
1083,10.77,36.74,2.54,1.444
1085,9.05,30.0,1.25,0.913
1086,5.71,28.57,0.74,0.331
1092,11.14,51.12,3.31,1.556
1103,7.41,13.08,0.96,0.44
1113,8.76,22.86,0.87,0.743
1114,7.15,14.45,0.76,0.513
1116,8.93,10.74,1.17,0.628
1119,9.42,24.14,1.58,0.962
1123,6.22,11.13,0.73,0.009
1128,8.36,23.68,1.19,0.645
1134,7.32,21.66,1.17,0.521
1137,8.08,13.44,0.89,0.461
1140,6.66,21.62,0.68,0.462
1144,7.42,20.23,1.2,0.64
1147,6.89,18.19,0.9,0.502
1148,8.51,22.51,1.49,0.73
1151,9.42,11.19,1.5,0.831
1156,8.23,10.93,0.98,0.475
1161,6.95,12.17,0.82,0.494
1168,4.79,10.01,0.77,1.572
1169,7.03,11.81,0.82,0.461
1173,9.18,13.85,1.37,0.657
1174,9.1,12.12,1.4,0.681
1185,6.82,11.33,0.89,0.257
1187,10.04,13.96,1.97,0.84
1196,6.02,12.47,1.28,0.312
1206,8.57,22.9,0.93,0.695
1211,7.99,10.99,0.83,0.389
1234,7.33,10.91,0.81,0.441
1242,11.49,191.86,17.24,1.75
1258,8.54,11.65,0.8,0.551
1266,9.05,10.45,1.3,0.557
1274,8.57,13.96,1.25,0.568
1275,9.76,19.25,1.67,0.74
1276,11.58,41.32,3.89,1.647
1290,9.35,13.79,1.38,0.655
1292,6.59,56.76,0.53,0.749
1294,8.79,23.91,1.17,0.965
1297,8.92,14.92,0.97,0.718
1302,6.12,10.75,0.98,0.068
1304,8.78,12.54,1.22,0.623
1306,7.9,13.71,1.21,0.673
1308,11.06,21.82,2.32,1.258
1321,8.52,11.21,1.18,0.24
1322,12.38,44.82,3.44,1.53
1334,10.01,23.92,1.54,0.95
1335,8.58,10.38,0.96,0.59
1336,7.74,11.15,1.3,0.472
1347,8.67,30.0,0.82,0.855
1349,6.84,43.45,1.19,0.655
1350,8.94,15.06,1.47,0.625
1351,9.23,13.42,1.36,0.557
1366,4.61,12.88,1.31,0.059
1368,8.99,66.71,1.12,1.37
1382,7.96,27.32,0.84,0.651
1386,11.54,42.65,2.77,1.505
1389,10.51,23.3,3.17,1.31
1394,8.3,11.28,0.79,0.524
1392,6.66,15.31,1.35,0.589
1397,7.71,11.3,1.39,0.599
1398,11.36,24.12,2.91,1.22
1399,11.3,22.54,2.33,1.4
1400,8.82,10.73,1.1,0.552
1402,6.46,20.47,0.89,0.386
1404,8.25,10.52,0.72,0.589
1407,11.3,21.8,1.97,1.31
1408,10.42,17.1,1.77,0.998
1411,9.09,14.58,1.15,0.635
1412,10.99,28.38,2.31,1.414
1420,10.43,17.0,2.22,1.0
1419,7.79,12.92,0.73,0.772
1427,7.21,21.66,0.87,0.477
1437,8.88,16.24,1.26,0.542
1442,9.94,16.75,1.48,0.82
1444,6.51,38.24,0.85,0.599
1455,7.2,12.21,0.97,0.309
1457,9.31,10.55,1.26,0.632
1463,10.88,61.67,2.2,1.479
1468,8.94,14.05,1.13,0.57
1473,4.51,23.11,0.68,0.054
1475,8.09,280.27,1.05,1.56
1481,7.46,24.42,0.68,0.537
1487,7.47,15.08,0.88,0.468
1499,6.47,42.67,0.85,0.674
1500,8.36,16.71,0.99,0.591
1532,9.9,48.17,1.73,1.318
1536,9.58,12.22,1.01,0.625
1539,10.93,31.24,2.3,1.375
1541,8.19,14.21,1.07,0.657
1545,7.93,11.65,0.97,0.398
1552,8.12,18.95,0.99,0.661
1562,3.56,11.26,0.73,1.214
1565,7.95,11.36,1.08,0.818
1567,8.49,13.16,1.04,0.575
1573,7.03,21.59,0.98,0.508
1572,8.75,14.55,0.84,0.594
1582,7.97,16.31,0.82,0.552
1598,6.97,40.25,0.81,0.64
1599,4.23,116.38,0.64,0.576
1608,11.67,39.31,3.03,1.49
1613,9.83,14.46,1.29,0.837
1623,7.87,19.35,0.69,0.552
1625,8.5,19.39,1.62,0.714
1629,7.66,10.16,0.65,0.337
1636,9.14,10.8,1.19,0.612
1640,7.52,11.82,0.92,0.961
1647,5.5,10.65,0.51,-0.046
1649,8.73,11.33,0.79,0.627
1654,9.14,17.37,1.26,0.725
1668,8.38,12.68,1.21,0.536
1669,6.9,14.0,1.32,0.478
1672,8.41,10.14,0.86,0.819
1673,8.79,13.2,0.99,0.537
1674,7.91,31.49,1.51,0.815
1679,9.31,11.58,1.4,0.667
1683,8.99,10.03,1.16,0.647
1684,6.92,12.42,0.93,1.036
1686,5.16,20.42,0.73,0.442
1687,10.06,18.33,1.49,0.96
1691,7.36,12.6,0.96,0.529
1696,10.41,55.68,2.02,1.475
1704,7.73,14.99,0.95,0.419
1708,5.18,10.5,0.87,1.006
1712,8.56,10.65,1.11,0.532
1719,9.65,23.22,1.02,0.835
1720,12.21,50.1,3.98,1.537
1721,8.1,10.13,0.96,0.459
1723,9.71,19.82,2.27,1.036
1732,7.4,13.41,1.5,0.631
1734,11.16,54.91,2.19,1.485
1736,7.57,16.04,0.88,0.48
1742,9.31,13.63,1.25,0.733
1745,9.42,18.0,1.45,0.704
1746,8.93,16.39,1.48,0.677
1752,8.78,10.08,1.22,0.447
1766,6.68,11.29,0.78,1.102
1771,11.21,20.26,2.65,1.47
1773,8.59,11.29,0.95,0.535
1774,11.19,14.45,1.97,1.28
1779,8.59,22.53,0.91,0.769
1780,9.09,10.8,1.22,0.696
1787,8.19,12.19,1.07,0.441
1795,6.75,13.13,0.73,0.371
1803,6.39,49.05,0.91,0.659
1807,9.83,22.93,1.42,0.848
1813,7.57,24.68,0.9,0.639
1823,7.88,21.66,1.22,0.579
1825,8.57,12.25,1.16,0.529
1837,8.74,44.97,1.15,1.075
1841,9.91,16.99,1.53,0.914
1842,11.87,47.4,2.63,1.516
1860,11.31,50.71,2.72,1.462
1866,10.66,20.9,1.98,1.099
1868,10.01,11.83,1.64,0.582
1871,8.68,22.65,1.16,0.709
1877,7.59,10.02,1.06,0.85
1884,8.88,10.23,1.18,0.633
1885,10.6,23.75,1.79,1.258
1887,8.48,12.47,1.3,0.58
1892,6.57,18.64,0.69,0.38
1893,8.72,19.26,1.23,0.73
1897,9.69,17.09,1.37,0.88
1899,7.42,15.9,0.97,0.51
1908,9.06,11.76,1.09,0.586
1910,11.33,21.59,2.22,1.39
1914,8.3,14.6,0.75,0.619
1918,7.52,11.01,0.83,0.485
1923,8.44,13.28,0.75,0.652
1931,9.0,11.13,1.13,0.656
1933,9.56,20.81,1.49,0.904
1936,7.92,55.53,1.08,0.94
1937,8.81,14.84,0.83,0.708
1954,7.27,36.15,0.8,0.681
1955,6.81,28.91,0.73,0.596
1970,7.63,10.47,0.85,0.843
1976,7.57,20.45,1.08,0.616
1977,8.68,12.98,1.1,0.564
1978,9.61,23.77,1.31,1.06
1987,7.52,23.69,1.08,0.629
1989,7.89,15.77,0.82,0.538
2000,9.82,10.87,1.44,0.74
2011,8.85,10.52,1.12,0.52
2021,2.82,133.78,0.51,0.618
2031,10.68,15.76,2.03,1.043
2039,9.25,17.45,1.56,0.838
2048,8.78,11.94,1.56,0.556
2049,8.9,10.19,1.29,0.675
2062,8.74,10.58,1.17,0.524
2064,10.56,15.74,2.14,1.206
2066,8.25,16.21,1.02,0.583
2072,3.93,42.51,0.69,0.175
2081,2.4,42.14,0.78,1.083
2083,7.87,11.7,1.03,0.406
2099,8.58,11.7,1.19,0.463
2102,10.05,22.32,1.59,1.0
2107,8.75,14.9,1.07,0.576
2111,8.1,11.96,0.72,0.501
2120,10.52,61.39,1.51,1.459
2121,8.6,11.44,1.19,0.446
2127,9.52,10.27,1.08,0.735
2128,9.66,17.16,1.47,0.703
2131,8.92,14.38,1.05,0.643
2135,6.66,12.51,0.84,0.487
2136,9.5,18.1,1.47,0.931
2137,10.3,16.04,1.27,0.967
2141,9.37,10.41,1.37,0.587
2143,8.09,18.36,2.75,0.73
2174,7.56,16.49,1.14,0.585
2177,7.73,13.47,0.89,0.401
2190,7.2,13.54,1.1,0.498
2194,9.02,21.72,1.37,0.745
2204,7.78,10.86,0.91,0.453
2225,5.18,12.32,0.75,0.043
2230,8.92,12.57,1.05,0.609
2231,7.81,10.51,1.04,0.601
2235,6.05,27.51,0.86,0.447
2237,6.44,31.01,0.87,0.594
2239,7.1,17.88,0.9,0.5
2246,6.86,15.86,0.89,0.535
2247,9.62,26.64,1.4,1.128
2273,9.25,15.85,1.35,0.864
2282,8.46,20.6,1.06,0.748
2288,9.07,10.93,1.55,0.68
2292,7.78,17.88,0.97,0.649
2293,11.37,17.58,1.75,1.153
2305,7.95,17.2,0.89,0.691
2311,9.34,22.77,1.5,0.84
2318,8.82,15.28,1.18,0.602
2319,7.62,13.2,0.93,0.465
2326,7.9,14.45,1.11,0.494
2336,7.47,11.67,0.96,0.544
2337,6.15,23.62,0.87,0.388
2343,7.46,14.05,0.9,0.353
2350,9.44,18.62,1.35,0.886
2352,8.41,13.12,0.85,0.618
2355,5.2,17.62,0.86,0.271
2358,6.52,14.87,0.9,0.453
2364,10.1,25.04,1.9,1.08
2368,8.51,11.77,1.2,0.613
2373,10.68,20.15,1.85,1.066
2381,5.17,18.08,0.9,0.128
2383,5.67,22.19,0.67,0.367
2386,8.15,12.28,1.07,0.488
2397,9.22,29.34,1.18,0.93
2412,10.69,14.69,1.82,0.9
2414,7.74,20.91,1.05,0.652
2416,9.07,17.5,1.23,0.734
2417,9.09,14.06,1.33,0.617
2422,6.18,25.37,0.54,0.883
2426,10.63,36.36,1.45,1.359
2434,8.51,10.69,1.08,0.553
2444,8.46,11.69,1.57,0.636
2452,9.27,16.21,1.36,0.804
2453,7.37,23.95,0.66,0.504
2472,4.76,18.97,0.64,0.018
2479,7.18,13.44,0.83,0.275
2482,8.1,15.9,1.03,0.528
2483,8.15,15.36,1.58,0.653
2484,4.36,23.35,0.52,-0.064
2495,9.0,11.3,1.26,0.569
2498,7.25,12.27,0.88,0.906
2504,9.64,13.68,1.38,0.817
2511,9.6,15.71,1.45,0.759
2512,7.22,10.47,0.81,0.535
2532,8.27,13.78,1.06,0.58
2533,8.54,21.4,1.86,0.84
2540,9.65,38.85,1.1,1.367
2542,8.69,10.38,1.08,0.537
2543,7.1,11.36,1.01,0.377
2544,7.32,13.81,1.01,0.391
2548,5.69,12.36,0.8,-0.014
2552,10.27,98.74,3.37,1.52
2556,9.36,19.65,1.47,0.928
2563,8.66,17.8,1.36,0.65
2568,5.38,12.69,0.72,1.069
2574,8.9,10.45,1.31,0.735
2578,5.07,21.52,0.49,0.038
2580,8.51,10.6,1.04,0.623
2586,8.76,13.63,1.27,0.666
2597,7.58,11.3,0.8,0.384
2601,9.44,11.64,1.33,0.76
2604,10.94,29.26,2.16,1.311
2621,8.14,12.44,0.92,0.509
2626,7.81,12.29,0.97,0.521
2639,10.02,17.86,1.63,1.062
2643,7.76,16.68,1.62,0.556
2645,7.27,13.56,0.92,0.609
2659,8.4,11.07,1.06,0.446
2663,6.41,27.63,1.06,0.617
2666,8.06,11.52,0.86,0.487
2678,8.58,10.67,1.11,0.512
2696,7.9,10.9,0.91,0.408
2698,8.55,12.82,1.07,0.57
2699,8.53,10.64,1.04,0.415
2710,6.9,24.09,0.88,0.481
2711,5.57,39.03,0.62,0.472
2712,7.38,21.2,0.87,0.549
2716,7.67,19.32,1.15,0.503
2717,8.07,16.11,0.92,0.517
2724,8.18,16.31,0.96,0.504
2725,9.48,26.98,1.61,1.0
2729,9.56,21.78,1.01,1.05
2736,8.97,22.17,1.24,0.827
2741,9.02,10.31,1.32,0.44
2742,8.02,34.52,1.04,0.87
2743,8.55,34.04,0.86,0.854
2747,8.76,18.13,1.01,0.602
2751,8.38,14.68,1.11,0.529
2759,8.99,13.22,1.2,0.703
2760,7.37,22.87,1.0,0.602
2761,9.57,10.45,1.14,0.822
2762,5.2,47.51,1.15,0.567
2765,8.02,12.58,1.11,0.46
2766,8.62,11.34,1.07,0.587
2786,9.5,19.69,1.42,0.831
2787,5.94,17.97,0.74,0.444
2789,6.04,12.88,0.65,1.001
2790,7.45,34.3,0.89,0.726
2797,9.31,20.78,0.93,0.78
2802,5.51,27.61,0.77,0.461
2805,8.52,13.43,1.26,0.575
2815,7.32,10.47,0.82,0.435
2824,8.37,21.23,1.17,0.648
2828,11.26,23.82,2.4,1.31
2829,8.43,12.99,1.01,0.505
2832,6.32,26.59,0.85,0.517
2839,11.21,28.51,2.39,1.392
2841,6.91,16.71,0.63,0.368
2843,6.72,21.19,0.92,0.466
2844,7.96,18.93,1.7,0.672
2847,7.77,19.45,0.96,0.563
2848,8.4,23.21,1.15,0.78
2852,6.06,20.12,0.91,0.297
2853,7.88,14.56,1.06,0.447
2864,8.83,12.35,1.15,0.551
2873,7.85,11.95,0.95,0.817
2874,9.51,11.73,1.47,0.595
2878,8.39,10.25,0.92,0.469
2883,10.11,16.64,1.46,0.94
2885,8.56,12.33,1.13,0.476
2888,6.79,22.79,0.73,0.639
2894,8.64,18.03,1.23,0.648
2902,7.94,13.78,1.06,0.824
2909,8.17,15.34,1.1,0.636
2927,8.1,16.59,0.89,0.605
2941,5.57,64.38,1.4,0.715
2944,6.99,22.29,0.84,0.723
2979,9.39,13.01,1.37,0.605
2981,7.53,20.92,0.97,0.463
3000,9.48,14.78,1.55,0.701
3006,7.11,24.8,0.6,0.554
3008,10.48,43.4,1.94,1.424
3010,7.43,16.35,0.66,0.482
3020,7.41,12.46,0.77,0.496
3022,9.96,19.86,1.86,0.792
3028,9.21,24.02,1.22,0.846
3031,4.34,19.34,0.76,0.871
3033,8.77,14.61,1.04,0.59
3035,7.11,16.01,0.94,0.423
3053,7.74,26.42,0.61,0.754
3054,9.04,16.48,1.19,0.63
3055,8.76,12.73,1.18,0.7
3062,11.0,17.84,2.32,1.13
3072,9.72,11.72,1.47,0.679
3084,6.81,12.5,0.66,0.471
3086,7.34,21.79,0.88,0.633
3092,3.27,32.19,0.68,1.268
3093,5.88,90.03,0.72,0.85
3097,9.22,15.82,0.96,0.68
3101,8.83,14.72,1.07,0.59
3115,7.88,13.27,1.09,0.518
3119,7.43,20.14,0.91,0.538
3121,10.5,30.52,1.79,1.143
3122,6.83,13.82,0.79,0.432
3125,10.22,24.73,1.63,1.278
3132,6.38,30.95,0.5,0.551
3137,6.0,10.75,0.71,1.142
3142,6.68,24.12,0.82,0.519
3143,11.41,43.64,2.59,1.476
3148,8.76,13.44,1.16,0.584
3164,8.16,16.01,0.93,0.521
3169,7.43,17.02,0.95,0.571
3170,5.89,39.26,0.56,0.564
3174,8.24,14.62,0.97,0.677
3179,2.24,14.27,0.57,1.17
3181,8.8,19.11,1.13,0.71
3182,8.68,17.32,1.19,0.638
3185,6.14,35.02,0.74,0.718
3195,8.78,23.09,1.37,0.747
3203,7.02,38.65,1.1,0.62
3204,8.36,11.81,0.99,0.531
3206,7.36,57.9,0.98,0.937
3210,7.37,21.91,0.82,0.539
3214,7.6,17.45,0.88,0.458
3232,9.92,20.28,1.77,0.93
3236,6.52,29.99,0.83,0.528
3238,9.36,13.75,0.93,0.64
3243,10.84,22.95,3.02,1.27
3245,4.59,13.19,0.67,0.953
3249,10.67,30.07,4.42,1.176
3254,9.97,13.82,1.13,0.709
3261,10.58,50.29,1.93,1.432
3267,6.95,20.99,0.66,0.579
3272,7.84,16.94,0.94,0.528
3277,5.72,15.29,0.58,0.131
3279,8.63,14.53,1.09,0.647
3280,10.99,19.15,2.1,1.27
3282,10.7,18.72,1.86,1.597
3290,7.65,10.33,1.22,0.492
3292,8.77,14.87,1.19,0.531
3293,7.03,20.38,1.02,0.452
3304,9.48,13.09,1.5,0.735
3311,8.39,19.59,1.12,0.677
3312,8.85,10.16,1.12,0.491
3317,10.45,18.33,1.58,1.16
3318,8.15,16.84,1.03,0.543
3326,7.59,16.16,1.19,0.515
3330,5.38,24.59,0.51,0.515
3342,8.87,18.19,1.45,0.702
3352,5.99,13.73,0.58,1.318
3362,10.37,42.03,1.98,1.46
3369,6.63,24.48,0.91,0.529
3378,11.55,35.58,2.87,1.44
3391,7.88,22.7,0.99,0.716
3400,10.12,12.48,1.67,0.8
3405,4.36,13.57,0.57,0.024
3406,9.14,15.87,1.31,0.693
3410,9.24,14.57,1.33,0.674
3414,4.95,18.71,0.73,0.17
3416,8.98,10.48,1.21,0.44
3418,8.73,48.16,1.04,1.13
3419,2.04,34.04,0.82,1.019
3423,9.66,14.15,1.66,0.684
3424,9.11,11.76,1.14,0.496
3428,10.97,23.62,2.28,1.32
3434,7.63,13.46,1.61,0.491
3436,6.01,18.76,0.92,1.107
3438,6.92,12.96,0.86,0.311
3441,9.34,10.94,1.23,0.589
3443,8.57,12.92,1.23,0.589
3451,7.57,10.1,0.66,0.509
3453,9.04,10.82,1.43,0.545
3455,4.77,15.54,0.82,0.998
3463,9.05,11.66,1.44,0.566
3465,8.84,10.08,1.2,0.515
3466,8.61,13.2,1.14,0.552
3468,9.34,10.33,1.32,0.651
3470,8.28,15.37,0.66,0.571
3479,7.78,30.58,1.08,0.664
3483,7.58,13.76,1.03,0.516
3488,8.13,12.31,0.72,0.414
3489,6.06,11.89,0.67,0.446
3493,10.74,29.58,2.21,1.406
3496,9.81,13.01,1.77,0.758
3497,6.55,45.76,0.56,0.655
3502,8.7,12.85,1.27,0.771
3505,5.22,35.92,0.69,0.35
3509,6.9,21.8,0.62,0.492
3512,9.36,16.65,1.29,0.835
3521,5.94,15.01,0.71,0.297
3527,6.15,22.09,0.65,0.524
3531,10.91,18.75,2.3,1.206
3533,7.19,26.87,0.63,0.76
3535,8.03,45.43,0.95,0.983
3540,7.01,24.27,0.88,0.537
3551,9.93,20.12,1.64,0.96
3553,9.25,13.63,1.26,0.666
3556,11.91,25.97,2.73,1.48
3559,6.15,31.39,1.03,0.603
3571,10.99,27.96,2.08,0.668
3572,5.64,11.24,0.55,0.078
3576,6.47,11.38,1.1,0.314
3578,7.88,25.89,1.06,0.677
3579,9.74,19.99,1.06,0.905
3583,5.8,66.92,0.73,0.635
3587,7.54,23.1,0.78,0.545
3588,7.89,62.41,1.6,1.251
3589,7.63,20.56,1.69,0.517
3597,7.57,16.37,0.97,0.497
3600,9.18,12.45,1.36,0.642
3601,9.86,11.75,1.19,0.787
3603,8.65,15.8,1.16,0.637
3617,7.15,14.1,0.9,0.964
3629,9.14,14.22,1.27,0.651
3633,9.92,21.51,1.44,0.814
3641,6.39,24.65,0.59,0.424
3643,8.63,17.2,0.99,0.569
3645,7.57,35.74,2.71,0.822
3669,9.74,15.71,2.2,0.843
3675,5.51,12.45,0.81,0.987
3693,4.08,17.98,0.83,1.1
3704,7.85,19.99,0.94,0.539
3716,9.19,13.96,1.38,0.666
3722,8.74,10.83,1.14,0.83
3723,9.15,10.34,1.42,0.628
3729,10.59,12.89,1.86,0.938
3730,6.51,17.41,0.87,0.521
3734,7.73,12.25,1.03,0.512
3745,8.89,16.87,1.39,0.774
3747,10.87,16.7,1.74,1.066
3750,5.86,14.65,1.35,1.01
3757,12.05,38.91,4.52,1.506
3765,5.74,134.04,0.86,0.89
3773,9.56,14.86,1.38,0.66
3777,8.16,12.85,1.0,0.654
3781,5.09,15.94,0.48,1.345
3786,4.44,10.69,0.78,1.5
3788,6.78,15.91,0.98,0.348
3795,7.6,16.28,1.21,0.614
3810,5.07,41.8,0.75,0.502
3813,10.76,46.32,2.06,1.426
3821,3.46,167.99,0.62,0.587
3829,12.37,226.95,5.35,0.554
3832,7.56,19.48,0.76,0.505
3834,5.9,17.7,0.99,0.944
3855,10.57,19.47,1.99,0.602
3849,5.59,10.02,0.86,1.325
3850,7.15,53.09,1.02,0.769
3857,7.78,14.85,1.32,0.594
3859,8.02,18.65,1.04,0.571
3860,10.42,16.59,1.54,1.023
3864,8.1,13.04,1.11,0.595
3865,6.66,11.53,1.62,0.277
3870,9.79,14.23,1.53,0.733
3876,7.75,46.47,0.7,0.9
3879,9.5,35.95,1.22,1.157
3890,9.06,19.5,1.08,0.734
3897,7.26,10.27,0.95,0.609
3903,6.49,10.31,0.82,0.286
3909,5.17,64.69,1.03,0.514
3911,7.94,16.94,0.61,0.522
3913,10.41,14.41,1.77,0.959
3919,6.13,11.01,0.76,0.043
3924,7.98,18.41,0.79,0.562
3930,10.15,21.34,1.66,0.909
3949,5.24,13.06,0.59,0.356
3952,9.26,10.13,1.03,0.705
3956,9.65,11.7,1.59,0.62
3961,6.86,25.74,0.62,0.447
3963,8.12,10.63,1.17,0.494
3965,6.38,15.0,0.72,0.307
3973,7.63,10.82,0.93,0.61
3979,6.98,45.27,0.97,0.663
3990,8.74,11.1,1.27,0.601
3995,6.89,12.14,1.02,0.49
3998,9.22,45.71,1.66,1.194
3999,7.14,19.09,0.92,0.593
4003,9.87,16.93,1.06,0.954
4005,7.28,18.78,0.88,0.559
4010,9.71,20.84,1.61,0.857
4012,10.66,54.23,2.12,1.363
4016,8.1,15.96,0.94,0.66
4022,8.95,65.81,1.44,1.29
4024,9.77,26.54,1.51,1.069
4025,6.7,11.24,0.88,0.339
4041,8.45,24.87,0.82,0.78
4045,9.67,11.43,1.39,0.641
4049,6.89,11.66,1.54,0.362
4055,10.49,10.16,1.23,0.817
4056,7.86,10.25,1.05,0.486
4061,11.53,33.9,3.02,1.44
4062,8.69,13.03,0.75,0.586
4067,11.8,36.34,3.0,1.465
4072,7.13,18.48,1.47,0.53
4073,7.64,11.63,1.11,0.479
4084,6.67,16.33,1.59,0.518
4087,7.28,10.73,0.99,0.493
4093,7.84,14.21,1.19,0.654
4103,8.36,25.86,1.16,0.707
4120,8.5,23.39,2.04,0.4
4127,6.76,23.82,0.87,0.595
4131,8.21,13.7,0.97,0.624
4137,10.01,14.19,1.79,0.757
4144,7.76,19.44,0.94,0.576
4145,9.11,11.82,1.26,0.571
4146,8.58,10.42,1.27,0.415
4148,7.15,71.01,0.78,0.936
4151,4.8,53.85,0.6,0.54
4157,7.61,11.6,0.65,0.678
4164,6.44,13.43,1.02,0.439
4166,9.53,14.96,1.68,0.8
4168,8.83,12.76,1.27,0.575
4171,7.42,10.16,0.93,0.362
4194,8.92,21.15,1.37,0.722
4195,8.69,17.16,1.2,0.642
4202,8.25,10.12,1.09,0.372
4205,7.19,22.41,1.63,0.622
4212,6.27,11.72,0.75,0.191
4223,11.11,38.16,2.48,1.435
4225,9.26,11.01,1.4,0.672
4242,8.94,14.46,1.25,0.816
4261,7.92,12.43,0.82,0.483
4273,7.94,11.12,1.46,0.506
4283,5.59,13.3,0.57,0.105
4288,5.46,25.69,1.29,1.012
4290,7.41,33.92,0.91,0.652
4291,6.68,20.41,0.58,0.987
4293,5.45,15.52,0.52,1.095
4301,7.59,12.66,0.93,0.481
4303,7.96,10.32,1.07,0.241
4308,9.09,13.39,1.48,0.625
4310,7.92,20.24,1.19,0.991
4311,6.73,18.77,0.96,0.5
4312,10.62,23.01,1.81,1.15
4319,9.44,11.08,1.54,0.592
4328,12.38,39.56,3.38,1.47
4329,7.2,10.4,0.78,0.201
4332,8.67,12.22,1.1,0.7
4333,7.86,10.19,0.89,0.498
4353,9.42,32.77,1.71,1.163
4366,6.08,11.94,0.74,0.133
4376,8.18,16.72,1.1,0.53
4385,7.74,14.27,1.06,0.47
4387,8.67,14.31,1.28,0.63
4392,8.5,12.24,1.15,0.573
4393,7.53,24.39,0.87,0.667
4394,10.1,20.42,1.21,0.942
4395,7.17,22.34,0.65,0.808
4403,8.35,12.83,1.05,0.542
4417,9.93,16.15,1.64,0.851
4418,10.14,19.0,1.74,0.967
4420,8.88,13.81,1.21,0.568
4422,4.62,15.84,0.58,0.957
4423,8.36,14.75,1.33,0.631
4436,3.86,23.93,1.22,0.13
4443,11.13,41.73,2.29,1.43
4446,6.39,16.73,0.65,0.375
4448,8.99,22.95,2.16,1.02
4454,9.12,41.45,1.01,1.025
4457,7.94,11.39,0.98,0.546
4463,4.4,13.44,0.75,0.94
4468,10.77,34.4,1.91,1.3
4471,8.47,16.66,1.07,0.581
4473,9.5,51.66,1.07,1.299
4478,9.45,20.88,1.26,0.854
4482,10.0,21.29,1.74,0.987
4484,8.25,10.55,0.84,0.415
4485,8.69,10.31,1.12,0.482
4493,8.61,11.16,1.47,0.572
4506,7.6,11.98,1.23,0.418
4521,9.39,12.49,1.52,0.734
4525,7.75,14.44,0.98,0.418
4531,8.56,13.97,1.12,0.696
4536,8.18,14.75,1.1,0.559
4540,7.07,17.11,2.07,0.455
4552,5.99,17.19,0.83,1.0
4566,7.33,10.8,0.84,0.499
4569,11.77,76.32,2.88,1.558
4582,7.57,16.31,0.88,0.503
4587,5.62,10.35,0.96,0.949
4592,6.57,11.03,0.79,1.136
4613,8.0,14.47,1.12,0.5
4617,7.86,21.38,0.71,0.557
4619,7.65,12.6,1.19,0.513
4637,6.9,17.31,0.84,0.41
4643,10.56,20.85,2.04,1.086
4647,8.22,11.92,0.95,0.592
4663,9.23,12.36,1.33,0.737
4668,9.26,16.85,1.07,0.831
4673,9.35,19.87,2.56,0.821
4676,7.35,10.98,0.85,0.46
4691,9.96,30.39,1.75,1.107
4696,7.25,10.89,1.03,1.019
4699,10.06,23.96,1.65,1.047
4702,8.01,12.39,1.09,0.657
4708,8.11,13.43,1.05,0.488
4727,9.56,20.54,1.42,0.877
4737,7.74,11.34,1.12,0.543
4739,9.56,10.44,1.44,0.555
4740,10.76,12.07,1.8,0.745
4742,7.68,11.92,0.92,0.876
4747,7.34,24.76,0.86,0.547
4749,8.62,14.22,1.17,0.756
4750,10.08,10.89,1.61,0.567
4752,8.94,10.96,1.2,0.762
4764,9.43,16.47,2.47,0.668
4772,6.91,22.23,0.64,0.65
4775,7.87,13.85,1.51,0.558
4794,6.61,13.28,0.79,0.905
4801,6.47,11.76,0.87,1.184
4807,7.94,13.98,0.87,0.407
4809,6.71,13.94,0.9,0.783
4812,7.73,11.21,0.9,0.389
4815,8.23,16.58,1.07,0.626
4824,10.49,32.06,2.18,1.226
4830,8.33,10.9,0.94,0.598
4833,8.27,12.5,1.0,0.577
4845,10.06,46.22,4.48,1.365
4849,8.16,46.61,1.61,1.008
4852,5.5,14.39,0.73,0.083
4855,7.91,31.35,1.28,0.799
4856,9.98,122.77,1.23,1.501
4864,8.46,15.3,0.88,0.619
4868,6.88,22.39,0.87,0.448
4872,9.56,99.44,1.39,1.463
4874,9.84,22.04,1.68,0.919
4877,9.93,18.15,1.89,0.859
4878,6.83,16.55,0.78,0.498
4882,7.7,20.35,0.78,0.591
4886,9.52,11.43,1.69,0.77
4890,5.39,13.86,0.61,0.9
4892,8.52,16.88,1.07,0.572
4893,7.21,14.49,0.94,0.406
4895,10.31,12.67,1.28,0.739
4900,10.81,24.14,2.69,1.47
4904,8.29,14.9,0.85,0.543
4906,4.27,17.14,0.81,0.952
4907,7.67,38.73,0.78,0.756
4909,8.52,18.29,1.35,0.649
4927,11.36,61.23,5.26,1.59
4934,6.81,12.44,1.11,0.48
4951,9.2,11.52,1.55,0.665
4952,7.8,11.18,0.99,0.775
4954,9.75,15.12,1.49,0.814
4958,8.86,14.08,1.18,0.552
4966,8.44,22.56,0.73,0.6
4967,10.89,31.96,2.22,1.137
4979,6.06,17.66,0.72,0.271
4981,9.11,17.37,1.27,0.577
4989,7.19,16.66,0.89,0.442
4997,7.28,11.96,0.84,0.446
5004,10.25,16.28,1.76,0.764
5012,8.24,13.66,0.92,0.489
5016,6.84,16.06,0.71,0.528
5018,11.56,17.76,2.65,1.61
5021,5.83,12.47,0.63,0.569
5027,9.78,38.99,1.88,1.194
5031,9.15,25.48,1.14,0.801
5034,6.2,23.82,0.87,0.443
5041,10.02,34.39,1.68,1.28
5045,6.77,11.85,0.88,0.328
5046,8.24,11.53,1.14,0.52
5047,8.44,10.4,0.98,0.538
5054,7.72,24.8,0.89,0.613
5061,8.97,13.64,1.3,0.564
5073,7.93,13.07,1.1,0.543
5078,7.77,10.25,0.91,0.403
5081,5.64,18.28,0.79,0.42
5097,9.3,10.02,1.27,0.449
5099,7.18,18.21,0.82,0.421
5106,8.29,18.19,0.98,0.6
5110,8.66,37.6,2.02,1.197
5114,10.08,22.78,1.2,0.964
5121,6.09,10.58,0.72,1.012
5122,8.77,11.19,0.83,0.762
5131,5.33,13.67,1.47,0.003
5132,5.55,14.67,1.72,-0.048
5134,8.97,15.81,1.16,0.644
5136,9.58,15.62,1.53,0.749
5137,8.3,10.9,1.14,0.501
5141,6.35,21.87,1.03,0.383
5144,7.26,22.69,1.03,0.484
5158,10.16,22.32,2.12,1.078
5163,9.5,12.72,1.35,0.603
5176,8.15,20.84,1.0,0.656
5178,11.2,14.48,1.89,1.035
5182,8.73,12.62,1.79,0.5
5183,8.12,12.57,1.08,0.607
5184,10.12,15.45,1.51,1.029
5186,6.52,14.39,0.66,0.214
5189,8.2,13.56,1.04,0.606
5191,9.5,20.01,1.32,0.907
5207,7.22,17.23,0.8,0.448
5209,6.93,15.31,0.93,0.301
5215,11.45,45.24,2.56,1.473
5224,8.84,33.98,1.07,0.925
5231,7.97,10.04,1.05,0.216
5240,6.41,10.26,0.67,1.188
5244,7.22,12.95,1.28,0.334
5245,8.96,18.53,2.04,0.84
5247,9.0,66.46,1.27,1.289
5255,8.89,10.6,1.27,0.764
5253,7.02,20.28,1.29,0.56
5259,6.36,13.96,0.9,0.238
5260,10.66,34.85,2.2,1.396
5266,11.43,20.54,1.5,1.54
5268,5.36,11.68,0.5,0.884
5269,7.26,12.19,0.81,0.403
5271,8.09,11.11,1.0,0.417
5273,10.58,21.01,1.61,1.009
5276,7.24,19.97,0.85,0.541
5280,7.01,29.65,0.71,0.567
5286,8.41,48.2,1.06,1.122
5291,7.93,14.15,1.45,0.775
5295,9.26,12.39,1.45,0.589
5296,5.71,20.97,0.66,0.446
5300,5.21,16.48,0.61,0.159
5301,8.45,18.18,0.96,0.662
5304,8.03,16.81,1.01,0.725
5310,5.56,20.23,0.81,0.121
5311,9.37,11.39,1.35,0.561
5313,7.78,26.79,0.9,0.621
5315,6.44,21.53,0.83,0.847
5317,5.04,16.61,0.73,0.109
5319,6.23,23.87,0.78,0.398
5321,7.48,10.3,0.61,0.246
5333,7.61,11.77,0.89,0.362
5335,7.61,30.84,0.86,0.71
5336,5.17,132.4,0.6,0.704
5339,6.86,12.13,0.85,0.371
5346,5.51,27.84,0.88,0.334
5348,3.94,11.66,0.77,-0.12
5350,8.74,11.07,1.15,0.658
5363,6.89,11.5,1.09,0.292
5364,3.46,27.73,0.71,1.161
5369,10.56,35.99,1.69,1.256
5372,4.24,10.43,0.5,1.213
5373,8.63,28.33,1.3,0.837
5381,8.95,14.58,0.91,0.529
5382,8.77,10.1,1.27,0.495
5383,8.2,12.24,1.76,0.501
5389,9.1,21.57,1.27,0.764
5395,7.86,10.41,0.91,0.651
5410,12.38,46.11,3.65,1.53
5428,7.14,10.32,0.82,0.464
5430,7.55,10.05,0.82,0.413
5440,6.65,13.24,0.75,0.439
5441,8.42,10.17,0.94,0.481
5443,11.38,26.61,3.57,1.435
5447,2.07,16.36,0.76,1.576
5456,9.27,11.94,1.24,0.576
5459,9.24,16.69,1.33,0.759
5462,8.8,20.21,0.84,0.672
5469,8.57,11.01,1.34,0.541
5488,6.98,12.21,0.64,0.309
5489,9.2,12.12,1.04,0.574
5490,9.58,17.12,1.53,0.821
5493,5.67,18.98,0.71,0.603
5496,9.8,122.86,7.53,1.568
5500,8.31,10.94,0.93,0.454
5514,7.98,10.91,0.87,0.47
5518,5.32,10.26,0.57,-0.014
5521,7.66,37.34,0.91,0.73
5527,9.08,20.0,1.33,0.771
5529,8.06,27.87,0.69,0.849
5531,6.55,17.41,0.67,0.553
5534,7.23,25.25,0.9,0.568
5537,8.56,10.26,0.96,0.476
5542,4.34,23.73,0.68,0.17
5549,8.78,13.4,0.76,0.602
5552,8.35,10.71,1.11,0.466
5564,10.62,15.03,1.94,0.944
5578,7.48,24.65,0.91,0.589
5586,4.51,20.11,0.87,1.092
5607,8.86,10.31,1.31,0.575
5623,7.17,16.15,0.6,0.587
5626,5.6,11.98,0.52,0.008
5629,11.35,18.76,2.72,1.22
5631,6.89,29.64,0.81,0.494
5634,9.43,12.13,1.38,0.758
5636,6.54,14.04,0.81,0.468
5644,7.74,22.01,0.96,0.687
5643,12.1,269.05,7.57,1.85
5646,6.55,19.17,0.92,0.454
5647,8.71,31.12,1.52,0.931
5651,7.63,16.91,1.15,0.471
5661,5.95,13.62,0.71,0.281
5663,9.55,45.4,1.55,1.267
5674,7.3,12.94,1.28,0.38
5681,8.58,10.17,1.37,0.487
5682,7.41,16.49,1.02,0.551
5684,7.24,22.36,0.79,0.77
5685,7.86,18.68,1.05,0.578
5697,8.95,21.71,1.25,0.685
5699,10.09,14.41,1.62,0.968
5700,8.53,15.24,0.79,0.647
5709,7.26,18.95,0.83,0.424
5710,8.68,17.14,1.41,0.762
5713,9.63,13.59,2.01,0.62
5728,8.08,11.88,1.08,0.488
5729,8.75,13.17,0.85,0.499
5737,5.21,22.09,2.04,0.32
5740,9.37,14.45,1.41,0.603
5741,9.1,29.3,1.17,1.035
5745,8.47,23.55,1.01,0.446
5752,7.69,10.93,1.14,0.571
5754,7.15,14.74,0.77,0.428
5763,9.82,32.62,1.38,1.22
5764,6.88,14.68,1.0,0.312
5765,7.05,12.7,0.92,0.584
5769,8.69,11.97,1.25,0.544
5777,8.35,14.33,0.98,0.55
5784,7.18,23.31,0.86,0.546
5796,9.43,11.22,1.21,0.634
5799,5.14,41.01,0.89,0.448
5806,7.5,25.96,0.77,0.575
5807,8.8,10.59,1.28,0.537
5812,11.16,60.76,1.94,1.637
5817,9.03,15.94,0.92,0.762
5829,7.25,11.38,1.66,0.469
5831,9.12,12.28,1.24,0.662
5833,5.7,22.79,0.8,0.428
5834,9.98,11.89,1.48,0.623
5837,8.0,11.79,1.04,0.493
5840,7.34,19.39,1.5,0.473
5841,7.94,11.59,0.91,0.383
5842,7.22,47.36,1.25,1.0
5845,9.12,15.12,1.05,0.629
5853,9.34,15.19,1.43,0.655
5862,4.97,66.43,0.64,0.571
5881,8.87,16.9,1.24,0.671
5891,7.63,16.95,1.18,0.781
5895,8.25,20.84,0.88,0.646
5896,4.25,48.94,0.53,0.48
5898,7.16,17.75,1.11,0.466
5913,7.32,16.95,0.78,0.417
5928,6.2,10.01,0.54,1.114
5932,7.93,11.18,0.94,0.495
5936,6.04,10.36,0.94,1.163
5938,7.55,37.71,1.14,0.753
5943,6.91,16.79,0.57,0.378
5944,6.59,42.3,0.75,0.594
5945,8.0,13.46,0.98,0.512
5947,6.27,13.84,0.52,0.44
5949,7.56,11.19,1.21,0.375
5952,8.47,16.08,1.3,0.61
5951,5.42,12.74,0.72,0.888
5957,10.1,44.03,1.59,1.353
5963,9.62,11.72,1.34,0.662
5965,9.97,20.47,1.68,1.022
5968,9.11,10.52,1.23,0.697
5977,7.03,16.53,0.82,0.415
5980,8.98,15.87,1.32,0.712
5985,6.52,33.68,0.77,0.563
6003,7.91,14.06,1.18,0.533
6005,11.31,60.61,2.38,1.51
6008,10.8,41.14,2.69,1.447
6011,8.2,15.96,1.0,0.542
6018,8.39,10.25,1.2,0.443
6017,7.92,14.87,1.14,0.472
6022,7.88,20.42,0.97,0.556
6024,8.71,13.15,0.85,0.614
6025,6.36,11.78,0.84,1.132
6037,9.75,33.18,2.07,1.008
6038,9.41,15.39,1.44,0.647
6061,5.13,14.83,0.86,0.071
6068,8.64,10.3,1.02,0.471
6097,11.78,45.22,3.65,1.44
6100,7.93,10.54,1.06,0.807
6102,9.95,27.61,1.68,0.927
6104,8.62,11.01,1.18,0.448
6108,7.3,11.41,0.98,0.264
6130,8.0,36.16,1.0,0.78
6134,10.24,12.54,1.67,0.693
6136,8.32,16.36,2.34,0.796
6158,8.2,11.2,1.05,0.716
6159,8.9,14.91,1.23,0.596
6161,7.87,13.64,0.62,0.556
6165,8.88,11.6,0.96,0.543
6177,8.69,31.1,1.37,0.876
6178,8.42,12.93,1.03,0.456
6192,8.52,15.28,1.1,0.587
6193,4.74,10.49,0.77,0.032
6197,8.41,18.88,1.15,0.701
6206,7.65,25.59,0.94,0.622
6212,8.57,11.27,1.04,0.43
6221,7.07,18.84,0.62,0.508
6234,6.7,19.67,1.58,0.584
6237,6.65,20.54,0.92,0.405
6240,8.43,15.43,2.02,0.707
6241,6.95,13.14,0.91,0.352
6251,8.43,18.85,1.11,0.516
6265,7.87,11.22,0.87,0.364
6268,8.26,18.5,1.07,0.597
6271,7.0,20.28,0.82,0.545
6273,7.57,34.73,3.83,0.702
6276,8.43,28.52,1.17,0.791
6278,10.62,21.41,2.42,1.108
6281,9.31,12.96,0.88,0.603
6285,7.21,30.08,0.92,0.586
6290,10.36,52.71,5.18,1.34
6298,8.31,11.57,0.99,0.588
6305,8.79,13.49,1.39,0.566
6306,7.62,16.64,0.85,0.582
6308,7.86,19.48,0.99,0.534
6309,7.83,20.25,1.17,0.661
6312,6.33,13.67,0.62,0.113
6322,8.82,13.43,1.16,0.537
6339,8.46,34.78,1.26,0.916
6342,10.7,37.85,2.2,1.42
6343,8.6,11.16,1.52,0.481
6344,9.67,41.44,1.05,1.292
6347,7.19,10.09,0.61,0.307
6348,7.46,11.74,0.83,0.368
6351,10.15,59.29,1.59,1.383
6365,11.48,42.73,3.53,1.627
6369,6.94,12.26,0.56,0.224
6375,9.69,17.91,1.8,0.824
6376,6.97,12.81,0.92,0.953
6377,7.26,12.38,1.08,0.424
6378,6.37,13.04,0.54,0.283
6379,7.17,59.46,0.59,0.826
6380,8.02,17.12,1.0,0.667
6390,8.76,32.13,1.2,0.97
6391,9.72,14.49,1.48,0.845
6405,6.96,39.07,0.8,0.627
6407,8.61,17.06,1.19,0.638
6411,4.87,16.68,0.7,1.077
6414,10.3,37.1,1.75,1.295
6418,7.03,12.7,0.8,0.34
6422,8.65,12.6,1.06,0.539
6427,6.35,16.82,0.85,0.493
6431,9.5,23.84,2.11,1.024
6440,6.71,11.4,0.71,0.99
6439,7.16,19.52,0.79,0.473
6442,7.47,18.97,0.92,0.681
6448,8.26,15.21,0.96,0.706
6451,6.77,10.81,0.8,1.123
6454,7.3,22.13,0.99,0.829
6455,7.92,27.0,1.05,0.656
6456,7.85,33.09,0.99,0.9
6458,7.75,10.34,1.13,0.92
6462,7.43,10.01,0.99,0.328
6482,9.56,10.88,1.42,0.692
6483,9.88,24.89,1.09,1.003
6485,8.53,20.29,0.93,0.705
6486,6.36,17.34,0.71,0.457
6489,11.1,17.59,2.51,1.18
6490,8.66,13.47,1.31,0.567
6494,8.37,20.73,0.7,0.656
6497,8.16,13.48,1.03,0.661
6498,8.28,12.69,0.99,0.691
6507,6.66,11.16,1.08,0.24
6511,7.7,17.75,0.84,0.553
6510,9.29,15.29,1.65,0.791
6512,6.28,16.98,0.8,0.829
6514,5.6,15.43,0.73,0.276
6527,6.59,20.42,0.78,0.403
6528,7.65,15.84,0.9,0.533
6537,3.6,28.48,0.77,1.065
6539,6.21,14.83,0.77,0.235
6542,8.25,17.06,2.05,0.59
6549,8.96,12.98,1.22,0.71
6551,6.85,20.01,0.87,0.569
6558,9.52,29.6,1.43,1.02
6564,5.92,22.33,0.95,0.407
6572,8.12,16.59,1.06,0.546
6575,8.39,31.77,1.05,0.784
6592,5.42,13.22,0.64,1.03
6596,10.76,17.35,1.82,0.973
6601,8.15,10.77,0.97,0.666
6605,6.17,12.17,0.75,0.959
6607,8.29,24.75,1.22,0.684
6613,8.49,30.24,1.1,0.912
6616,9.91,15.13,1.65,0.791
6624,6.76,10.21,0.95,0.233
6626,9.8,37.93,1.59,1.42
6639,9.48,27.52,1.3,1.026
6643,7.12,22.65,0.82,0.577
6653,7.38,25.35,0.97,0.675
6660,10.29,22.05,1.89,1.06
6665,9.07,10.32,1.17,0.48
6668,8.02,16.62,1.49,0.636
6669,6.18,13.01,0.76,0.447
6670,4.9,11.31,0.68,1.231
6675,8.03,17.28,0.97,0.677
6679,6.99,19.55,0.85,0.441
6682,7.25,10.69,0.91,1.009
6683,7.62,14.14,0.85,0.508
6686,2.66,32.81,0.62,0.16
6692,4.72,16.89,0.56,1.047
6693,7.86,25.95,1.28,0.75
6701,11.01,14.49,1.85,1.623
6702,6.34,26.14,0.79,0.5
6703,8.39,15.15,1.24,0.816
6706,5.35,38.35,0.78,0.395
6711,5.98,24.21,0.74,0.52
6712,8.14,13.31,1.09,0.707
6714,6.44,10.71,0.82,0.947
6729,9.51,12.31,1.18,0.572
6732,5.5,10.63,0.77,1.106
6733,6.9,16.13,0.79,0.387
6744,8.41,24.51,0.99,0.725
6748,5.51,27.55,0.74,0.321
6752,7.52,18.57,0.89,0.549
6758,9.67,14.11,1.64,0.639
6761,8.96,13.5,1.29,0.544
6762,7.96,33.59,0.99,0.738
6768,8.19,10.14,0.81,0.48
6772,8.09,16.24,0.89,0.544
6776,6.27,23.45,0.75,0.453
6780,8.68,10.95,0.9,0.463
6781,8.75,12.49,1.21,0.502
6786,7.27,15.44,0.86,0.418
6791,6.89,10.86,0.86,0.456
6794,6.42,17.91,0.75,0.311
6795,9.14,24.14,1.07,0.86
6796,9.78,26.41,1.44,1.157
6801,8.0,11.18,0.88,0.423
6807,10.4,16.1,1.84,0.895
6812,7.26,10.48,0.6,0.962
6813,4.83,35.33,0.82,0.421
6815,7.01,14.04,1.14,0.625
6833,8.6,19.92,1.04,0.656
6849,7.37,13.23,1.71,0.379
6851,9.47,10.53,1.41,0.727
6854,7.73,17.99,1.04,0.527
6856,9.35,26.92,1.21,0.951
6862,6.9,22.52,0.78,0.505
6867,3.41,13.94,0.64,1.542
6869,6.6,19.99,0.79,0.526
6873,8.04,10.74,1.07,0.53
6875,8.7,10.52,0.76,0.427
6878,6.66,29.26,0.73,0.505
6888,6.59,11.44,0.81,0.303
6890,9.29,24.16,1.3,1.0
6897,7.03,10.77,0.89,0.248
6905,8.85,14.35,1.26,0.557
6909,6.66,12.9,0.9,0.457
6911,7.02,10.09,0.78,1.011
6913,8.4,23.97,0.75,0.708
6914,7.24,17.25,0.63,0.673
6915,6.54,14.29,0.83,0.352
6917,7.74,43.16,0.93,0.966
6938,9.7,10.09,1.41,0.721
6943,7.18,22.04,0.78,0.453
6949,7.69,11.72,0.75,0.839
6950,8.41,11.63,1.14,0.567
6951,8.54,10.18,1.17,0.45
6956,9.51,10.28,1.54,0.649
6959,9.15,10.22,1.32,0.483
6960,5.11,14.72,0.78,0.028
6965,7.17,10.38,0.89,0.375
6969,8.13,11.91,0.98,0.721
6972,10.45,14.6,1.81,1.072
6975,7.62,21.66,1.08,0.556
6978,7.93,23.4,1.03,0.71
6987,8.07,11.35,0.99,0.584
6990,8.01,16.99,0.99,0.656
6993,8.4,14.04,1.13,0.761
6999,5.27,11.26,0.77,0.999
7017,9.41,11.37,1.51,0.629
7018,9.41,28.66,1.41,0.863
7023,8.96,19.94,1.37,0.758
7029,8.52,10.94,0.95,0.575
7034,7.25,15.58,0.83,0.413
7037,8.69,21.03,1.2,0.734
7040,7.91,15.85,0.66,0.601
7050,6.15,11.54,0.59,0.07
7053,10.67,19.95,2.24,1.452
7060,7.76,11.64,0.75,0.624
7076,8.15,22.17,0.98,0.63
7078,5.82,34.19,0.57,0.489
7080,8.03,17.32,0.96,0.76
7081,7.58,11.79,0.95,0.388
7083,3.93,22.15,0.61,0.972
7082,7.24,14.48,0.62,0.893
7086,7.36,12.53,0.72,0.36
7090,7.32,23.18,0.92,0.622
7091,9.17,16.94,0.99,0.78
7097,3.62,11.09,0.82,0.974
7099,7.86,10.67,0.94,0.4
7104,8.19,11.8,0.93,0.515
7106,7.97,14.04,0.73,0.475
7107,8.73,10.11,0.78,0.569
7108,6.85,11.42,0.91,0.26
7109,8.9,12.93,1.21,0.671
7113,7.14,10.5,0.84,0.312
7114,7.39,13.03,0.69,0.397
7115,6.17,10.21,0.7,0.066
7118,5.79,10.74,0.76,1.073
7136,8.06,12.82,0.77,0.413
7142,9.49,16.32,0.99,0.739
7143,6.78,17.15,0.84,0.929
7154,10.37,12.39,1.63,0.658
7158,8.46,22.07,2.88,0.679
7167,9.03,16.64,1.14,0.592
7170,11.16,56.42,2.12,1.492
7183,7.78,20.49,0.81,0.641
7189,6.27,12.41,0.63,0.462
7210,8.69,14.3,1.1,0.557
7211,8.94,16.98,1.09,0.711
7213,5.49,12.29,0.89,1.021
7217,9.04,15.33,1.24,0.623
7221,8.41,19.58,1.01,0.71
7228,10.0,28.69,1.43,1.172
7233,9.37,16.01,1.34,0.737
7235,6.97,51.27,0.88,0.766
7237,8.19,17.92,1.02,0.57
7239,8.28,11.59,0.92,0.476
7240,8.19,17.47,0.89,0.611
7244,7.63,30.13,0.94,0.666
7245,8.35,18.92,1.06,0.68
7254,7.83,28.23,0.94,0.815
7256,7.83,10.96,0.69,0.389
7262,7.43,13.7,0.8,0.34
7276,5.75,33.71,0.72,0.639
7277,7.97,18.99,1.01,0.527
7283,6.46,10.15,0.49,0.107
7284,8.02,14.08,0.93,0.556
7287,11.03,21.63,2.34,1.2
7290,9.88,22.36,2.04,1.072
7294,4.68,15.96,0.68,0.991
7296,9.98,20.73,1.95,0.958
7298,6.91,12.89,0.62,0.314
7303,9.84,13.0,1.7,0.603
7307,8.15,11.78,1.03,0.465
7311,10.16,12.59,1.19,0.86
7333,10.73,24.48,1.95,1.17
7338,10.64,28.7,1.6,1.21
7339,6.52,47.65,0.6,0.686
7345,5.62,16.32,0.75,0.066
7346,9.04,31.98,0.92,0.961
7349,8.19,10.23,0.94,0.98
7357,6.9,27.26,0.91,0.531
7370,6.74,20.91,0.9,0.634
7372,7.11,42.29,1.47,0.909
7386,11.06,17.87,1.81,0.51
7387,6.03,24.72,0.54,0.382
7395,10.17,11.41,1.53,0.765
7396,8.77,28.63,1.12,0.78
7404,7.17,27.36,0.93,0.593
7420,10.97,23.86,2.07,1.283
7422,10.07,10.99,1.14,0.863
7426,8.83,20.46,0.84,0.761
7427,7.79,17.33,0.98,0.567
7429,7.85,20.82,0.79,0.556
7437,9.06,10.43,1.34,0.587
7441,9.38,19.39,1.33,0.949
7443,6.43,26.54,0.68,0.415
7446,7.15,23.3,0.86,0.712
7447,5.95,16.75,0.82,0.259
7456,6.78,13.33,1.61,0.465
7459,10.1,11.63,1.19,0.524
7463,5.69,16.13,0.97,0.335
7467,8.83,21.22,1.32,0.761
7480,8.61,11.96,1.03,0.607
7500,9.23,30.75,1.39,1.104
7513,4.1,74.25,0.72,0.536
7532,8.19,10.41,1.06,0.618
7535,5.54,29.58,1.42,0.347
7537,7.92,12.64,0.8,0.508
7539,8.14,29.72,1.08,0.83
7549,7.08,11.31,0.93,0.671
7554,10.39,45.79,1.63,1.416
7564,6.99,23.8,0.86,0.9
7570,10.36,16.93,2.01,1.09
7576,7.66,42.35,0.96,0.797
7579,9.59,16.56,1.34,0.699
7580,6.24,26.15,0.81,0.528
7585,6.77,38.86,0.83,0.648
7586,9.01,10.94,1.24,0.56
7588,0.45,22.68,0.57,-0.158
7589,6.77,15.53,0.97,0.471
7599,7.33,25.39,0.62,0.629
7601,5.88,36.86,0.52,0.62
7607,3.59,18.76,0.74,1.275
7612,8.18,12.46,0.99,0.646
7613,8.41,12.9,0.79,0.614
7626,9.4,20.45,1.51,0.81
7628,7.28,11.08,0.73,0.342
7636,8.65,26.3,1.66,0.848
7643,5.94,10.1,0.68,1.045
7646,11.6,52.95,2.92,1.496
7649,6.67,11.91,0.66,0.33
7655,10.74,28.69,3.28,1.101
7663,7.97,10.51,1.04,0.376
7664,8.41,10.45,1.02,0.399
7669,7.35,18.95,0.91,0.465
7679,5.58,14.21,0.77,0.346
7687,9.37,25.82,1.56,0.794
7692,7.93,10.21,1.15,0.318
7699,7.08,20.37,0.61,0.466
7705,8.92,19.12,1.25,0.76
7719,5.01,13.46,0.76,0.883
7728,9.04,14.61,1.18,0.721
7733,7.74,29.41,0.91,0.733
7734,6.6,46.73,0.8,0.69
7741,8.19,11.48,0.96,0.49
7743,9.87,24.92,1.52,1.151
7744,8.53,22.58,1.05,0.773
7747,8.15,10.66,1.0,0.548
7748,9.81,36.72,1.09,1.148
7751,5.76,122.75,1.41,0.88
7759,7.85,21.16,0.96,0.607
7764,8.83,13.82,1.11,0.61
7766,10.18,15.79,1.51,0.923
7776,11.9,25.28,3.3,1.461
7789,9.16,13.46,1.21,0.569
7794,10.18,29.91,1.8,1.17
7799,9.13,20.01,1.72,0.695
7805,7.62,15.02,0.69,0.42
7808,8.09,14.41,1.0,0.552
7814,8.51,11.66,0.73,0.59
7817,11.6,24.1,2.54,1.607
7819,6.34,17.99,0.84,0.401
7821,8.09,16.1,0.96,0.645
7822,7.92,28.29,0.94,0.714
7823,8.57,13.66,1.04,0.584
7824,10.66,16.33,2.02,1.379
7825,5.63,12.15,0.87,0.214
7828,11.06,18.7,2.29,1.163
7829,10.16,33.63,1.64,1.223
7830,8.92,24.18,1.26,0.905
7840,8.94,17.25,1.26,0.666
7844,9.94,11.84,1.57,0.67
7849,8.71,12.54,1.1,0.695
7852,8.48,19.37,1.19,0.699
7855,7.4,13.73,1.02,0.634
7858,11.64,23.7,2.56,1.408
7860,8.09,23.73,0.93,0.735
7863,8.71,13.34,1.21,0.659
7869,8.33,14.01,0.74,0.535
7874,6.2,17.86,0.88,0.459
7875,9.09,16.75,1.37,0.763
7885,8.67,14.68,1.04,0.647
7886,6.2,23.87,0.65,0.404
7896,9.31,12.38,1.24,0.69
7902,7.7,27.28,0.96,0.691
7910,9.22,15.0,1.38,0.798
7916,5.75,26.83,0.96,0.443
7917,8.99,10.95,1.52,0.617
7918,4.96,79.09,0.83,0.618
7924,8.6,18.51,1.19,0.763
7929,8.88,14.66,1.4,0.54
7930,10.28,21.4,1.83,1.16
7934,8.93,11.52,1.2,0.64
7935,8.9,12.55,1.11,0.467
7941,5.7,10.71,0.71,-0.01
7943,5.63,12.61,0.68,-0.059
7949,7.53,21.08,0.68,0.586
7955,5.25,15.02,0.72,1.044
7959,8.99,11.66,1.41,0.596
7961,7.45,20.45,0.99,0.617
7971,7.95,10.44,1.28,0.438
7974,8.34,11.52,0.88,0.962
7978,5.52,57.63,0.64,0.551
7981,5.24,133.91,0.91,0.836
7987,7.29,10.41,0.99,0.284
7990,8.4,22.59,0.82,0.714
7992,7.92,10.68,0.76,0.506
8016,5.18,11.62,0.54,-0.022
8018,7.22,14.95,0.68,0.71
8033,10.83,16.7,2.03,1.027
8035,9.13,24.3,2.1,0.874
8039,8.23,30.58,2.09,0.853
8043,10.4,48.11,2.01,1.46
8044,6.33,18.04,0.79,1.02
8051,10.93,88.86,1.99,1.525
8055,11.13,15.11,2.17,1.183
8060,8.43,14.55,1.15,0.564
8070,8.42,74.45,1.11,1.202
8073,9.83,11.23,1.37,0.743
8099,8.74,10.9,1.12,0.489
8102,3.49,274.17,0.8,0.727
8109,7.27,22.38,0.87,0.601
8115,6.18,12.63,0.77,0.131
8119,9.71,14.23,0.94,0.78
8121,8.11,17.29,1.09,0.635
8122,6.73,13.95,0.75,0.247
8128,8.74,21.09,1.17,0.685
8130,10.21,11.33,1.44,0.498
8151,7.84,11.95,0.97,0.369
8159,6.27,30.71,0.81,0.72
8161,9.77,16.65,1.37,0.804
8162,9.59,10.29,1.4,0.685
8187,9.15,11.82,1.5,0.565
8188,8.51,14.28,1.16,0.609
8190,11.42,40.43,2.67,1.33
8193,9.56,13.56,1.04,0.665
8194,7.51,10.43,0.89,0.32
8195,11.39,31.08,2.29,1.412
8198,4.26,12.63,0.86,0.942
8209,5.29,36.46,1.01,0.395
8219,9.89,11.38,1.7,0.787
8220,10.13,24.49,1.95,1.104
8221,9.17,14.72,1.26,0.78
8224,9.48,29.96,1.44,1.126
8232,8.71,19.4,1.25,0.657
8233,6.38,23.16,0.81,0.366
8241,5.04,17.54,0.62,0.031
8250,8.37,11.18,1.08,0.428
8251,9.35,12.68,1.23,0.748
8258,7.87,13.46,1.04,0.539
8273,7.35,11.61,0.64,0.803
8275,8.91,43.37,1.38,1.044
8285,8.13,18.61,1.01,0.626
8286,9.25,10.03,1.0,0.681
8288,7.35,14.29,0.97,0.606
8296,6.7,10.08,0.86,0.07
8298,10.09,15.38,1.89,0.695
8299,9.43,10.6,0.93,0.588
8311,8.67,11.66,1.12,0.578
8339,7.84,11.04,0.99,0.408
8346,8.98,25.79,1.28,0.795
8349,8.22,12.64,1.13,0.517
8360,8.41,13.02,1.01,0.53
8361,9.74,30.78,1.6,1.144
8362,5.63,100.24,0.68,0.804
8366,6.05,16.13,0.52,0.338
8370,6.33,17.15,0.78,0.461
8382,12.24,48.23,4.35,1.695
8387,5.86,11.37,0.76,-0.039
8389,10.69,14.02,1.79,0.916
8392,8.43,11.35,1.11,0.515
8394,9.24,13.33,1.04,0.763
8398,7.13,22.16,0.77,0.637
8399,7.35,11.35,0.88,0.681
8414,8.5,10.09,1.49,0.2
8423,5.94,10.57,0.72,0.975
8426,9.09,18.56,1.36,0.804
8431,7.57,10.89,0.82,0.43
8433,5.78,36.65,0.73,0.572
8438,9.69,19.97,1.72,0.8
8444,8.76,12.01,1.22,0.534
8448,7.58,10.29,0.87,0.333
8449,9.94,11.21,1.34,0.759
8453,11.04,31.33,1.98,1.312
8454,7.37,10.29,0.99,0.262
8467,8.18,16.35,1.16,0.54
8476,8.14,17.34,1.07,0.627
8479,8.87,10.54,1.19,0.544
8486,6.72,43.47,4.48,0.654
8497,4.66,42.35,0.87,0.333
8498,7.93,20.46,0.91,0.664
8504,8.23,10.79,1.5,0.513
8506,8.16,13.56,0.99,0.537
8507,8.89,15.89,1.17,0.658
8514,6.37,36.89,0.72,0.523
8517,9.49,16.17,1.37,0.732
8522,8.56,19.04,1.21,0.648
8524,7.43,10.97,1.01,0.621
8525,8.07,25.18,1.55,0.856
8527,8.47,13.16,1.05,0.592
8533,9.39,10.77,1.25,0.892
8539,8.5,11.18,1.31,0.627
8543,8.06,37.33,0.97,0.758
8548,7.07,23.26,0.9,0.569
8557,7.96,10.52,0.97,0.521
8564,7.57,18.03,1.04,0.468
8567,7.58,14.2,0.93,0.413
8578,9.51,14.64,1.1,0.74
8582,8.96,20.29,1.25,0.78
8588,5.92,23.46,1.02,0.302
8587,8.45,11.72,1.25,0.588
8593,5.94,13.37,0.64,0.154
8597,7.72,10.27,1.06,1.084
8598,5.96,22.42,0.67,0.419
8605,8.35,14.82,1.09,0.544
8623,9.19,11.87,0.9,0.525
8625,7.2,14.41,0.91,0.47
8645,3.74,12.59,0.85,1.136
8650,7.2,11.73,1.0,0.316
8653,8.61,22.83,1.33,0.644
8661,7.18,14.86,0.94,0.359
8674,8.96,18.3,1.39,0.693
8691,11.8,56.35,3.05,1.475
8694,7.43,10.61,0.83,0.539
8701,8.95,32.38,0.87,0.888
8709,12.44,63.08,3.79,0.17
8711,8.1,10.83,0.7,0.436
8717,9.04,16.3,1.37,0.639
8719,7.63,12.28,0.77,0.549
8722,8.08,12.7,0.94,0.421
8726,11.37,16.68,2.46,1.29
8728,9.6,25.59,1.39,0.958
8734,6.89,18.03,0.8,0.44
8744,10.36,15.94,1.26,0.949
8753,10.08,20.46,1.51,1.095
8758,8.8,13.31,1.1,0.618
8766,10.09,17.16,1.66,0.918
8768,8.89,90.17,1.37,1.424
8770,7.51,18.58,0.97,0.607
8792,8.2,13.95,1.02,0.525
8795,8.45,10.67,1.19,0.496
8796,3.42,50.87,0.82,0.488
8798,7.43,26.56,1.06,0.635
8799,8.76,16.32,0.86,0.727
8805,7.05,11.75,1.13,0.42
8807,8.16,13.68,0.97,0.468
8825,10.35,23.06,1.35,1.131
8830,9.31,24.12,1.34,0.988
8832,3.88,15.96,0.85,-0.047
8833,4.61,17.11,0.77,0.928
8837,4.39,10.15,0.6,1.597
8838,7.73,15.89,0.88,0.55
8841,9.23,13.15,1.3,0.675
8847,6.44,13.61,0.66,0.185
8848,8.33,11.64,0.76,0.682
8859,6.77,23.97,0.97,0.468
8865,9.7,26.57,1.77,1.04
8867,8.47,45.16,1.09,1.01
8872,7.78,12.53,1.19,0.653
8881,9.15,27.05,1.23,0.887
8882,5.12,10.55,0.69,-0.06
8885,10.96,11.31,1.6,1.3
8887,8.07,16.98,1.24,0.711
8903,2.64,54.74,0.75,0.165
8918,8.01,10.85,1.14,0.543
8920,8.98,10.88,1.27,0.559
8923,8.24,13.76,1.07,0.638
8928,4.68,15.04,0.47,0.931
8941,8.14,10.02,1.1,0.242
8957,6.43,18.23,0.93,0.409
8958,9.36,23.17,3.02,0.94
8972,12.04,27.77,3.55,1.453
8983,6.07,21.5,0.53,0.356
8987,9.86,25.75,1.11,1.119
8991,6.15,24.2,0.51,0.448
8998,6.01,25.71,1.73,0.549
9007,3.69,57.19,0.62,0.844
9016,8.39,16.83,1.35,0.589
9021,5.69,10.18,0.78,1.06
9029,8.25,10.71,1.08,0.571
9033,8.42,10.29,1.22,0.434
9035,7.95,11.47,1.34,0.59
9036,8.7,11.62,0.82,0.874
9040,7.72,11.35,0.86,0.5
9044,8.61,50.76,0.78,1.143
9051,7.53,11.79,0.68,0.455
9052,6.93,13.66,0.55,0.38
9056,9.67,13.71,1.29,0.643
9059,9.62,22.05,1.45,0.92
9062,8.93,14.19,1.26,0.611
9073,7.85,30.0,0.92,0.711
9080,10.52,13.26,1.98,0.785
9082,9.22,11.83,1.25,0.594
9085,6.1,37.97,0.61,0.487
9094,6.42,29.43,0.91,0.817
9095,4.82,12.22,0.59,0.864
9121,9.01,12.95,1.14,0.72
9127,9.19,24.79,1.45,0.953
9137,8.01,15.42,1.07,0.519
9141,8.07,23.61,1.03,0.651
9146,9.38,13.46,1.29,0.662
9148,8.26,10.86,1.29,0.7
9151,6.87,22.65,0.79,0.499
9153,4.79,24.49,0.78,0.29
9156,10.78,17.85,2.26,1.135
9170,8.52,12.13,1.36,0.608
9172,7.57,31.98,1.71,0.661
9187,10.49,34.07,1.31,1.531
9191,8.58,16.89,1.41,0.648
9197,8.6,16.82,2.26,0.612
9209,7.23,14.56,0.76,0.33
9216,9.18,16.84,1.28,0.679
9222,5.7,13.25,0.71,1.005
9236,2.86,45.74,0.55,0.29
9249,7.31,14.28,0.92,0.493
9252,9.13,12.93,1.4,0.652
9255,10.89,17.43,1.98,1.656
9269,7.14,40.74,0.9,0.773
9271,8.74,10.24,1.09,0.44
9276,8.96,11.64,1.36,0.62
9286,8.73,10.71,1.08,0.622
9291,12.21,83.2,3.68,1.54
9295,6.09,12.12,1.11,0.186
9299,8.85,10.95,1.2,0.645
9308,7.3,14.86,0.61,0.423
9312,5.29,12.69,0.63,0.002
9313,5.57,12.55,0.62,1.052
9316,7.92,13.0,0.72,0.728
9323,9.63,12.73,1.69,0.827
9327,7.23,15.97,0.81,0.435
9339,10.42,18.76,2.07,0.929
9346,8.4,10.48,1.17,0.627
9347,3.99,10.84,0.79,1.554
9349,7.99,22.8,1.18,0.66
9353,5.89,32.18,0.96,0.61
9358,6.89,10.34,0.93,0.337
9365,7.86,10.58,1.04,0.759
9381,7.37,28.54,0.84,0.653
9389,9.05,10.89,1.1,0.641
9398,10.63,25.2,1.55,1.173
9400,8.93,24.32,0.85,0.797
9403,6.72,10.94,1.07,0.137
9404,8.76,23.8,1.21,0.746
9405,8.25,10.81,1.22,0.466
9406,6.92,17.57,0.88,0.96
9408,8.16,11.86,1.23,0.495
9414,6.84,21.86,0.53,0.576
9426,8.17,10.92,1.04,0.478
9434,7.64,13.3,1.5,0.435
9440,5.34,11.71,0.73,0.883
9448,8.46,12.06,1.2,0.552
9452,6.61,15.39,0.77,0.339
9463,10.16,24.83,1.91,1.19
9466,8.57,13.4,1.32,0.531
9469,6.88,13.77,0.52,0.561
9471,9.08,11.08,0.85,0.669
9473,7.06,21.43,0.84,0.51
9477,9.5,10.23,1.4,0.66
9480,4.49,27.91,0.56,0.164
9487,3.82,23.45,1.06,0.024
9488,10.48,25.12,2.54,1.246
9492,7.21,18.56,0.95,0.496
9495,7.71,14.85,0.8,0.446
9497,7.87,15.71,1.87,0.492
9499,8.06,15.49,0.69,0.611
9500,8.22,16.29,1.62,0.83
9519,8.18,21.24,1.28,0.649
9524,7.86,13.73,0.88,0.487
9539,8.73,10.31,1.07,0.455
9543,7.79,12.78,0.94,0.568
9544,7.93,10.2,0.83,0.402
9550,9.21,12.92,1.39,0.662
9553,9.02,31.79,1.17,1.02
9559,8.2,10.87,0.96,0.473
9560,12.26,36.17,4.3,1.441
9563,6.91,10.46,0.93,0.197
9564,6.0,11.49,0.64,0.029
9576,6.88,20.63,1.15,0.664
9583,7.7,21.24,1.9,0.644
9589,5.42,11.31,0.85,0.146
9591,9.52,16.85,1.71,0.842
9598,3.95,20.12,0.56,-0.002
9603,11.16,34.89,2.43,1.427
9610,9.69,12.43,1.01,0.764
9618,9.2,15.18,1.31,0.689
9621,5.64,18.9,0.71,0.537
9624,8.07,11.54,0.67,0.365
9629,8.69,22.16,0.98,0.722
9634,8.34,13.71,1.12,0.431
9642,7.3,20.34,1.04,0.694
9643,8.91,15.62,1.4,0.679
9647,7.19,10.2,0.92,0.526
9649,10.01,15.31,1.12,0.744
9652,8.89,10.92,1.0,0.667
9657,9.51,18.6,1.57,0.865
9659,7.36,22.16,0.93,0.555
9660,9.47,12.6,1.4,0.678
9665,7.68,11.99,0.8,0.367
9672,7.81,15.02,0.83,0.607
9673,9.27,11.26,1.24,0.652
9678,7.5,13.52,1.04,0.461
9683,7.43,26.91,0.83,0.71
9685,6.45,21.17,0.56,0.386
9686,7.27,13.88,1.04,0.418
9704,8.22,11.98,1.7,0.614
9709,8.8,20.35,1.05,0.734
9713,10.05,10.47,1.42,0.563
9714,9.51,19.49,1.52,0.89
9716,7.79,39.16,1.11,0.832
9724,10.19,105.94,2.04,1.514
9726,7.51,15.0,0.95,0.571
9727,5.27,29.8,0.56,0.345
9742,8.68,20.85,1.19,0.684
9749,10.88,44.37,1.97,1.4
9753,9.56,30.57,3.71,1.021
9754,6.99,12.21,0.89,0.508
9762,12.02,26.21,3.7,1.428
9764,10.03,20.89,1.49,1.0
9768,7.47,11.36,0.68,0.436
9769,8.95,21.63,1.45,0.795
9771,9.05,14.5,0.86,0.589
9774,8.55,22.31,1.89,0.885
9782,7.88,12.86,1.06,0.401
9785,6.79,11.48,0.96,0.376
9786,12.15,105.64,3.0,1.719
9788,9.83,34.78,1.43,1.17
9805,7.42,14.0,0.94,0.578
9807,6.74,13.22,0.89,0.311
9820,8.47,13.82,1.31,0.495
9821,9.46,10.75,1.41,0.593
9829,6.89,43.14,0.94,0.662
9836,5.03,17.4,0.88,0.121
9837,8.06,12.05,1.03,0.612
9842,7.74,10.62,0.93,0.559
9846,9.38,11.99,1.12,0.578
9857,9.04,11.03,1.33,0.597
9858,6.75,14.09,0.83,0.186
9862,6.39,12.01,0.84,1.143
9872,8.36,10.72,0.83,0.453
9883,9.21,10.82,1.1,0.695
9884,2.01,49.48,0.99,1.151
9885,7.51,18.83,0.58,0.534
9892,8.64,19.93,0.79,0.701
9902,7.5,22.24,0.63,0.544
9911,6.88,27.04,0.86,0.624
9913,9.6,10.48,1.14,0.685
9920,11.22,22.44,2.61,1.271
9921,9.82,11.6,1.06,0.677
9934,7.53,13.07,1.09,0.309
9939,8.92,11.51,1.3,0.495
9943,7.99,14.07,1.05,0.486
9946,9.48,16.52,1.41,0.686
9951,6.5,11.47,0.67,0.205
9957,9.37,10.37,1.29,0.662
9967,10.01,17.3,1.52,1.075
9974,7.6,17.15,0.88,0.616
9977,4.78,16.48,0.8,0.12
9985,9.55,10.79,1.44,0.622
9989,10.94,24.47,2.22,1.248
9991,7.71,13.13,0.84,0.403
10007,9.0,10.61,1.45,0.566
10010,8.02,12.16,1.09,0.425
10012,9.33,17.87,1.31,0.746
10031,6.57,36.57,0.65,0.551
10033,7.13,14.68,0.99,0.496
10037,10.89,33.44,2.31,1.386
10047,6.97,14.54,1.01,0.408
10050,6.4,25.47,1.06,0.471
10053,4.98,10.19,0.95,0.339
10054,6.05,14.61,0.52,0.118
10061,8.23,13.42,0.96,0.695
10064,3.0,26.24,0.77,0.14
10069,6.48,16.07,0.83,0.289
10072,11.78,50.34,3.34,1.517
10079,7.32,19.49,0.91,0.495
10091,6.93,18.24,0.67,0.907
10096,6.49,14.68,0.68,0.43
10099,6.79,11.31,0.92,0.24
10110,8.51,11.96,1.03,0.515
10116,7.5,17.8,0.62,0.62
10117,8.91,22.27,1.09,0.88
10118,8.52,17.56,1.27,0.578
10123,10.25,15.68,1.85,0.927
10125,9.7,11.34,1.1,0.631
10137,6.66,12.15,0.5,0.335
10138,6.12,91.63,0.61,0.812
10140,8.76,17.66,1.29,0.58
10164,7.06,17.76,0.81,1.004
10175,7.63,20.41,1.75,0.704
10190,8.5,11.77,1.24,0.577
10191,10.15,48.22,3.5,1.43
10201,8.33,12.38,1.23,0.431
10208,9.07,12.68,1.26,0.424
10212,5.64,23.52,0.86,0.569
10215,6.0,20.0,0.94,0.418
10218,7.33,30.76,0.98,0.677
10229,9.52,10.48,0.95,0.642
10245,9.67,18.81,1.4,0.89
10258,9.7,20.55,1.6,1.04
10272,7.71,30.99,1.51,1.133
10276,8.46,29.52,1.17,0.781
10278,7.89,23.02,0.84,0.667
10279,10.04,96.28,1.8,1.431
10280,4.94,10.68,0.92,0.77
10301,8.36,34.97,0.79,0.87
10305,5.65,21.71,1.67,0.546
10306,5.23,33.19,0.85,0.457
10310,8.36,10.19,1.22,0.931
10312,11.1,39.26,2.63,1.455
10321,7.19,38.12,0.89,0.672
10322,7.0,24.38,0.82,0.651
10325,8.68,11.79,1.0,0.86
10329,9.16,10.83,1.47,0.535
10335,10.25,29.71,1.9,1.192
10337,9.84,43.0,1.67,1.346
10339,7.35,39.1,0.91,0.7
10346,8.9,16.27,0.87,0.783
10351,8.68,15.01,1.31,0.554
10353,9.22,12.33,1.34,0.449
10356,6.51,15.02,1.1,0.356
10360,8.56,12.63,1.2,0.322
10363,9.33,18.63,0.88,0.789
10365,8.59,18.62,1.32,0.775
10366,5.31,16.39,0.85,0.926
10373,8.55,10.21,1.09,0.735
10378,7.09,14.96,0.98,0.468
10385,10.87,20.25,2.11,1.097
10395,10.31,80.79,2.81,1.479
10403,6.05,24.07,0.96,0.406
10409,8.21,10.61,1.04,0.461
10412,10.85,16.61,2.22,0.99
10413,9.55,12.24,1.32,0.55
10416,8.55,43.73,1.18,1.055
10419,9.16,12.0,1.68,0.632
10421,9.73,30.6,1.11,1.278
10423,7.66,10.96,0.84,0.48
10426,9.04,10.37,1.22,0.74
10446,6.35,16.82,0.94,0.957
10449,9.08,16.17,1.34,0.582
10454,8.94,10.48,1.32,0.987
10460,8.47,14.77,1.28,0.551
10466,7.19,17.75,0.73,0.439
10474,7.06,12.86,0.88,0.538
10480,8.22,15.2,1.1,0.496
10483,8.25,14.98,1.1,0.551
10492,8.07,23.06,1.09,0.737
10496,9.03,12.6,1.23,0.582
10500,11.88,34.06,3.35,1.47
10505,6.8,37.87,0.96,0.69
10510,8.12,26.89,1.07,0.705
10524,9.55,10.35,1.5,0.61
10529,9.91,42.46,2.51,0.461
10532,9.11,21.72,1.49,0.88
10531,7.13,42.46,2.51,0.92
10535,5.57,20.77,0.89,0.52
10540,5.79,24.93,0.88,0.439
10542,7.94,44.96,1.69,1.033
10543,8.36,14.46,1.0,0.634
10545,8.77,15.82,1.18,0.593
10548,7.3,11.95,0.67,0.976
10552,8.99,26.37,3.69,1.088
10556,11.15,21.18,2.22,1.29
10559,5.25,11.13,0.84,-0.004
10561,8.33,12.65,1.01,0.614
10567,7.5,20.84,0.88,0.534
10570,7.14,11.24,0.67,0.475
10581,8.13,10.15,0.99,0.435
10584,6.91,21.53,0.89,0.623
10587,9.17,15.54,0.81,0.655
10588,8.28,11.66,0.92,0.45
10589,10.58,17.71,1.81,1.097
10599,7.99,29.35,1.13,0.79
10602,3.56,21.06,0.61,-0.12
10611,9.04,16.2,1.01,0.697
10616,9.41,18.18,1.7,0.85
10617,12.02,70.16,2.88,1.583
10619,9.55,11.93,1.66,0.692
10621,7.78,16.81,0.62,0.515
10626,7.61,21.97,0.96,0.642
10629,8.3,25.82,1.07,0.674
10634,8.52,11.72,1.17,0.581
10644,4.84,92.2,0.84,0.607
10652,9.06,14.43,1.33,0.621
10658,7.99,10.91,0.94,0.436
10670,4.03,27.73,0.84,0.019
10672,8.55,15.37,1.29,0.567
10673,6.7,10.35,0.78,0.989
10677,8.22,19.09,2.07,0.628
10680,6.99,25.37,2.84,0.518
10681,7.61,22.55,0.88,0.574
10682,10.93,18.51,2.35,1.058
10683,7.69,10.02,1.38,0.524
10688,11.48,40.4,2.95,1.446
10694,8.1,16.62,0.76,0.646
10701,7.43,11.8,0.88,0.303
10710,8.9,15.0,1.25,0.664
10711,8.89,14.36,1.87,0.8
10712,11.62,36.24,2.67,1.52
10715,8.68,14.76,0.96,0.638
10716,8.25,13.34,0.93,0.5
10723,5.6,40.04,0.92,0.588
10725,8.51,18.04,0.81,0.638
10727,7.67,13.68,1.06,0.369
10741,10.03,23.52,1.86,0.99
10743,7.52,14.95,0.85,0.545
10754,8.91,11.65,0.85,0.524
10757,8.8,10.31,1.41,0.677
10758,8.39,11.4,1.38,0.579
10778,9.98,23.06,1.21,0.897
10779,9.03,14.36,0.87,0.656
10781,7.97,12.43,1.17,0.436
10783,7.67,10.83,1.18,0.405
10786,8.71,14.78,0.84,0.602
10789,11.75,22.2,3.17,1.494
10798,6.33,78.88,0.72,0.724
10810,6.82,29.74,0.94,0.566
10812,11.59,71.56,2.99,1.51
10818,8.48,25.51,1.11,0.74
10819,5.31,12.77,0.7,0.006
10830,6.44,15.5,0.78,0.427
10834,7.73,14.53,0.6,0.501
10842,8.12,26.0,0.68,0.678
10858,9.34,12.07,1.37,0.625
10859,8.5,12.54,0.76,0.484
10864,8.22,27.96,2.5,0.907
10868,7.19,16.14,0.9,0.596
10870,8.52,10.73,1.25,0.556
10874,10.51,27.8,1.17,1.138
10876,9.49,10.99,1.06,0.667
10886,8.1,11.95,1.06,0.757
10890,6.64,17.34,0.77,0.521
10906,7.79,12.57,0.69,0.486
10911,9.67,15.75,1.34,0.766
10915,7.91,15.3,1.22,0.47
10921,9.12,18.4,1.38,0.79
10925,8.67,39.3,1.07,1.031
10933,7.46,11.51,1.03,0.383
10940,7.77,18.53,0.69,0.529
10941,9.84,14.91,1.79,1.047
10945,9.85,13.46,1.5,0.7
10947,10.5,12.89,1.22,0.934
10952,8.79,16.36,1.49,0.849
10960,10.31,34.89,1.66,1.322
10961,6.86,15.0,0.84,0.456
10970,9.3,10.33,1.22,0.555
10972,8.77,14.81,1.24,0.701
10973,9.28,13.91,1.26,0.652
10977,8.82,32.5,1.13,0.918
10978,9.07,13.25,0.77,0.568
10989,9.43,23.73,1.35,0.905
11000,9.07,37.34,1.38,1.079
11001,4.08,24.1,0.51,0.034
11013,7.32,10.2,0.91,0.372
11024,7.9,22.23,1.34,0.644
11027,8.15,11.69,1.22,0.481
11028,8.26,25.23,1.21,0.72
11029,5.43,33.48,0.93,0.364
11046,5.42,11.68,0.86,0.335
11048,9.4,83.93,1.3,1.466
11053,8.46,13.69,1.12,0.715
11071,10.67,20.65,1.46,1.156
11072,5.19,45.6,0.82,0.608
11083,8.83,29.51,1.38,0.906
11090,5.81,21.16,0.74,0.289
11095,5.99,10.26,0.51,1.088
11102,5.9,16.3,0.55,0.213
11111,8.94,26.92,1.07,0.882
11125,8.26,19.07,0.98,0.611
11131,6.96,24.51,1.47,0.566
11134,9.36,17.3,1.73,0.68
11137,8.86,17.45,1.44,0.61
11138,6.64,13.37,0.69,0.216
11139,7.0,11.5,0.9,0.304
11144,8.9,11.84,1.02,0.572
11154,8.61,11.44,1.21,0.496
11157,8.97,18.6,1.58,0.677
11160,7.02,12.98,0.54,0.506
11161,7.93,13.4,0.93,0.419
11181,7.81,12.39,0.7,0.407
11182,10.35,26.69,1.84,1.202
11191,8.05,16.06,1.01,0.515
11192,6.68,16.04,0.8,0.311
11193,7.75,11.08,0.95,1.076
11205,8.82,17.39,1.01,0.734
11218,7.2,18.58,1.11,0.515
11222,6.93,13.63,0.74,0.497
11231,6.17,32.05,0.64,0.653
11237,8.44,11.14,1.27,0.558
11238,8.99,11.58,1.22,0.581
11244,7.91,11.83,0.97,0.46
11245,9.12,11.74,1.31,0.657
11253,8.16,16.88,1.4,0.665
11254,8.8,10.61,1.14,0.695
11258,5.36,20.4,0.5,0.395
11263,8.49,14.91,0.75,0.579
11266,7.42,11.57,0.92,0.9
11270,9.55,12.0,1.29,0.671
11273,11.31,23.52,2.26,1.586
11287,7.67,11.92,0.98,0.546
11305,9.36,17.18,1.38,0.912
11309,7.36,15.05,0.91,0.495
11316,7.94,10.29,1.11,1.02
11317,9.04,28.1,1.24,0.963
11329,7.85,16.66,1.16,0.79
11337,8.36,19.34,0.74,0.636
11348,5.88,15.24,0.95,0.116
11349,7.94,35.86,1.15,0.807
11352,8.0,23.19,1.21,0.741
11355,8.19,13.06,1.32,0.546
11357,9.79,21.81,1.05,0.955
11359,8.65,20.91,1.13,0.704
11360,6.79,22.33,1.05,0.399
11363,8.84,11.59,1.16,0.58
11378,9.68,11.01,1.4,0.733
11381,5.89,11.47,0.73,1.247
11387,9.43,11.71,0.9,0.558
11392,8.72,10.18,1.12,0.531
11398,9.36,13.65,1.31,0.585
11399,10.31,16.03,1.67,1.16
11402,9.1,10.03,1.07,0.528
11410,11.0,19.24,2.29,1.2
11411,8.03,14.3,1.24,0.537
11417,8.43,17.62,1.14,0.739
11427,6.45,27.5,0.87,0.45
11429,7.46,10.83,0.82,0.409
11432,5.55,11.39,1.04,1.114
11433,9.1,24.14,1.18,0.879
11435,8.64,13.85,1.57,0.446
11437,10.12,23.66,2.04,1.205
11439,10.89,48.01,1.94,1.449
11443,9.91,29.13,1.83,0.952
11448,7.59,19.51,0.85,0.537
11449,8.6,14.99,1.22,0.502
11452,8.69,60.22,1.75,1.397
11453,9.33,13.65,1.38,0.746
11457,9.41,10.58,1.35,0.581
11465,6.16,18.84,0.74,0.435
11477,5.13,21.35,0.65,0.089
11476,10.13,22.11,1.07,1.065
11484,4.3,18.53,1.75,-0.053
11485,7.03,12.7,0.87,0.316
11486,5.29,21.01,0.83,0.311
11489,9.75,11.1,1.23,0.701
11493,8.21,12.87,0.81,0.451
11501,8.73,11.77,1.32,0.684
11505,7.78,17.83,0.91,0.65
11507,8.56,21.8,1.45,0.697
11514,8.66,16.81,0.91,0.67
11533,7.91,11.13,1.4,0.422
11537,9.25,17.18,1.23,0.713
11538,7.85,14.45,1.07,0.518
11541,7.5,14.44,0.99,0.57
11542,9.57,38.71,2.17,1.33
11543,7.05,15.06,1.01,0.427
11548,5.89,32.48,0.84,0.591
11553,8.05,11.69,1.07,0.551
11558,12.0,37.55,3.25,1.5
11560,8.79,12.76,1.15,0.57
11565,8.78,52.9,1.95,1.12
11569,4.46,23.04,0.8,0.153
11574,8.84,13.24,1.14,0.647
11575,7.98,11.39,0.8,0.652
11577,9.48,13.37,1.05,0.797
11578,6.2,12.33,0.9,0.155
11585,9.11,12.01,0.93,0.576
11586,7.13,17.14,0.89,0.447
11596,9.47,18.38,1.15,0.822
11598,9.94,18.36,1.1,0.956
11600,7.34,19.45,1.06,1.049
11603,6.09,11.4,0.85,1.022
11622,6.76,11.66,0.78,0.193
11630,8.19,10.1,1.19,0.493
11645,8.0,13.18,1.06,0.593
11650,12.79,41.15,4.96,-0.056
11661,7.41,16.26,0.66,0.458
11670,5.88,19.59,1.13,0.412
11678,6.14,14.44,0.83,0.247
11679,9.2,10.41,1.05,0.6
11680,7.74,13.1,1.0,0.652
11686,8.22,16.13,1.17,0.561
11687,6.0,11.87,1.15,0.168
11689,8.58,10.38,1.15,0.628
11693,8.47,14.27,0.75,0.584
11694,8.35,11.28,1.13,0.519
11696,6.97,18.81,0.88,0.429
11698,6.21,10.4,0.86,0.908
11705,9.71,11.74,1.4,0.574
11706,8.08,10.95,0.89,0.434
11707,10.9,28.19,2.33,1.34
11710,7.95,11.41,1.09,0.47
11711,11.24,14.44,1.98,1.027
11728,8.03,23.9,1.1,0.666
11739,10.24,29.08,1.87,1.253
11741,7.34,10.01,0.9,0.446
11749,8.3,10.82,1.19,0.454
11757,5.27,11.18,0.48,0.981
11759,8.67,38.3,1.4,0.935
11776,8.99,10.31,0.86,0.596
11783,4.74,38.73,0.87,0.454
11786,7.72,15.5,1.16,0.443
11791,5.36,12.27,1.13,1.004
11796,6.76,18.69,0.79,0.363
11797,7.34,12.04,0.95,0.366
11811,8.12,12.78,1.05,0.58
11819,8.56,14.48,0.79,0.63
11821,7.41,11.39,0.83,0.217
11836,8.49,16.15,1.51,0.501
11839,8.77,11.2,1.14,0.53
11840,5.84,12.54,1.2,1.083
11843,6.0,34.84,0.83,0.572
11847,7.47,15.7,0.99,0.36
11852,8.84,44.31,0.8,1.045
11859,8.9,13.82,1.01,0.509
11861,9.35,11.63,1.57,0.66
11862,12.0,27.61,3.52,1.5
11865,9.78,22.04,1.42,0.99
11866,7.87,19.92,0.67,0.616
11873,7.15,13.22,0.99,0.719
11877,8.37,25.12,1.17,0.815
11881,7.83,10.71,1.01,0.76
11886,6.86,13.39,0.54,0.45
11904,6.82,11.73,0.89,0.29
11906,7.67,26.96,0.7,0.695
11908,7.93,15.51,0.82,0.505
11909,6.84,17.0,0.58,0.568
11912,9.85,11.44,1.06,0.735
11913,9.12,10.04,0.97,0.617
11915,8.61,17.58,1.23,0.646
11917,7.3,14.5,0.88,0.43
11919,6.73,19.82,0.52,0.441
11923,7.77,21.0,1.06,0.628
11925,6.24,18.72,1.22,0.509
11927,6.89,13.18,1.04,0.333
11928,8.11,12.36,1.07,0.621
11941,7.49,23.21,0.97,0.666
11948,8.62,10.98,1.17,0.458
11949,7.59,32.63,1.01,0.677
11954,7.57,24.35,0.87,0.534
11958,9.1,14.24,1.34,0.642
11964,8.89,86.87,0.86,1.39
11965,9.83,14.63,1.26,0.778
11966,9.1,10.61,1.27,0.65
11973,8.59,14.36,0.97,0.53
11972,10.17,16.91,1.01,0.934
11979,8.16,10.17,1.07,0.551
11981,8.49,10.47,1.21,0.45
11983,9.81,24.8,1.83,0.906
11989,9.98,20.06,1.38,0.985
12005,11.03,23.38,2.51,1.268
12018,7.44,14.88,1.01,0.684
12025,9.22,13.03,1.25,0.612
12034,8.15,18.5,1.22,0.539
12040,9.35,18.27,1.29,0.76
12041,10.14,11.39,1.7,0.629
12046,8.88,10.39,1.19,0.565
12048,6.83,27.85,1.39,0.67
12062,8.95,16.26,1.89,0.66
12065,10.19,26.87,2.0,1.094
12067,8.42,20.28,1.04,0.696
12081,7.72,13.69,0.87,0.516
12087,10.51,20.6,2.07,1.075
12088,9.51,11.55,1.25,0.549
12094,8.67,11.1,1.6,0.687
12097,10.68,71.6,1.89,1.47
12099,8.02,11.43,1.52,0.609
12102,6.93,15.72,0.84,0.674
12110,8.34,47.04,1.04,1.069
12109,9.47,32.09,1.46,1.06
12114,5.79,138.72,1.04,0.918
12119,8.38,25.41,1.07,0.77
12126,10.7,15.28,2.08,0.855
12132,7.25,15.09,0.75,0.401
12144,11.95,33.67,3.24,1.407
12148,5.81,11.18,0.93,1.04
12147,9.83,18.67,1.08,0.876
12153,5.64,28.4,0.87,0.516
12155,11.73,21.56,3.09,1.35
12156,11.03,25.78,3.48,1.33
12158,8.1,41.09,1.25,0.944
12167,7.7,15.75,0.93,0.598
12181,5.91,18.42,0.81,0.502
12184,7.1,25.36,1.1,0.41
12186,5.78,39.16,0.64,0.653
12189,6.48,24.92,1.05,0.51
12191,7.28,16.71,0.97,0.656
12198,8.66,13.43,1.24,0.665
12200,6.23,18.11,0.78,0.515
12202,7.53,11.24,1.09,0.352
12204,8.01,15.61,1.54,0.606
12225,5.3,22.49,1.84,0.289
12231,7.59,11.89,0.87,0.533
12238,6.92,10.84,1.01,0.91
12247,5.65,10.29,0.97,1.021
12248,9.24,13.83,0.98,0.592
12262,7.51,12.88,0.78,0.562
12272,6.4,12.11,0.92,0.431
12273,5.17,12.73,0.54,0.896
12278,9.11,11.23,1.29,0.717
12281,7.23,16.61,0.69,0.927
12287,6.19,12.08,0.87,0.49
12288,5.84,27.99,0.74,0.476
12291,9.16,14.95,1.47,0.721
12300,6.48,18.71,0.69,0.521
12306,7.36,27.89,1.12,0.583
12314,7.95,15.99,1.0,0.529
12323,8.44,11.3,1.51,0.786
12326,7.35,16.31,1.47,0.617
12347,9.17,19.17,1.44,0.805
12350,6.98,18.88,0.99,0.702
12351,9.48,60.51,1.3,1.396
12361,6.78,16.69,0.6,0.387
12364,8.76,15.18,1.15,0.601
12368,9.95,15.47,1.23,0.716
12381,7.98,12.64,1.35,0.511
12390,4.83,36.99,1.76,0.447
12394,4.12,21.27,0.5,-0.061
12411,8.3,24.97,0.9,0.708
12413,4.74,25.15,0.61,0.061
12418,7.5,11.71,0.62,0.543
12421,7.83,15.72,1.08,0.656
12424,8.16,12.28,1.1,0.633
12425,8.55,14.94,1.19,0.588
12426,11.24,29.73,3.62,1.404
12436,9.44,24.94,0.93,1.027
12440,8.77,14.27,1.57,0.641
12444,5.79,46.42,0.82,0.524
12447,6.26,25.24,1.34,0.397
12456,9.59,14.33,1.52,0.83
12463,7.56,14.32,0.79,0.49
12471,8.04,10.09,0.72,0.514
12474,8.39,11.67,1.47,0.955
12480,8.36,17.31,0.96,0.524
12483,8.01,15.67,1.0,0.564
12484,5.21,20.49,0.56,0.411
12486,4.11,22.42,0.57,1.006
12489,5.3,13.97,0.84,0.081
12491,7.55,13.85,1.25,0.547
12493,9.51,44.84,1.46,1.185
12494,7.87,12.41,0.65,0.616
12498,9.26,14.69,1.24,0.618
12505,8.44,15.55,1.56,0.544
12509,9.09,20.09,1.65,0.924
12511,10.05,16.21,1.77,0.869
12517,8.55,21.41,0.83,0.637
12522,9.51,10.92,1.03,0.556
12530,5.72,46.24,1.31,0.511
12532,9.58,12.66,1.42,0.653
12545,10.28,24.67,2.41,1.46
12548,7.76,18.8,1.09,0.7
12554,7.27,13.59,1.0,0.529
12562,5.98,20.29,0.94,0.429
12563,8.84,10.2,1.15,0.51
12572,7.09,12.96,0.76,0.508
12579,9.16,14.51,1.28,0.52
12580,8.28,12.45,1.01,0.47
12581,9.13,15.32,1.2,0.661
12590,8.34,17.75,0.98,0.617
12611,6.09,24.47,0.56,0.876
12613,8.76,13.17,1.21,0.56
12623,4.91,40.52,1.25,0.582
12631,9.0,26.81,2.65,0.967
12639,8.75,10.3,1.17,0.528
12638,8.7,19.93,2.81,0.715
12643,8.84,10.55,1.19,0.651
12653,5.4,58.0,0.55,0.561
12654,9.44,16.85,0.89,0.838
12656,7.03,18.18,0.86,0.39
12664,7.62,13.55,0.64,0.468
12665,10.44,13.68,1.85,0.962
12680,9.85,28.62,1.79,0.956
12685,8.28,22.11,1.08,0.618
12706,3.47,39.78,0.95,0.093
12709,8.23,53.89,1.27,1.074
12716,8.04,24.77,0.8,0.745
12717,6.23,18.36,0.59,0.542
12718,9.14,10.47,1.36,0.08
12723,9.04,36.44,0.97,1.04
12725,6.77,12.39,0.97,0.263
12726,7.44,20.69,1.32,0.588
12728,8.97,10.84,1.58,0.51
12749,11.92,42.19,3.45,1.46
12754,6.54,12.06,0.81,1.16
12764,7.07,22.73,0.87,0.534
12766,8.63,18.0,0.75,0.668
12767,10.61,21.13,1.44,1.024
12771,8.37,10.72,1.37,0.445
12772,9.84,10.38,1.09,0.58
12777,4.1,89.03,0.79,0.514
12780,6.96,23.8,2.46,0.634
12781,10.55,132.42,2.48,1.53
12787,10.98,29.78,3.02,1.4
12790,11.13,18.56,2.1,1.363
12797,8.39,22.68,1.06,0.772
12804,6.9,17.37,0.83,0.445
12818,8.15,12.58,1.03,0.461
12828,4.27,38.71,1.31,0.311
12832,5.17,26.15,0.98,0.234
12837,7.14,25.05,0.86,0.517
12843,4.47,71.56,0.76,0.481
12859,10.48,19.3,1.6,1.14
12862,6.04,19.5,0.9,0.312
12864,8.24,10.4,1.09,0.408
12867,8.85,12.61,0.81,0.611
12868,10.12,13.1,1.49,0.762
12871,5.73,18.23,0.52,0.932
12876,4.83,11.06,0.48,0.058
12884,6.67,17.22,0.65,0.449
12887,8.2,11.49,1.08,0.468
12889,7.64,19.61,0.76,0.58
12894,7.78,16.53,1.51,0.701
12897,9.66,18.68,1.42,0.79
12907,7.78,12.75,0.92,0.609
12912,7.53,11.64,1.36,0.437
12916,10.06,12.11,1.78,0.895
12919,7.74,13.24,0.9,0.456
12921,9.81,15.84,1.04,0.73
12925,7.88,15.85,1.16,0.551
12926,7.89,38.95,1.13,0.84
12929,8.59,62.83,1.53,1.269
12941,7.19,13.49,0.84,0.387
12942,8.9,12.31,1.4,0.576
12944,8.56,10.03,1.04,0.431
12948,8.03,10.31,1.1,0.45
12954,8.16,15.51,1.1,0.512
12960,8.54,11.9,0.75,0.44
12961,10.25,42.01,1.58,1.389
12964,6.48,22.18,0.76,0.387
12965,7.89,12.08,0.82,0.529
12966,8.19,16.07,1.33,0.574
12988,7.68,16.27,0.59,0.559
12990,6.28,21.24,1.25,0.385
12993,11.22,14.37,1.57,1.8
12997,8.25,17.31,0.72,0.585
13005,8.06,14.77,1.09,0.965
13008,6.47,26.18,0.72,0.398
13025,9.48,11.81,1.71,0.639
13026,7.93,18.83,1.44,0.502
13027,6.9,30.66,1.86,0.68
13034,9.56,13.02,1.68,0.595
13035,7.46,14.64,1.0,0.427
13037,10.18,15.44,1.89,0.76
13041,8.57,10.78,1.08,0.969
13059,10.76,14.08,1.96,0.997
13061,4.52,18.06,0.84,1.112
13065,11.07,36.45,2.41,1.462
13067,7.69,11.69,1.03,0.945
13074,8.06,10.46,0.69,0.452
13079,10.78,31.91,2.18,1.417
13081,7.56,44.71,1.15,0.82
13111,10.1,11.03,1.57,0.58
13112,6.66,17.81,1.1,0.422
13118,6.94,22.73,0.89,0.956
13122,8.19,14.66,0.97,0.536
13126,8.87,10.65,1.07,0.61
13128,8.16,18.9,1.38,0.529
13129,7.74,15.17,0.71,0.49
13133,6.26,15.99,0.62,0.151
13141,5.25,19.73,0.49,0.101
13142,8.07,15.77,1.19,0.604
13147,4.45,19.31,0.67,0.981
13159,9.63,12.98,1.0,0.668
13168,7.61,17.85,1.58,0.643
13169,8.29,35.21,1.08,0.845
13179,9.77,25.98,2.0,1.169
13191,7.99,15.21,1.27,0.456
13192,8.17,12.78,0.9,0.643
13209,3.61,20.45,0.79,-0.1
13210,6.72,15.68,1.0,0.398
13216,8.67,10.1,1.01,0.545
13218,10.72,76.45,1.46,1.51
13220,9.46,10.88,1.32,0.505
13223,8.14,12.02,1.29,0.476
13224,7.51,12.44,0.97,0.408
13227,11.03,11.11,1.49,0.76
13246,8.46,14.15,1.35,0.813
13254,4.22,25.54,0.77,0.343
13257,6.44,16.46,0.86,0.617
13258,8.87,44.61,1.33,1.194
13267,8.16,17.16,0.85,0.568
13269,6.63,16.45,0.83,0.602
13270,8.17,15.71,0.72,0.617
13271,6.36,10.02,0.77,0.04
13278,9.03,11.47,1.53,0.65
13280,9.01,10.82,1.04,0.637
13285,9.02,13.39,1.23,0.579
13288,4.76,17.85,0.69,0.906
13291,7.56,21.22,0.92,0.584
13315,8.33,10.31,0.65,0.66
13317,7.57,14.01,0.84,0.491
13336,8.66,15.95,2.1,0.703
13341,8.35,11.12,1.22,0.655
13342,10.01,36.22,2.04,1.19
13345,9.82,33.01,1.97,1.216
13347,6.46,11.44,0.87,0.104
13348,9.29,15.53,0.83,0.774
13350,9.17,17.11,0.9,0.711
13357,10.48,22.4,1.28,1.197
13359,8.86,23.36,0.85,0.851
13363,6.38,31.18,0.69,0.484
13366,8.38,15.38,1.39,0.564
13374,8.16,13.46,1.03,0.461
13375,9.6,70.19,1.68,1.315
13388,8.09,38.45,0.9,0.827
13389,11.36,86.91,1.9,1.549
13394,6.78,32.96,0.67,0.574
13398,10.86,37.75,2.63,1.26
13399,8.29,10.51,1.13,0.74
13400,8.24,10.35,0.68,0.476
13402,6.05,96.33,0.77,0.862
13405,9.04,13.19,1.22,0.574
13410,10.32,22.84,1.81,1.034
13411,8.51,19.52,1.14,0.636
13425,8.8,10.09,0.89,0.518
13431,7.22,14.23,0.87,0.294
13438,8.38,18.48,1.26,0.79
13447,8.41,13.36,1.15,0.695
13455,8.12,17.43,0.83,0.59
13456,8.17,20.68,0.74,0.686
13460,9.16,27.61,1.28,1.057
13473,5.93,16.83,0.61,0.437
13476,7.21,16.69,1.07,0.415
13479,5.93,10.73,0.81,1.041
13481,9.39,12.6,1.79,0.594
13485,7.98,10.95,0.71,0.47
13490,5.34,13.87,0.86,0.423
13498,7.7,14.84,1.13,0.648
13499,8.32,11.0,0.79,0.433
13503,9.61,11.32,1.17,0.616
13508,8.66,20.56,0.83,0.672
13511,7.23,14.72,0.58,0.455
13513,8.23,33.83,0.98,0.933
13514,8.43,13.01,0.8,0.523
13528,6.88,19.45,1.04,0.537
13531,3.93,13.15,0.85,0.758
13536,6.61,17.36,0.49,0.374
13564,7.55,16.71,0.87,0.434
13569,6.9,13.89,0.73,0.261
13579,7.01,10.41,1.14,0.28
13584,8.56,10.9,1.14,0.543
13588,8.75,20.07,1.15,0.717
13589,8.66,16.01,1.24,0.66
13593,6.91,11.65,1.11,0.309
13594,8.33,29.14,1.12,0.735
13600,8.83,18.89,1.29,0.704
13601,7.41,38.3,1.08,0.749
13603,9.13,11.33,1.41,0.544
13610,11.38,35.24,3.81,1.4
13628,8.24,10.56,1.16,0.177
13631,9.74,17.36,1.45,0.839
13642,7.52,43.71,1.26,0.953
13644,11.05,27.57,2.62,1.399
13665,5.59,37.78,0.69,0.445
13677,7.66,16.23,1.34,0.631
13678,9.03,23.04,1.54,0.81
13679,5.97,22.46,0.89,0.478
13681,10.2,21.35,1.57,1.062
13685,9.72,18.02,1.23,0.968
13701,3.89,24.49,0.72,1.088
13702,5.58,28.24,0.93,0.471
13717,5.16,17.28,0.93,0.084
13718,8.57,24.62,1.13,0.781
13724,8.21,13.47,1.03,0.751
13735,7.64,11.04,0.84,0.49
13741,7.69,10.52,0.99,0.428
13750,7.9,25.66,1.08,0.604
13754,8.99,26.81,0.75,0.876
13757,8.8,11.48,1.29,0.528
13765,6.63,13.21,0.82,0.32
13769,7.84,38.87,1.5,0.96
13771,8.81,19.62,1.24,0.67
13772,7.33,44.49,2.55,0.863
13773,7.56,20.12,1.5,0.577
13777,9.69,19.37,0.9,0.913
13782,5.44,20.54,0.71,0.238
13790,10.33,29.23,1.87,1.233
13791,8.91,10.52,1.28,0.532
13794,6.74,11.92,0.52,0.368
13801,9.87,16.51,1.51,0.774
13806,8.92,25.77,1.39,0.855
13813,9.06,10.87,1.41,0.614
13831,7.93,11.87,1.37,0.529
13834,5.8,31.41,0.84,0.415
13836,7.72,12.43,1.1,0.426
13841,10.53,25.38,2.54,1.121
13844,8.28,12.49,0.73,0.502
13847,2.88,20.22,0.54,0.128
13848,9.22,14.78,1.29,0.794
13849,10.67,13.87,1.94,0.614
13855,8.78,13.57,1.39,0.652
13859,7.87,11.3,0.78,0.993
13864,9.48,11.0,1.08,0.664
13874,5.22,10.2,1.0,0.014
13875,9.48,25.26,1.46,1.05
13879,4.68,10.02,1.09,0.065
13883,6.14,11.11,0.73,0.221
13884,4.98,10.4,0.5,0.126
13886,10.31,29.17,1.89,1.364
13891,8.21,35.0,1.17,0.871
13896,9.16,14.33,1.24,0.58
13902,7.39,25.68,0.7,0.59
13908,8.42,14.6,0.88,0.651
13913,7.34,10.94,0.93,0.396
13914,4.63,11.15,1.48,0.048
13926,9.36,18.0,0.95,0.77
13934,8.81,17.79,0.92,0.712
13935,10.59,21.91,1.37,0.97
13938,7.76,14.15,1.26,0.508
13942,5.69,30.92,0.77,0.427
13945,8.43,10.56,1.18,0.5
13955,8.71,14.91,1.14,0.583
13957,9.72,15.54,1.7,0.689
13975,8.65,13.69,0.66,0.597
13976,7.97,42.66,1.22,0.926
13977,10.03,17.99,1.47,0.84
13978,7.03,13.29,0.94,0.31
13979,9.7,14.3,1.53,0.85
13982,7.51,13.11,0.95,0.475
13986,7.76,13.05,1.43,0.432
14001,8.94,23.43,1.15,0.902
14002,7.41,10.33,1.05,0.439
14007,8.48,21.21,0.88,0.677
14016,8.02,14.24,1.04,0.749
14023,8.11,30.87,1.42,0.838
14031,9.19,18.05,1.19,0.719
14035,7.6,10.71,0.91,0.597
14045,9.53,14.47,1.59,0.2
14048,7.31,13.98,1.14,0.553
14050,7.78,12.42,0.92,0.729
14054,8.16,11.69,1.32,0.914
14056,7.22,14.42,0.76,0.522
14060,5.75,10.71,0.89,1.043
14073,8.22,11.49,1.19,0.578
14075,8.82,15.17,1.44,0.741
14080,7.99,12.04,1.07,0.396
14086,5.88,32.94,0.72,0.794
14093,9.16,12.56,1.06,0.652
14098,8.24,12.33,1.23,0.504
14106,7.81,13.74,0.7,0.485
14109,5.91,15.24,0.87,0.141
14110,5.84,11.55,0.76,1.092
14116,9.1,12.91,1.01,0.598
14122,8.85,10.41,1.18,0.535
14124,6.2,30.81,0.89,0.598
14135,2.54,14.82,0.83,1.63
14134,7.96,18.91,1.98,0.529
14136,8.84,10.68,1.49,0.535
14138,9.5,15.34,1.37,0.7
14146,4.08,37.85,0.69,0.163
14148,8.81,10.05,1.13,0.519
14150,6.62,47.25,0.89,0.696
14152,7.92,13.81,1.16,0.506
14157,8.45,20.56,1.37,0.86
14161,9.88,17.55,1.85,0.868
14165,11.77,47.81,3.85,1.501
14168,5.32,12.65,0.89,0.941
14175,10.21,19.33,1.71,1.382
14177,9.23,15.02,1.67,0.584
14180,8.14,13.08,0.73,0.695
14181,6.72,21.65,0.82,0.596
14182,9.21,24.6,1.72,1.042
14193,9.09,11.84,1.36,0.67
14194,7.51,18.81,1.77,0.519
14211,10.78,23.43,2.18,1.14
14228,6.72,13.18,0.91,0.342
14230,7.09,29.62,1.09,0.624
14232,6.38,20.01,0.88,0.306
14235,7.1,20.38,1.49,0.495
14237,7.69,23.21,0.86,0.63
14239,11.04,25.79,2.2,1.433
14240,5.12,23.67,0.48,0.349
14241,8.08,28.33,1.2,0.677
14249,7.48,17.52,1.16,0.851
14250,9.27,12.11,1.67,0.677
14254,7.23,10.89,0.88,0.508
14257,8.21,14.39,0.75,0.523
14258,6.92,31.75,0.94,0.552
14276,10.09,12.79,1.19,0.771
14286,6.64,43.74,0.84,0.634
14293,5.26,23.22,0.77,0.193
14300,7.99,28.04,1.04,0.703
14307,7.56,18.62,0.72,0.566
14311,7.94,13.98,0.71,0.715
14314,8.28,11.96,1.2,0.475
14313,8.59,18.2,0.93,0.857
14328,2.91,12.72,0.71,0.716
14339,7.89,18.85,0.63,0.649
14342,8.63,10.03,1.11,0.61
14354,3.32,10.03,0.83,1.528
14356,8.04,15.17,0.95,0.557
14358,8.32,13.13,1.49,0.556
14361,7.6,12.04,0.87,0.475
14364,7.98,10.28,1.14,0.461
14370,8.06,13.9,1.08,0.546
14382,4.77,15.95,0.76,1.018
14383,8.87,12.33,1.08,0.7
14392,6.1,13.24,0.81,1.049
14401,9.71,18.42,1.42,0.873
14411,9.48,13.03,1.41,0.76
14415,8.25,14.44,0.77,0.511
14420,9.77,14.64,1.79,0.795
14426,10.47,11.86,1.62,0.783
14435,8.21,10.28,1.0,0.425
14439,5.64,10.21,0.82,1.087
14445,9.07,67.69,1.78,1.358
14464,8.09,14.09,2.05,0.488
14475,9.24,17.57,1.52,0.76
14476,7.92,11.13,0.92,0.635
14478,9.66,36.71,2.75,1.19
14479,7.07,13.21,0.97,0.299
14498,8.6,10.59,1.35,0.604
14501,6.97,31.76,0.91,0.645
14519,9.07,18.18,0.87,1.275
14521,5.67,13.13,0.78,0.298
14527,8.24,17.86,0.8,0.534
14530,8.39,23.21,0.76,0.771
14532,7.36,23.44,0.86,0.672
14544,6.38,13.26,0.7,0.122
14547,6.12,10.86,0.49,1.011
14548,8.28,16.22,1.29,0.574
14551,6.18,17.35,0.78,0.166
14554,7.97,10.13,1.07,0.32
14561,8.43,10.9,0.85,0.603
14568,10.23,32.1,1.78,1.326
14576,2.09,35.14,0.9,-0.003
14582,7.97,10.03,0.98,0.549
14587,9.27,46.54,1.03,1.207
14592,6.64,31.6,0.83,0.637
14593,10.12,28.42,4.16,1.34
14594,8.04,25.85,1.14,0.486
14596,8.25,19.22,0.78,0.657
14600,7.01,11.13,0.88,0.279
14609,8.17,13.68,0.8,0.601
14610,8.21,12.9,1.19,0.701
14611,9.07,15.53,0.84,0.633
14613,7.11,10.83,0.76,0.684
14614,7.85,24.44,1.04,0.642
14617,10.2,15.89,1.19,0.785
14619,6.8,15.23,0.53,0.343
14621,7.8,11.87,1.15,0.418
14623,7.29,33.14,0.87,0.678
14632,4.05,94.93,0.67,0.595
14633,9.82,46.91,1.35,1.321
14640,7.62,13.02,0.92,0.441
14648,8.97,14.5,1.25,0.679
14657,10.09,13.03,1.86,0.626
14665,11.98,33.95,2.4,1.459
14668,3.79,29.05,0.66,0.98
14669,10.11,64.83,4.26,1.473
14676,7.99,13.83,1.14,0.58
14684,8.48,24.9,1.28,0.81
14705,9.06,21.3,1.37,0.825
14710,7.57,12.89,0.63,0.585
14711,11.13,20.47,2.77,1.01
14720,8.32,12.14,0.75,0.581
14721,8.69,17.55,1.32,0.682
14729,9.38,36.96,1.59,1.15
14731,11.82,57.53,4.24,1.5
14739,6.9,22.02,0.59,0.521
14751,7.9,10.57,0.9,0.343
14752,9.1,13.97,0.86,0.558
14754,11.39,98.5,1.46,0.025
14757,6.37,11.88,0.81,0.912
14760,8.18,16.91,0.92,0.543
14759,10.25,15.27,1.1,0.84
14770,9.54,10.72,1.04,0.664
14774,8.06,14.6,1.3,0.551
14777,8.68,13.81,1.13,0.548
14779,8.67,10.24,0.78,1.025
14780,7.43,12.55,1.39,0.498
14781,7.22,10.74,0.99,1.004
14788,9.15,13.93,0.88,0.734
14791,6.5,12.75,0.66,0.163
14796,8.68,15.4,1.19,0.584
14809,8.51,20.24,1.42,0.71
14810,8.52,18.91,1.45,0.777
14813,11.53,34.48,4.98,1.417
14817,4.61,10.69,0.8,1.115
14832,7.69,12.16,0.98,0.441
14836,8.79,13.1,0.89,0.617
14838,4.35,19.44,1.23,1.033
14840,10.57,18.28,1.98,1.12
14844,5.92,16.13,0.53,0.149
14857,7.05,23.95,0.71,0.561
14862,4.85,20.15,0.54,0.035
14864,10.06,27.13,3.41,1.36
14868,6.98,13.78,0.72,1.043
14879,3.8,70.86,0.67,0.543
14882,7.38,11.72,0.78,0.323
14886,7.29,23.6,2.03,0.606
14908,8.82,12.61,1.38,0.559
14913,5.92,22.83,0.78,0.44
14922,7.56,24.19,1.03,0.604
14928,9.76,11.34,1.66,0.701
14944,7.64,20.55,1.59,0.629
14946,8.48,10.86,1.04,0.38
14954,5.07,44.69,0.75,0.575
14964,7.27,26.64,0.66,0.584
14965,9.15,10.1,1.41,0.506
14973,8.28,15.51,0.85,0.592
14974,8.65,19.2,1.98,0.617
14976,8.15,23.73,1.18,0.732
14985,9.92,29.36,1.59,1.064
14989,10.15,18.7,1.63,1.013
14992,9.85,15.89,1.83,0.94
14997,9.18,16.3,1.57,0.712
15004,5.93,10.47,0.68,0.972
15005,7.88,10.7,0.91,0.622
15009,7.3,12.83,0.72,0.578
15012,9.32,15.14,1.3,0.662
15016,8.36,11.45,0.99,0.569
15028,7.72,13.37,1.02,0.866
15035,8.55,26.58,1.1,0.79
15037,7.87,12.28,1.02,0.432
15039,6.88,14.16,0.65,0.172
15045,8.63,11.3,0.83,0.541
15046,8.98,15.88,1.27,0.668
15049,7.74,11.58,1.09,0.441
15058,7.36,16.27,2.33,0.531
15060,10.54,12.68,1.42,0.81
15062,8.12,24.52,1.03,0.624
15070,10.1,22.55,1.69,1.173
15074,11.16,18.08,2.7,1.16
15084,7.68,10.38,1.12,0.456
15087,10.3,36.41,1.92,1.589
15095,9.17,54.48,1.39,1.235
15096,8.79,13.55,1.08,0.541
15099,7.83,44.96,1.09,0.861
15106,7.57,10.49,0.65,0.471
15111,8.57,12.44,1.27,0.696
15118,6.07,14.49,0.76,1.093
15126,10.23,12.64,1.66,0.674
15131,6.75,41.05,0.59,0.586
15134,8.83,12.13,1.18,0.67
15146,9.63,14.73,1.51,0.92
15152,8.66,10.55,0.89,0.511
15155,10.26,20.05,0.99,0.942
15158,8.58,10.52,1.19,0.536
15191,6.3,16.13,0.9,0.366
15197,4.8,27.18,0.97,0.232
15199,7.85,21.34,0.95,0.614
15201,5.51,34.02,0.51,0.438
15204,6.25,14.96,0.84,0.29
15205,7.57,17.89,0.94,0.493
15206,8.01,10.74,1.12,0.608
15207,9.18,16.87,1.46,0.719
15211,10.22,20.68,2.22,0.936
15215,8.17,17.9,1.14,0.568
15220,10.53,74.29,6.3,1.43
15234,10.67,30.63,2.36,1.188
15239,7.04,11.99,0.67,0.135
15244,6.14,28.83,0.98,0.407
15247,7.48,20.02,0.9,0.534
15249,8.76,15.18,1.15,0.67
15252,7.91,12.88,0.78,0.5
15255,9.08,16.61,0.86,0.736
15266,9.4,24.38,1.75,0.9
15273,8.25,13.03,1.23,0.427
15278,8.96,18.4,1.49,0.719
15279,6.96,11.88,1.01,0.263
15286,9.63,26.08,1.42,1.078
15288,9.16,10.54,1.4,0.501
15301,8.61,11.5,0.95,0.61
15304,7.38,20.2,1.18,0.567
15310,7.78,21.64,1.33,0.617
15312,11.58,33.63,2.65,1.463
15323,6.4,36.86,1.08,0.574
15329,7.26,13.94,1.74,0.609
15330,5.53,82.51,0.54,0.641
15332,11.84,47.29,3.44,1.46
15353,6.03,17.24,0.53,0.133
15357,5.93,16.14,0.73,0.337
15358,10.64,22.71,1.33,1.243
15360,11.01,42.72,2.53,1.451
15362,8.8,14.7,1.33,0.702
15366,10.29,57.75,2.19,1.449
15371,5.24,82.79,0.53,0.6
15372,8.22,11.99,0.83,0.47
15376,9.22,22.55,1.3,0.766
15381,7.52,19.19,1.07,0.642
15382,4.86,12.79,0.75,0.904
15383,5.62,14.68,0.96,1.05
15394,7.42,17.54,1.28,0.79
15406,11.33,32.8,3.15,1.474
15407,8.4,10.19,1.27,0.5
15411,5.72,27.33,0.85,0.381
15412,8.7,15.52,1.42,0.71
15415,9.67,24.25,1.24,1.037
15418,8.51,11.82,1.61,0.8
15427,9.0,12.22,1.62,0.704
15432,8.19,10.38,0.91,0.409
15436,9.0,12.57,1.19,0.568
15438,7.23,12.75,0.59,0.413
15439,11.84,48.81,2.61,1.54
15442,7.05,40.52,0.98,0.655
15456,7.27,11.11,0.92,0.362
15457,4.84,109.18,0.78,0.681
15460,10.14,11.23,1.64,0.726
15462,7.7,12.29,0.8,0.486
15466,10.79,29.56,4.29,1.769
15473,8.93,10.97,1.44,0.634
15474,3.7,12.63,0.89,1.614
15492,8.48,12.07,1.25,0.606
15493,9.3,19.36,1.24,0.825
15495,9.67,21.57,1.6,0.834
15507,8.99,13.0,0.76,0.608
15510,4.26,165.02,0.55,0.711
15514,5.91,15.88,1.04,0.86
15526,8.48,27.86,1.23,0.82
15527,7.36,27.76,0.88,0.63
15539,8.44,29.64,0.86,0.785
15545,8.89,12.62,0.93,0.509
15547,5.44,12.36,0.59,0.211
15557,6.14,11.29,1.01,1.241
15563,9.65,34.18,1.7,1.13
15565,7.34,15.14,0.96,0.468
15568,7.25,11.54,0.57,0.316
15572,8.46,19.71,1.32,0.69
15578,9.92,22.47,1.44,1.037
15582,6.92,19.28,0.8,0.407
15585,6.4,20.59,0.73,0.542
15587,10.0,18.17,1.11,0.83
15591,8.82,15.08,1.2,0.731
15599,8.55,14.96,1.87,0.581
15604,9.86,21.18,1.48,1.002
15605,9.71,11.29,1.53,0.66
15609,7.94,25.21,1.06,0.728
15614,7.03,12.38,0.58,0.294
15619,5.7,11.23,0.76,0.964
15620,7.82,11.94,0.74,0.422
15631,8.3,14.51,0.67,0.792
15633,8.42,11.88,1.47,0.593
15638,11.21,72.8,1.63,1.59
15642,8.43,22.28,0.8,0.73
15644,7.86,18.45,0.61,0.533
15648,4.96,21.0,0.66,0.051
15656,10.79,19.07,1.35,1.13
15657,10.7,21.89,1.52,1.103
15661,9.67,13.94,1.84,0.798
15660,6.69,11.62,0.84,0.027
15669,5.94,21.86,0.69,0.468
15672,8.84,22.71,1.28,0.701
15673,9.05,44.03,1.24,0.99
15675,7.68,12.92,0.89,0.73
15692,6.9,10.9,0.69,1.28
15703,8.55,16.09,1.78,0.702
15720,11.03,29.75,2.73,1.431
15724,8.83,23.55,1.71,0.882
15725,9.28,32.99,1.29,1.061
15734,9.68,14.68,1.56,0.746
15737,5.1,10.23,1.05,1.231
15756,10.9,12.11,1.54,0.947
15759,9.27,10.68,1.43,0.614
15769,8.0,11.82,1.08,0.916
15771,10.24,50.16,5.62,1.386
15774,8.58,50.64,1.73,1.068
15776,6.2,27.09,0.83,0.702
15784,7.61,19.62,0.88,0.601
15786,7.8,11.54,1.33,0.777
15797,8.98,39.1,1.24,0.98
15799,6.9,58.53,1.04,0.84
15806,9.29,10.67,1.33,0.617
15812,9.54,13.8,1.45,0.743
15815,8.5,12.0,1.1,0.611
15843,6.93,19.01,0.66,0.451
15844,10.38,50.54,4.66,1.51
15861,5.5,14.18,0.98,1.19
15866,7.35,14.64,0.75,0.892
15868,7.51,19.14,0.9,0.618
15870,6.07,10.76,0.81,-0.028
15875,10.28,24.7,2.19,1.28
15880,8.28,10.75,1.07,0.4
15886,6.8,10.62,0.55,0.2
15900,3.61,15.42,1.28,0.887
15910,8.48,10.93,0.71,0.519
15919,7.86,66.15,0.95,1.153
15929,8.44,14.24,1.21,0.503
15932,7.85,12.72,1.03,0.523
15934,9.43,13.56,1.22,0.78
15940,7.98,15.3,0.89,0.667
15962,9.54,21.37,1.43,0.94
15964,7.85,11.5,0.97,0.52
15968,5.96,25.45,0.5,0.415
15973,11.26,40.18,1.9,1.439
15979,6.51,12.84,0.8,0.298
15980,8.47,11.65,1.26,0.556
15985,7.91,12.6,1.0,0.415
15987,6.39,10.01,0.66,0.082
15989,8.41,15.81,1.11,0.732
15998,10.17,16.76,1.79,0.85
16008,8.46,13.68,1.55,0.584
16012,7.88,31.88,0.98,0.716
16021,8.68,12.19,1.68,0.619
16025,8.47,13.29,1.48,0.679
16038,9.17,12.63,1.0,0.626
16039,9.71,20.91,1.43,0.865
16042,6.47,19.91,1.25,0.882
16059,8.22,13.33,0.65,0.612
16069,8.08,61.07,1.42,1.13
16080,8.12,12.23,1.7,0.448
16083,3.73,14.68,1.01,-0.082
16084,7.68,10.43,0.74,0.889
16085,7.95,30.95,0.71,0.761
16087,8.85,11.14,0.9,0.572
16089,8.77,11.23,1.29,0.424
16090,11.78,36.73,3.47,1.476
16094,9.65,25.24,1.24,0.97
16097,9.26,11.68,0.96,0.662
16107,8.18,14.04,1.33,0.623
16114,10.77,15.95,1.38,0.908
16115,8.32,15.45,0.71,0.679
16127,9.14,10.56,1.43,0.592
16128,6.73,15.15,0.61,0.501
16134,8.39,79.26,2.25,1.337
16136,8.46,14.32,1.36,0.568
16144,11.41,24.37,2.75,1.411
16148,7.76,11.69,0.75,0.533
16155,8.69,10.17,1.18,0.533
16158,8.0,13.46,1.11,0.611
16160,9.29,14.91,1.03,0.907
16167,8.03,10.15,0.91,0.374
16169,8.23,21.98,1.19,0.619
16173,10.42,13.86,1.63,1.005
16181,6.03,14.44,0.93,0.951
16184,9.26,10.65,0.94,0.511
16192,10.29,24.51,3.14,0.603
16207,8.3,14.72,1.06,0.55
16209,11.1,39.19,2.52,1.314
16213,7.35,14.52,0.72,0.505
16225,8.64,11.42,1.14,0.501
16238,7.51,12.45,0.97,0.428
16240,10.42,14.58,1.8,0.821
16242,9.95,46.16,1.88,1.403
16245,4.71,46.65,0.48,0.41
16247,9.15,31.55,1.34,1.02
16270,8.94,10.84,1.16,1.034
16272,8.79,14.48,0.83,0.67
16274,6.79,10.03,0.8,1.065
16276,8.35,11.75,0.81,0.9
16285,5.76,16.04,0.56,0.205
16286,9.7,18.14,1.5,0.8
16290,5.68,10.63,0.48,0.932
16292,5.09,17.07,0.69,0.022
16308,6.77,13.92,0.97,0.732
16310,6.12,29.33,0.55,0.489
16327,8.88,15.13,1.27,0.689
16329,8.29,21.61,1.48,0.739
16337,8.25,10.2,0.95,0.427
16343,9.54,22.19,1.74,0.91
16348,7.45,23.76,1.07,0.666
16349,7.81,11.72,0.92,0.377
16353,8.49,11.7,0.9,0.556
16357,6.92,13.03,0.84,0.387
16359,8.67,11.14,1.5,0.636
16365,7.71,25.11,0.72,0.591
16370,6.79,21.25,0.58,0.534
16374,8.12,10.83,1.11,0.58
16378,7.87,10.82,1.17,0.15
16386,7.44,10.49,1.09,0.04
16391,8.83,11.69,0.89,0.656
16392,8.1,12.74,0.65,0.491
16399,8.77,11.11,1.4,0.504
16405,8.08,20.04,1.18,0.68
16404,9.91,17.58,1.53,0.667
16439,8.99,12.91,0.76,0.592
16443,8.35,14.48,0.66,0.505
16449,6.38,13.55,0.79,0.12
16460,7.78,19.68,0.68,0.717
16467,8.56,18.58,1.09,0.7
16477,10.54,21.09,1.97,1.067
16479,8.3,13.59,1.06,0.418
16494,8.05,15.48,1.09,0.585
16498,8.18,18.9,1.1,0.622
16499,5.3,27.46,0.7,0.398
16504,8.51,10.21,1.16,0.531
16509,5.67,10.63,0.54,1.101
16517,7.29,20.45,0.96,0.503
16523,7.56,13.73,1.31,0.506
16529,8.88,22.78,1.26,0.844
16536,11.47,92.05,2.05,1.56
16537,3.72,310.75,0.85,0.881
16538,7.03,18.16,1.06,0.503
16540,7.48,20.44,0.59,0.521
16544,8.72,18.52,0.89,0.672
16547,8.43,12.01,0.84,0.818
16557,7.63,11.05,1.02,0.423
16560,11.17,29.74,2.99,1.371
16563,8.15,29.61,1.4,0.8
16570,6.6,10.64,0.73,0.327
16579,8.65,10.99,1.09,0.812
16581,8.08,31.12,1.11,0.871
16589,7.41,10.17,0.54,0.358
16591,5.79,18.29,0.81,0.139
16595,9.54,15.44,1.05,0.733
16599,5.98,14.71,0.78,0.114
16602,6.37,13.91,0.88,0.523
16607,7.05,20.06,0.85,0.455
16611,4.26,11.02,0.75,-0.106
16612,8.81,12.28,1.18,0.592
16628,6.2,23.54,0.76,0.482
16638,7.74,10.27,0.67,0.401
16641,6.14,23.57,0.94,0.891
16646,10.3,20.82,1.48,1.2
16650,8.07,12.59,0.69,0.539
16666,7.04,15.55,0.66,0.384
16681,7.68,15.7,0.91,0.524
16692,7.91,13.86,1.04,0.414
16693,9.43,24.56,0.93,0.9
16709,10.87,23.28,2.28,1.225
16711,8.57,74.86,0.83,1.31
16712,6.43,17.86,1.2,0.433
16713,6.66,14.75,1.87,0.429
16719,7.01,16.58,0.96,0.337
16723,7.48,16.71,0.95,0.515
16727,8.54,19.81,1.1,0.789
16747,8.43,26.73,2.25,0.984
16757,6.86,11.92,1.33,0.407
16760,10.49,17.14,2.0,0.93
16762,8.1,11.12,0.73,0.471
16766,8.73,13.98,1.19,0.643
16768,9.35,10.19,0.91,0.615
16770,8.64,14.46,1.0,0.669
16783,8.85,21.35,1.34,0.784
16788,7.65,22.25,1.14,0.58
16792,8.99,13.41,1.41,0.625
16794,8.6,16.93,0.89,0.689
16798,8.43,12.75,1.01,0.548
16806,8.16,14.04,1.2,0.461
16813,7.47,10.69,1.0,0.502
16818,8.2,16.83,0.9,0.542
16824,8.62,15.66,1.32,0.669
16835,6.53,14.98,1.23,0.271
16846,5.82,34.52,0.87,0.885
16847,8.07,11.79,1.14,0.839
16851,6.93,18.69,0.7,0.477
16852,4.29,72.89,0.78,0.575
16853,7.62,24.0,0.66,0.592
16855,9.39,12.02,1.22,0.691
16860,8.86,20.38,1.49,0.73
16864,9.67,13.67,1.06,0.773
16870,4.57,14.88,0.55,1.023
16871,9.35,11.95,1.56,0.737
16879,7.28,26.78,0.95,0.704
16882,9.73,11.48,0.85,0.699
16887,9.29,17.19,1.24,0.824
16891,8.24,14.67,1.3,0.534
16896,8.73,11.73,1.33,0.518
16900,6.96,18.32,0.91,0.46
16908,9.35,25.23,1.58,0.917
16914,6.89,16.0,0.53,0.328
16924,6.4,13.52,1.02,0.167
16927,8.92,10.08,1.27,0.53
16930,7.78,15.37,0.94,0.574
16932,9.39,12.82,1.41,0.686
16933,9.63,23.01,2.42,0.965
16942,8.35,14.01,0.68,0.51
16943,10.97,15.19,2.11,1.046
16951,9.61,10.57,1.03,0.539
16954,9.99,16.41,1.36,0.755
16959,6.96,14.03,0.51,0.404
16971,8.5,15.03,1.14,0.559
16984,8.02,12.68,0.71,0.529
16991,8.93,13.11,1.45,0.575
16993,9.57,10.52,1.37,0.61
16998,9.61,13.43,1.16,0.664
17015,8.98,20.24,1.26,0.81
17017,7.34,14.44,0.88,0.337
17022,6.73,23.61,1.86,0.614
17024,8.66,20.54,1.15,0.706
17027,5.97,28.44,0.77,0.921
17029,9.65,17.17,1.71,0.859
17032,9.07,16.71,1.34,0.7
17033,7.79,10.14,1.05,0.532
17047,8.27,16.58,0.82,0.53
17049,6.67,14.68,0.93,0.92
17054,8.58,11.22,0.76,0.69
17076,8.24,27.18,1.4,0.81
17077,9.76,10.66,1.56,0.654
17083,8.22,16.72,1.18,0.556
17085,9.58,12.59,1.83,0.497
17096,7.12,28.9,0.56,0.583
17102,9.03,20.03,2.14,1.09
17108,6.94,16.17,0.84,0.552
17118,6.81,22.93,0.73,0.478
17119,7.38,11.02,0.78,0.505
17124,7.84,10.72,0.85,0.555
17126,8.21,23.92,1.18,0.818
17129,6.82,21.88,1.81,0.543
17148,7.16,11.88,0.93,0.311
17147,6.68,41.07,0.86,0.554
17157,9.59,39.84,1.11,1.267
17164,8.24,10.81,0.7,0.436
17171,7.92,12.54,0.7,0.627
17174,9.19,13.23,1.59,0.737
17175,8.63,11.98,1.15,0.538
17178,8.76,10.19,0.89,0.43
17183,6.96,22.28,0.91,0.954
17184,8.65,20.29,0.82,0.692
17187,8.78,31.46,1.37,0.845
17191,7.59,13.15,1.11,0.403
17194,8.18,10.06,1.03,0.386
17195,8.1,11.35,0.63,0.413
17196,7.17,12.27,0.81,0.405
17205,8.29,13.15,1.08,0.501
17207,9.61,39.87,2.01,1.36
17211,6.84,11.54,0.8,0.325
17213,9.46,21.5,2.04,1.1
17214,6.49,10.88,0.9,0.377
17217,7.93,20.37,2.27,0.665
17231,8.2,10.91,1.15,0.634
17233,9.16,13.34,1.26,0.739
17235,8.1,15.26,1.18,0.526
17238,9.21,10.51,1.3,0.635
17248,11.34,26.84,2.06,1.427
17253,8.07,17.4,1.01,0.657
17255,9.03,26.52,0.85,1.089
17260,7.54,10.37,0.88,0.469
17264,9.73,25.57,1.0,1.013
17265,8.25,33.92,1.19,0.751
17266,10.02,14.46,1.59,0.774
17269,8.43,13.3,0.71,0.788
17270,8.89,12.58,0.7,0.698
17276,6.77,24.61,0.77,0.506
17288,7.7,10.92,1.47,0.498
17298,6.5,25.39,0.55,0.522
17305,7.4,18.79,1.05,0.428
17310,8.81,12.71,1.2,0.596
17320,6.77,13.71,1.1,0.486
17326,9.11,18.19,1.54,0.74
17336,7.07,38.75,0.99,0.659
17338,9.16,17.38,1.43,0.783
17341,7.95,14.18,1.07,0.578
17346,9.2,38.56,1.42,1.128
17351,4.59,18.34,0.56,1.191
17364,6.97,27.27,0.64,0.511
17365,10.87,32.95,2.36,1.339
17369,7.97,10.05,0.91,0.379
17378,3.52,110.58,0.88,0.915
17389,8.48,10.86,1.22,0.643
17395,5.59,23.3,0.94,0.216
17398,10.61,23.67,1.32,1.23
17400,9.43,10.39,1.05,0.748
17403,7.52,10.01,1.06,0.141
17405,10.83,61.4,2.37,1.47
17409,7.48,23.46,0.89,0.583
17412,8.23,15.39,1.05,0.506
17414,9.99,58.09,1.98,1.42
17420,7.1,71.17,0.91,0.927
17436,6.45,10.77,0.7,1.059
17439,6.99,61.63,0.67,0.87
17440,3.84,32.71,0.46,1.133
17453,6.09,13.39,0.85,0.028
17458,10.63,38.54,2.25,1.38
17461,10.06,14.43,1.58,0.696
17464,6.29,12.81,0.57,1.035
17470,6.75,15.67,0.93,0.37
17472,8.62,20.41,1.2,0.66
17478,7.95,17.81,1.28,0.598
17481,8.7,10.1,1.27,0.394
17483,7.51,22.71,0.77,0.587
17486,7.42,18.17,0.56,0.633
17491,7.72,37.58,1.09,0.864
17492,8.97,12.2,1.44,0.674
17496,9.13,45.87,1.44,1.179
17515,7.57,19.15,0.57,0.595
17519,6.65,12.34,0.75,0.487
17535,10.88,23.03,1.34,1.13
17540,8.02,12.87,1.09,0.581
17544,8.21,45.95,1.41,1.012
17552,7.75,11.21,1.09,0.179
17562,8.14,10.71,1.04,0.415
17567,8.25,10.48,1.11,0.432
17568,7.76,18.32,0.95,0.451
17570,8.46,14.01,0.98,0.476
17575,6.83,11.43,0.75,0.21
17580,8.34,11.5,1.55,0.602
17585,5.79,18.06,0.62,0.347
17589,9.46,13.58,1.89,0.676
17597,9.26,12.09,1.0,0.69
17603,8.77,11.42,1.24,0.605
17609,9.61,68.62,1.78,1.437
17651,4.22,55.79,0.69,0.434
17655,8.31,15.32,1.06,0.606
17656,9.99,16.18,1.8,0.815
17663,8.9,10.84,0.9,0.679
17666,7.67,40.83,2.24,0.796
17669,8.96,11.26,0.8,0.594
17671,9.48,11.65,0.92,0.612
17675,6.9,18.05,0.85,0.373
17678,3.26,15.23,0.53,1.59
17683,8.8,19.79,0.7,0.608
17684,6.98,16.1,1.09,0.542
17689,6.54,25.99,0.74,0.509
17690,8.69,14.52,0.76,0.705
17695,11.59,61.45,3.02,1.511
17706,10.28,17.65,2.13,1.043
17714,8.84,10.08,1.43,0.483
17717,5.24,11.98,0.72,0.075
17722,9.46,16.06,1.52,0.681
17732,6.26,17.92,1.06,0.474
17736,9.82,21.7,1.85,0.956
17738,5.52,11.55,0.65,0.973
17742,9.14,17.0,1.25,0.88
17743,11.05,57.59,2.56,1.495
17747,7.25,19.24,0.85,0.634
17748,7.85,23.65,0.87,0.658
17749,9.17,57.53,2.68,1.314
17750,9.41,57.53,2.68,1.53
17751,9.25,14.79,1.05,0.567
17760,8.94,13.77,0.86,0.65
17763,7.97,11.94,1.31,0.231
17764,7.13,18.23,0.58,0.4
17766,10.85,24.02,2.27,1.34
17790,8.5,20.32,1.04,0.648
17794,9.45,28.41,1.9,1.08
17795,8.81,10.85,0.9,0.587
17796,9.04,14.94,1.23,0.575
17797,4.3,20.23,0.83,-0.038
17800,7.7,16.24,1.05,0.656
17801,7.64,18.99,1.0,0.773
17806,8.01,22.93,1.1,0.611
17819,7.24,19.1,0.69,0.56
17820,8.34,19.66,0.77,0.628
17825,9.79,11.3,1.16,0.669
17827,7.36,14.04,0.86,0.419
17830,7.22,14.94,1.01,0.432
17832,6.47,13.44,0.97,0.377
17837,8.11,10.02,1.37,0.528
17838,6.95,18.09,0.86,0.403
17844,9.15,12.9,1.21,0.493
17846,5.95,14.43,0.96,0.279
17852,8.52,26.35,1.2,0.747
17854,5.4,10.02,0.54,0.096
17867,8.45,12.67,1.13,0.479
17868,9.05,10.68,0.98,0.511
17871,8.53,11.1,1.2,0.891
17874,4.17,15.54,0.58,0.927
17879,9.17,12.57,1.15,0.622
17886,5.14,10.96,0.81,0.057
17887,9.01,16.13,1.23,0.582
17888,8.58,29.96,1.1,0.822
17891,5.82,14.11,0.64,0.189
17892,7.01,10.12,1.04,0.033
17895,7.22,18.21,0.85,0.587
17897,9.18,16.14,1.07,0.682
17903,8.89,21.7,1.22,0.817
17917,8.09,13.15,1.16,0.514
17921,6.05,10.14,0.9,-0.006
17928,7.29,26.91,1.13,0.538
17930,6.61,12.8,0.95,0.275
17936,7.72,30.74,1.36,0.684
17944,8.55,10.22,1.19,0.41
17943,6.77,11.59,0.96,0.321
17950,6.47,22.22,0.97,0.435
17954,5.24,16.96,0.82,0.231
17956,9.85,33.74,1.66,1.223
17960,7.5,21.5,1.03,0.653
17962,9.46,21.37,1.62,0.782
17965,8.18,12.79,1.04,0.45
17970,9.57,17.84,0.83,0.752
17972,11.53,28.85,3.02,2.3
17973,9.3,15.44,1.29,0.789
17977,7.74,13.48,1.31,0.553
17978,8.61,37.45,0.85,0.913
17984,9.6,12.41,1.08,0.734
17987,8.16,13.68,0.99,0.686
17988,6.6,15.35,0.78,0.398
17989,8.38,10.1,1.06,0.456
17997,9.39,11.99,1.18,0.77
18002,8.26,13.2,1.14,0.513
18011,7.89,13.8,0.72,0.448
18069,7.88,13.01,0.64,0.569
18071,11.51,21.41,3.01,1.194
18075,8.38,13.3,0.95,0.584
18085,10.94,22.01,2.59,1.125
18087,9.38,11.43,1.47,0.57
18090,9.47,29.52,1.28,1.07
18096,9.35,11.19,1.65,0.612
18097,7.57,37.25,1.19,0.684
18098,8.53,11.11,1.33,0.512
18102,7.73,12.53,0.96,0.533
18106,6.77,25.34,0.89,0.583
18115,11.44,42.09,6.17,1.523
18122,6.74,13.0,0.94,0.399
18135,8.86,10.05,1.37,0.58
18150,9.82,16.39,1.21,0.75
18153,7.09,10.91,0.87,0.304
18163,8.0,11.45,1.1,0.644
18170,5.97,24.14,0.9,0.354
18174,7.47,12.75,0.95,0.515
18180,12.13,39.48,2.69,1.45
18187,7.22,24.16,0.68,0.53
18204,9.19,12.53,1.35,0.672
18207,8.44,10.08,1.2,0.54
18217,5.8,19.14,0.69,0.182
18218,8.15,15.76,1.95,0.624
18235,6.68,15.87,0.81,0.82
18253,11.94,24.61,3.43,1.46
18261,7.97,22.13,1.23,0.631
18267,6.81,48.36,1.02,0.719
18269,8.79,10.81,1.19,0.491
18271,8.21,13.61,1.2,0.641
18280,9.02,64.9,1.18,1.366
18286,6.9,10.69,0.63,0.156
18293,8.4,15.02,1.45,0.581
18305,7.7,16.46,0.72,0.456
18309,7.87,15.36,1.07,0.683
18317,8.84,19.11,1.34,0.828
18320,8.05,13.78,1.11,0.737
18322,10.12,26.49,1.98,1.07
18324,7.84,46.95,0.95,0.831
18325,9.27,10.1,1.25,0.96
18327,8.99,24.16,1.4,0.895
18331,8.22,10.93,1.14,0.463
18334,7.74,10.55,0.98,0.386
18339,5.99,20.41,0.84,0.323
18343,8.79,29.04,0.71,0.846
18347,8.88,16.0,1.24,0.608
18351,8.5,12.77,1.15,0.534
18352,7.62,11.34,0.62,0.536
18358,8.84,12.8,1.14,0.552
18364,7.54,11.09,0.82,0.963
18366,6.82,25.04,0.86,0.518
18387,7.77,17.84,0.6,0.554
18388,7.06,20.54,0.97,0.5
18395,8.7,10.07,1.06,0.593
18402,7.55,17.46,1.17,0.569
18412,8.34,11.75,1.08,0.473
18413,6.53,46.74,0.96,0.698
18420,8.13,12.0,0.72,0.511
18427,9.27,17.86,0.82,0.843
18432,6.88,25.77,0.81,0.748
18433,7.84,21.41,1.24,0.688
18438,6.31,16.64,0.63,0.333
18440,6.56,11.68,1.12,0.498
18449,7.85,10.35,0.88,0.352
18450,8.85,56.69,0.9,1.214
18453,5.28,24.51,0.85,0.425
18457,8.39,10.36,0.93,0.601
18464,8.3,15.24,1.06,0.551
18466,9.9,18.76,1.22,0.957
18471,5.62,22.31,0.92,0.345
18475,9.9,17.17,1.54,0.817
18481,6.09,13.26,0.87,0.058
18492,7.24,11.29,0.86,0.217
18496,9.15,12.51,1.53,0.609
18512,8.07,63.41,2.0,1.115
18513,9.22,13.4,1.07,0.686
18518,6.98,17.88,0.84,0.428
18525,7.98,10.28,1.05,0.481
18527,8.87,25.9,1.32,0.899
18534,8.01,15.22,0.73,0.49
18536,8.65,10.95,0.78,0.457
18538,8.53,27.86,0.87,0.766
18543,2.97,14.75,0.75,1.588
18547,6.54,16.32,0.83,0.228
18555,7.75,13.87,0.98,0.546
18563,9.22,12.2,1.25,0.623
18592,6.05,16.2,0.52,0.439
18595,8.3,10.93,1.29,0.498
18606,5.85,22.88,0.75,1.001
18608,9.53,16.25,1.51,0.802
18609,8.89,17.31,1.53,0.784
18613,10.92,17.69,2.05,0.975
18616,8.53,11.11,1.43,0.512
18618,8.19,12.85,1.55,0.613
18625,8.7,15.01,1.47,0.556
18658,6.35,25.42,1.05,0.417
18664,8.53,11.78,1.44,0.724
18678,7.12,11.32,0.93,0.508
18692,8.28,10.93,1.19,0.487
18700,9.33,16.97,1.66,0.558
18702,8.13,12.44,0.76,0.803
18705,8.43,13.44,1.13,0.514
18707,9.57,22.59,1.24,0.934
18713,9.09,15.54,0.79,0.64
18714,8.36,18.5,0.79,0.611
18719,8.66,16.04,1.33,0.705
18725,10.4,20.39,1.97,1.123
18735,5.89,21.99,0.81,0.319
18745,8.64,14.9,1.34,0.707
18758,8.27,28.69,1.17,0.81
18761,8.77,14.24,1.62,0.53
18770,7.2,15.3,0.86,0.396
18774,8.2,62.57,0.87,1.132
18776,7.52,15.0,0.89,0.531
18802,8.11,19.02,0.87,0.566
18806,8.28,11.74,1.02,0.543
18814,8.22,10.92,1.07,0.366
18824,6.73,19.15,1.13,0.628
18828,9.2,23.28,1.01,0.867
18833,7.82,11.47,1.02,0.456
18837,7.73,14.48,1.03,0.473
18839,7.6,16.85,1.09,0.566
18841,8.32,15.27,1.07,0.591
18843,9.57,17.28,1.8,0.697
18844,6.74,38.89,0.53,0.667
18857,8.52,14.62,0.84,0.621
18859,5.38,52.0,0.75,0.516
18870,7.4,17.51,0.88,0.543
18877,9.67,12.62,1.53,0.678
18887,7.36,11.24,0.97,0.353
18888,8.12,15.0,0.78,0.648
18893,6.91,22.7,0.84,0.466
18907,3.91,25.24,0.87,0.032
18909,9.0,12.03,1.43,0.647
18915,8.51,54.14,1.08,0.863
18918,10.36,24.81,1.85,1.19
18936,7.67,10.54,0.74,0.438
18944,8.2,19.98,0.67,0.641
18946,10.12,23.07,2.12,1.095
18952,7.51,12.11,0.62,0.383
18958,8.48,14.31,1.03,0.723
18964,10.69,14.12,1.2,0.85
18965,8.18,28.44,1.12,0.834
18975,5.45,27.8,0.95,0.371
18986,7.13,27.42,1.46,0.68
18987,8.58,13.95,1.11,0.541
18993,5.36,28.87,0.82,0.505
18994,8.19,14.21,1.24,0.518
19007,9.53,24.23,1.53,0.816
19010,8.92,10.49,1.24,0.655
19012,7.51,14.44,1.41,0.262
19016,8.11,18.13,1.2,0.598
19024,8.32,21.76,1.25,0.769
19030,6.55,14.71,0.85,0.466
19038,4.36,18.04,0.84,1.064
19046,10.64,14.7,1.67,0.863
19051,8.5,10.27,1.01,0.539
19052,7.7,15.86,2.24,0.637
19070,6.97,16.04,0.82,0.752
19074,7.13,10.08,0.88,0.476
19076,5.9,59.79,0.84,0.62
19089,6.64,10.32,0.86,0.453
19091,6.94,14.5,0.75,0.548
19093,8.29,10.87,1.23,0.41
19095,5.59,23.16,0.68,0.324
19098,9.31,19.81,1.39,0.89
19107,8.41,12.66,1.16,0.484
19111,6.34,10.47,0.89,0.918
19113,9.3,11.55,1.25,0.604
19117,10.06,29.02,2.12,1.12
19120,8.15,13.98,1.32,0.564
19121,6.27,12.26,0.86,0.063
19126,8.89,10.97,0.89,0.742
19134,8.42,14.47,1.17,0.527
19136,7.55,13.97,1.13,0.543
19143,10.0,27.68,1.77,0.964
19145,7.76,11.52,0.74,0.39
19147,7.76,15.89,1.08,0.462
19148,7.85,21.41,1.47,0.593
19157,7.3,16.75,0.99,0.496
19165,9.7,42.54,1.64,1.206
19172,6.31,10.21,0.82,0.983
19175,7.48,12.47,0.93,0.379
19183,7.83,18.09,1.09,0.481
19188,7.89,14.08,0.74,0.632
19191,8.13,10.18,1.08,0.794
19198,9.2,15.19,1.55,0.717
19205,5.21,36.26,1.0,0.359
19206,6.88,24.0,0.92,0.576
19207,10.49,23.57,2.26,1.18
19209,10.94,19.91,1.73,1.143
19210,8.67,11.28,1.03,0.47
19212,8.35,15.64,0.78,0.57
19213,8.01,12.07,0.69,0.466
19217,7.97,14.57,1.17,0.48
19219,8.55,15.39,1.7,0.686
19224,7.15,13.36,0.83,0.944
19232,8.49,21.79,1.12,0.832
19233,6.37,43.12,0.5,0.636
19235,8.54,11.87,1.11,0.535
19237,7.22,18.3,0.57,0.531
19247,9.11,11.2,1.13,0.604
19248,8.59,28.67,0.83,0.944
19253,8.7,11.61,0.79,0.53
19255,7.13,48.59,1.17,0.865
19261,6.02,21.27,1.03,0.397
19263,9.94,19.7,1.68,1.005
19289,8.29,12.13,0.85,0.565
19292,9.83,19.44,1.07,0.915
19301,7.7,33.43,1.01,0.725
19302,6.07,22.66,0.7,0.943
19316,11.28,24.9,2.59,1.327
19318,8.06,10.36,1.18,0.601
19325,8.61,31.12,1.24,0.9
19327,9.56,19.52,1.05,0.864
19330,8.64,10.38,0.67,0.477
19331,6.58,19.83,0.6,0.386
19333,9.71,39.03,0.93,1.211
19334,9.98,14.23,1.05,0.954
19335,5.52,46.87,0.77,0.52
19337,10.18,73.01,2.19,1.495
19344,8.95,10.39,0.77,0.519
19365,8.27,10.68,1.43,0.637
19371,7.88,11.03,0.91,0.427
19375,7.99,14.44,1.11,0.448
19386,7.64,15.37,0.97,0.553
19388,5.51,11.21,0.87,1.077
19389,7.53,14.95,1.35,0.502
19394,11.79,66.82,2.01,1.48
19400,6.25,21.09,0.8,0.448
19402,6.76,15.5,0.63,0.548
19408,7.08,15.19,0.8,0.345
19410,10.61,22.89,2.21,1.12
19416,8.64,29.01,1.35,0.888
19422,7.7,54.17,0.79,0.952
19427,9.14,10.76,1.42,0.624
19428,6.88,25.08,0.97,0.55
19431,7.03,17.8,0.97,0.712
19432,9.65,11.38,1.03,0.742
19434,6.49,15.96,0.98,0.443
19441,10.1,29.78,1.9,1.192
19454,5.84,24.44,0.55,0.393
19458,7.24,13.2,0.74,0.33
19467,7.16,24.52,0.53,0.551
19472,9.07,29.88,2.67,1.07
19479,9.42,11.82,0.82,0.668
19480,7.02,17.67,0.82,0.413
19481,8.11,23.85,1.26,0.741
19489,7.66,11.78,1.1,0.367
19494,8.65,11.81,1.1,0.626
19501,7.86,15.96,0.95,0.44
19504,6.61,23.22,0.92,0.427
19505,9.61,15.59,1.65,0.877
19507,7.35,12.68,0.92,0.583
19508,7.36,15.88,0.96,0.651
19510,11.46,26.34,2.64,1.298
19511,5.7,10.06,0.9,1.057
19513,5.39,16.72,0.93,0.352
19515,4.93,18.61,0.59,0.334
19535,8.05,10.41,1.56,0.533
19553,8.14,14.29,1.06,0.549
19554,5.71,25.89,0.95,0.36
19571,5.8,13.06,0.72,0.165
19572,8.27,12.91,1.19,0.871
19575,7.83,12.03,1.25,0.461
19579,8.07,11.3,0.66,0.456
19581,9.22,16.73,1.5,0.686
19582,11.38,18.61,2.12,1.126
19587,4.04,25.98,1.04,0.327
19591,9.38,27.21,2.11,1.09
19593,8.29,14.32,0.74,0.521
19600,9.29,14.32,1.16,0.709
19610,8.4,17.96,1.2,0.674
19617,8.61,10.08,1.16,0.465
19628,8.1,11.03,0.99,0.44
19631,8.15,12.75,1.07,0.617
19633,7.44,19.19,0.89,0.735
19637,8.71,12.39,1.3,0.43
19641,6.09,11.42,1.27,1.081
19644,7.43,10.26,0.95,0.938
19650,8.29,10.13,1.09,0.413
19655,9.73,38.64,1.36,1.216
19658,8.73,16.98,0.77,0.663
19684,7.45,17.62,1.79,0.516
19688,7.03,11.29,0.7,0.235
19690,6.78,12.62,0.78,0.351
19696,9.15,11.33,1.61,0.64
19718,6.52,10.81,1.17,0.155
19719,5.29,27.04,0.9,0.366
19739,10.8,28.84,1.44,1.424
19747,3.85,27.85,0.51,1.085
19758,6.77,22.27,0.64,0.577
19763,8.14,10.63,1.44,0.374
19767,6.74,27.98,1.18,0.677
19773,8.06,13.52,0.63,0.501
19775,9.15,12.1,1.1,0.635
19776,8.81,13.44,0.75,0.553
19777,4.87,15.8,0.95,1.156
19780,3.33,19.98,0.45,0.915
19781,8.45,21.91,1.27,0.693
19786,8.05,22.19,1.45,0.64
19788,8.78,30.02,1.68,0.943
19789,7.05,18.12,0.92,0.424
19793,8.05,21.69,1.14,0.657
19796,7.11,21.08,0.97,0.514
19797,9.23,12.84,1.33,0.362
19805,5.45,12.21,0.48,1.106
19807,9.16,11.3,1.4,0.667
19808,10.69,22.67,2.3,1.204
19809,8.46,18.55,1.1,0.545
19820,6.94,14.51,0.85,0.78
19825,8.37,10.46,1.08,0.529
19832,9.38,48.95,4.49,1.209
19835,7.11,14.7,0.98,1.07
19834,11.56,31.94,3.74,1.363
19841,8.19,37.87,0.8,0.84
19842,8.18,15.3,2.01,0.564
19849,4.43,198.24,0.84,0.82
19854,8.14,10.47,0.72,0.8
19855,6.94,47.86,1.15,0.68
19859,6.32,47.2,1.08,0.57
19861,8.71,35.81,1.28,1.012
19862,10.96,31.11,2.76,0.924
19865,9.4,14.5,1.54,0.764
19869,8.72,14.29,0.72,0.654
19870,7.83,19.48,0.99,0.705
19875,8.92,20.47,0.85,0.764
19877,6.31,22.51,0.82,0.4
19884,7.64,76.46,0.63,1.115
19885,8.64,10.03,1.16,0.541
19893,4.26,49.26,0.5,0.312
19894,8.05,14.07,0.78,0.519
19905,8.9,11.47,1.12,0.663
19911,7.5,28.69,1.24,0.661
19912,9.84,26.49,1.98,1.148
19921,4.44,54.84,0.5,1.078
19925,8.07,24.81,0.98,0.669
19926,9.26,17.18,2.05,0.721
19930,8.25,39.08,1.16,0.918
19934,9.14,19.48,1.17,0.813
19946,9.91,12.89,1.8,0.783
19948,10.91,47.05,6.24,1.512
19950,9.86,17.02,1.56,0.909
19959,10.32,27.86,1.84,1.22
19971,7.84,15.44,1.33,0.644
19975,7.12,10.42,1.44,0.444
19976,10.48,25.61,1.15,1.602
19981,9.77,30.56,1.52,1.23
19982,9.41,13.64,1.5,0.733
19983,5.72,12.38,0.74,1.108
19984,8.88,11.0,1.24,0.518
19987,9.67,11.43,1.57,0.755
19990,4.93,34.87,0.8,0.259
20002,9.04,20.4,1.06,0.797
20009,10.82,14.27,1.34,0.991
20012,11.36,28.68,3.38,1.24
20019,8.32,21.4,1.24,0.756
20029,8.91,13.39,1.25,0.498
20041,8.76,12.74,1.46,0.586
20042,3.55,18.27,0.55,-0.108
20048,8.89,25.63,0.98,1.052
20052,7.53,17.96,0.6,0.629
20056,7.53,21.84,1.14,0.681
20060,8.41,11.47,1.12,0.498
20070,4.6,10.25,0.87,0.043
20074,7.75,13.42,0.6,0.466
20082,9.57,20.01,1.91,0.98
20083,8.24,10.19,1.06,0.554
20084,10.46,25.45,2.43,1.285
20086,10.01,19.57,1.86,1.097
20087,5.64,18.25,0.82,0.277
20088,9.31,10.39,1.27,0.582
20093,9.8,26.82,1.54,1.047
20094,8.36,22.53,1.22,0.67
20104,8.3,11.13,1.43,0.493
20106,6.09,10.86,0.69,0.302
20109,6.08,13.49,0.52,0.489
20130,8.62,23.53,1.25,0.745
20142,10.62,35.16,1.84,1.654
20144,6.96,10.09,0.57,0.201
20146,8.47,21.24,1.32,0.721
20150,7.75,12.47,1.13,0.458
20155,6.98,10.1,0.95,0.456
20156,5.46,12.59,0.84,0.235
20161,5.33,14.1,0.51,1.066
20168,8.99,15.79,0.93,0.638
20171,5.5,12.2,0.76,-0.069
20176,7.17,13.35,0.89,0.363
20184,8.16,16.3,0.87,0.641
20185,7.85,10.07,0.93,0.435
20186,5.34,10.32,0.76,-0.107
20187,9.81,20.13,2.02,0.924
20197,7.51,12.93,1.06,0.991
20199,8.26,22.45,0.78,0.682
20205,3.65,21.17,1.17,0.981
20206,7.99,10.42,1.06,0.448
20215,6.85,23.27,1.14,0.509
20218,7.84,27.88,0.96,0.673
20219,5.58,22.31,0.92,0.283
20221,8.27,12.01,1.3,0.57
20227,8.87,16.93,1.81,0.807
20232,9.78,32.74,1.65,1.209
20237,7.46,22.27,0.93,0.56
20240,9.81,32.25,1.65,1.12
20242,7.87,14.79,0.98,0.654
20252,4.93,14.42,0.83,0.95
20255,6.11,21.12,0.77,0.404
20257,6.78,11.25,1.04,0.284
20261,5.26,21.2,0.99,0.225
20263,6.15,15.83,0.77,0.901
20277,9.36,23.6,0.91,1.003
20281,6.52,10.17,0.91,0.148
20284,6.15,21.8,0.85,0.456
20297,5.78,18.61,0.49,0.359
20302,10.69,35.72,1.52,1.385
20316,8.98,12.45,1.14,0.602
20325,7.5,17.08,0.6,0.473
20326,7.97,10.76,1.26,0.351
20331,9.14,12.89,0.89,0.672
20332,7.86,12.73,1.1,0.4
20334,8.25,12.52,0.98,1.071
20338,11.53,35.83,4.25,0.866
20342,8.78,27.46,1.87,0.939
20347,6.08,18.4,1.16,0.371
20349,6.79,19.55,0.89,0.434
20350,6.8,19.83,0.89,0.441
20357,6.6,19.46,1.02,0.412
20359,9.63,32.58,1.95,1.166
20366,8.69,17.53,1.49,0.603
20369,8.37,11.96,1.13,0.445
20373,6.92,16.12,1.03,0.571
20375,7.53,18.16,0.88,0.569
20380,5.91,10.53,0.68,0.112
20385,7.95,13.67,0.68,0.456
20395,7.02,19.51,0.88,0.616
20397,9.27,19.15,2.11,0.689
20400,5.72,21.87,0.96,0.315
20413,10.32,13.1,1.94,0.673
20415,9.09,15.44,1.28,0.656
20418,9.54,10.77,1.56,0.649
20419,9.79,19.17,1.93,1.183
20430,5.38,12.19,1.0,-0.041
20434,7.71,16.38,1.02,0.798
20440,6.97,21.45,2.76,0.518
20441,7.86,26.96,1.4,0.677
20444,10.04,21.31,1.39,0.989
20446,6.77,10.05,0.56,0.209
20455,3.77,21.29,0.93,0.983
20457,8.03,10.59,1.19,0.777
20470,8.2,11.9,0.87,0.536
20475,9.11,10.2,1.29,0.562
20478,7.82,24.9,0.87,0.627
20480,8.84,20.63,1.34,0.758
20482,9.39,15.82,1.44,0.908
20484,5.64,21.17,0.8,0.31
20485,10.47,21.08,2.69,1.231
20489,8.59,14.02,1.01,0.686
20491,7.18,20.04,0.89,0.462
20492,9.11,21.23,1.8,0.855
20507,5.17,15.66,0.8,0.072
20509,9.16,15.36,1.34,0.773
20512,8.31,11.98,1.06,0.642
20514,7.92,10.91,0.68,0.427
20516,10.14,10.56,1.11,0.638
20524,8.38,21.22,0.94,0.701
20525,9.18,10.14,0.81,0.567
20527,10.89,22.57,2.78,1.288
20528,10.97,19.26,2.09,1.21
20529,6.98,10.2,0.55,0.32
20535,3.97,11.95,0.59,1.468
20541,7.05,13.84,0.99,0.375
20542,4.8,22.36,0.88,0.154
20551,9.82,15.3,1.07,0.822
20552,6.28,36.92,0.84,0.659
20553,7.58,22.25,1.52,0.604
20557,7.13,24.47,1.06,0.518
20561,7.06,15.99,0.62,0.472
20563,9.99,19.35,1.79,1.05
20567,6.96,18.74,1.17,0.45
20574,7.76,12.18,1.18,0.413
20576,7.11,10.64,0.97,0.16
20577,7.79,20.73,1.29,0.599
20586,6.87,20.69,1.02,0.456
20591,5.77,24.0,0.91,0.4
20594,9.66,15.49,1.25,0.783
20598,8.1,15.11,1.8,0.67
20601,8.93,14.97,1.51,0.758
20606,7.69,17.8,0.64,0.722
20610,8.0,15.48,2.04,0.516
20611,8.64,13.81,0.87,0.754
20612,8.2,16.98,2.29,0.524
20613,6.55,11.94,0.66,0.445
20614,5.97,20.4,0.74,0.378
20616,8.41,21.0,1.37,0.639
20625,7.89,23.13,0.64,0.65
20626,7.86,15.92,1.0,0.448
20627,8.25,10.83,0.66,0.605
20630,6.38,27.0,0.57,0.457
20635,4.21,21.27,0.8,0.136
20637,9.96,15.11,1.66,0.964
20638,7.79,24.04,0.74,0.629
20639,9.22,10.32,0.78,0.622
20641,5.27,22.65,0.84,0.25
20649,9.43,11.17,1.2,0.631
20648,4.3,22.05,0.77,0.049
20652,11.06,21.93,2.8,1.26
20661,6.44,21.47,0.97,0.509
20669,8.3,15.21,0.95,0.804
20671,8.23,10.46,1.33,0.495
20673,7.25,23.86,1.21,0.2
20677,7.86,23.09,0.62,0.65
20679,8.99,20.79,1.83,0.935
20686,8.07,23.08,1.22,0.68
20690,8.59,22.24,1.14,0.671
20693,7.36,22.03,0.9,0.509
20697,8.37,11.46,1.29,0.519
20699,9.73,20.27,1.69,0.87
20704,5.29,13.42,0.81,0.986
20711,4.28,21.07,0.8,0.263
20712,7.36,21.54,0.97,0.557
20713,4.48,20.86,0.84,0.262
20719,8.04,21.76,1.46,0.651
20722,8.05,21.66,1.15,0.657
20724,9.76,17.13,1.47,0.837
20723,7.8,25.28,1.08,0.75
20727,6.81,18.89,0.66,0.386
20736,9.11,10.19,1.24,0.655
20737,8.78,25.66,1.2,0.841
20739,8.29,10.77,0.66,0.5
20741,8.1,21.42,1.54,0.664
20745,10.5,28.27,3.17,1.358
20751,9.45,23.03,1.66,1.033
20752,8.06,19.51,1.01,0.629
20753,7.66,13.54,0.95,0.643
20754,8.13,10.03,1.12,0.559
20761,7.0,15.05,0.78,0.551
20762,10.48,21.83,2.29,1.146
20769,7.69,15.26,1.5,0.586
20781,6.1,30.82,0.53,0.47
20785,8.57,11.09,1.11,0.797
20792,9.99,14.37,1.06,0.87
20794,7.58,15.28,1.14,0.408
20800,6.72,33.52,0.86,0.711
20802,7.75,10.05,0.92,0.752
20807,8.11,13.05,1.68,0.56
20806,8.4,20.9,2.04,1.0
20811,7.14,14.99,0.64,0.591
20815,7.41,21.83,1.01,0.537
20819,7.08,12.76,0.69,0.466
20826,7.49,21.18,1.04,0.56
20827,9.48,17.29,2.23,0.929
20834,9.4,24.05,1.64,0.894
20842,5.72,20.85,0.86,0.27
20850,9.02,21.29,1.91,0.839
20854,6.69,14.08,0.89,0.827
20869,8.25,12.72,1.77,0.477
20873,5.9,18.42,1.93,0.325
20877,4.96,16.78,1.02,1.137
20879,8.01,12.07,0.76,0.838
20882,8.02,13.55,1.02,0.506
20885,3.84,20.66,0.85,0.952
20889,3.53,21.04,0.82,1.014
20890,8.62,20.09,1.11,0.741
20891,10.25,13.25,1.79,0.976
20892,5.95,10.09,0.67,1.215
20894,3.4,21.89,0.83,0.179
20895,10.92,25.0,3.24,1.389
20896,7.76,10.14,0.67,0.465
20899,7.83,21.09,1.08,0.609
20901,5.02,20.33,0.84,0.215
20902,8.01,13.38,1.34,0.473
20904,6.38,18.42,1.61,0.547
20910,7.67,11.4,0.92,0.561
20913,7.71,13.35,1.09,0.512
20916,6.59,20.58,1.74,0.536
20917,8.3,87.17,1.05,1.363
20920,8.2,11.8,0.65,0.435
20924,9.18,13.69,0.82,0.721
20935,7.02,23.25,1.04,0.526
20939,7.8,12.36,1.13,0.434
20948,6.9,21.59,1.09,0.451
20949,9.19,17.08,1.18,0.766
20951,8.95,24.19,1.76,0.831
20964,8.74,13.88,1.14,0.49
20978,9.08,24.71,1.27,0.865
20981,8.37,12.48,0.75,0.501
20982,5.47,10.74,0.54,0.855
20984,8.98,12.08,1.53,0.645
20995,5.58,22.93,1.25,0.324
20998,7.68,19.33,0.59,0.711
20999,9.5,10.77,1.1,0.595
21000,9.83,84.76,4.74,0.6
21006,10.45,35.53,2.74,1.364
21008,7.09,19.94,0.93,0.47
21010,6.51,25.18,0.95,0.722
21017,7.98,12.52,1.27,1.032
21029,4.78,22.54,0.77,0.17
21030,9.6,12.18,1.11,0.81
21034,7.72,10.21,0.92,0.399
21035,8.16,11.33,0.83,0.714
21036,5.4,21.84,0.89,0.263
21038,6.18,10.63,0.86,-0.026
21039,5.47,22.55,1.09,0.258
21053,6.5,24.28,0.79,0.428
21066,7.03,22.96,0.99,0.472
21069,8.59,19.02,1.13,0.634
21070,9.2,11.06,0.94,0.575
21077,9.27,12.18,1.0,0.682
21079,8.26,19.87,0.78,0.64
21081,9.68,14.46,1.03,0.708
21088,10.82,181.36,3.67,1.17
21090,8.17,10.58,1.17,0.502
21091,8.7,14.85,1.27,0.665
21099,8.59,21.81,1.25,0.734
21103,8.55,27.77,1.06,0.803
21105,9.06,13.03,1.48,0.768
21112,7.78,19.46,1.02,0.54
21113,8.36,12.07,0.92,0.465
21121,7.56,13.45,0.8,0.424
21123,9.53,23.41,1.65,0.987
21125,10.19,14.66,1.65,0.676
21129,9.15,10.2,1.28,0.674
21131,9.26,10.06,0.79,0.552
21137,6.01,22.25,1.14,0.338
21141,8.21,10.95,0.77,0.681
21143,7.16,17.95,0.84,0.484
21152,6.37,23.13,0.92,0.42
21158,7.08,25.55,0.92,0.641
21165,7.83,23.97,0.69,0.63
21167,6.8,23.09,0.94,0.47
21172,7.61,27.05,1.02,0.683
21187,8.54,16.37,0.7,0.561
21197,10.89,25.01,2.05,1.27
21200,8.17,10.22,0.67,0.412
21220,8.07,15.07,1.04,0.48
21223,8.74,39.93,0.93,0.99
21226,8.74,11.35,1.63,0.512
21224,7.69,12.75,0.75,0.446
21229,7.49,10.97,0.97,0.464
21231,7.72,13.27,0.94,0.503
21232,9.8,12.9,1.4,0.682
21238,6.8,13.7,1.04,0.213
21242,6.09,15.48,0.9,0.37
21244,11.21,15.8,2.28,0.956
21245,8.09,18.72,0.97,0.549
21248,4.49,26.22,0.71,0.972
21253,5.79,21.74,0.51,1.028
21256,10.69,24.98,1.95,1.237
21257,6.58,13.36,0.91,0.188
21261,10.74,21.06,2.21,1.197
21267,6.62,22.8,0.98,0.429
21272,7.92,37.33,2.58,0.779
21273,4.65,21.39,1.24,0.255
21276,7.75,36.32,1.07,0.759
21279,7.8,10.13,0.96,0.687
21280,8.48,24.02,1.68,0.847
21281,3.3,18.56,0.46,-0.079
21284,8.81,44.52,0.8,1.106
21286,9.14,17.25,0.8,0.724
21301,7.46,15.86,0.94,0.473
21307,7.24,16.23,0.97,0.714
21308,7.72,21.36,1.07,0.615
21317,7.9,23.19,1.3,0.631
21321,9.41,11.11,1.41,0.548
21327,7.61,35.88,0.72,0.776
21329,8.62,16.39,1.09,0.734
21354,7.38,14.18,1.28,0.478
21368,8.61,18.47,0.82,0.629
21369,6.65,15.77,1.27,0.314
21380,8.91,23.09,1.26,0.77
21381,6.69,18.62,0.83,0.497
21383,7.88,26.45,1.15,0.632
21386,6.55,27.28,1.48,0.529
21388,7.9,10.13,0.64,0.596
21393,3.81,15.62,0.63,0.957
21395,8.91,13.51,1.32,0.59
21397,8.45,12.92,1.04,0.524
21402,4.25,21.68,0.82,0.184
21403,7.24,15.41,1.03,0.575
21409,9.6,10.27,1.38,0.664
21411,8.46,12.77,1.1,0.635
21414,8.18,18.65,0.96,0.66
21421,0.87,50.09,0.95,1.538
21425,9.85,11.0,1.02,0.7
21426,6.91,14.29,0.81,0.516
21431,7.29,16.32,0.56,0.433
21433,8.32,34.23,1.45,0.902
21436,7.58,29.69,0.93,0.685
21438,9.02,17.69,0.9,0.671
21442,8.18,11.19,1.09,0.456
21443,8.61,14.92,1.22,0.583
21445,7.95,15.65,1.14,0.463
21456,7.2,18.36,0.64,0.401
21455,9.48,23.01,0.85,0.865
21458,10.54,15.78,1.38,1.058
21459,6.01,22.6,0.76,0.38
21474,6.64,22.99,0.95,0.442
21475,9.94,18.93,1.75,0.852
21477,8.56,11.0,1.23,0.831
21478,9.43,10.59,1.55,0.57
21479,5.59,16.02,0.69,1.5
21482,8.1,56.02,1.21,1.104
21488,7.93,14.74,1.48,0.577
21489,9.98,29.96,1.73,1.124
21497,8.63,10.19,0.98,0.539
21503,9.47,14.29,1.47,0.75
21516,7.76,12.74,1.08,0.498
21534,7.5,16.69,0.97,0.563
21537,7.49,15.97,1.0,0.571
21539,10.17,28.61,1.31,1.0
21541,9.6,10.2,1.07,0.689
21543,7.53,23.54,1.29,0.597
21547,5.22,33.6,0.91,0.283
21548,9.33,15.96,1.23,0.703
21553,8.62,98.12,1.2,1.423
21556,10.34,90.23,1.81,1.505
21559,8.34,23.19,1.52,0.747
21571,7.76,33.84,0.91,0.71
21586,10.39,15.66,2.03,0.622
21588,5.78,21.96,1.04,0.312
21589,4.27,21.79,0.79,0.122
21594,3.86,29.84,0.62,1.082
21595,7.33,14.08,0.8,0.453
21608,8.44,10.14,1.27,0.602
21609,9.85,17.0,0.98,0.639
21617,8.34,11.49,1.07,0.456
21618,7.13,10.67,0.81,0.255
21619,6.56,14.29,1.64,0.344
21622,9.19,12.74,0.99,0.646
21625,7.64,15.56,0.93,0.53
21632,8.47,18.27,1.02,0.611
21637,7.51,22.6,0.91,0.576
21644,4.99,14.34,0.78,0.074
21654,7.96,20.81,1.3,0.655
21668,9.32,10.75,1.33,0.661
21670,5.38,19.44,0.86,0.257
21672,7.2,16.77,0.87,0.429
21673,5.08,21.49,0.96,0.141
21680,9.54,11.86,1.66,0.867
21683,4.67,20.51,0.82,0.147
21685,5.46,16.42,0.69,1.054
21694,7.69,10.36,0.71,0.927
21698,8.86,22.34,1.07,0.91
21702,9.04,11.04,1.49,0.64
21703,8.93,17.64,1.15,0.83
21704,7.18,11.68,1.13,1.2
21705,7.96,13.26,1.0,0.491
21710,9.19,35.21,1.81,1.018
21723,10.04,23.95,1.63,1.073
21724,8.45,14.52,0.9,0.47
21730,5.36,11.76,0.86,0.331
21731,7.76,26.42,0.66,0.747
21741,9.4,15.96,1.36,0.811
21743,5.56,10.34,0.69,0.926
21749,6.58,14.61,1.0,0.425
21750,10.81,22.71,2.12,1.254
21756,6.53,32.3,0.98,0.677
21757,8.67,11.79,0.83,0.68
21760,6.8,13.17,0.94,0.393
21762,9.47,23.65,2.53,1.096
21764,7.66,10.51,0.73,0.515
21765,10.27,49.58,4.13,1.49
21767,10.4,14.69,2.05,0.696
21770,4.44,49.67,0.53,0.342
21778,7.74,24.6,0.84,0.621
21783,8.04,16.13,1.26,0.485
21788,8.84,19.48,1.26,0.688
21807,8.09,11.12,1.11,0.516
21818,8.09,74.13,1.24,1.092
21821,8.15,18.34,0.66,0.528
21823,5.66,10.48,0.89,0.002
21832,7.29,35.31,1.07,0.633
21839,8.61,11.48,1.02,0.609
21843,6.77,14.44,0.56,0.745
21847,5.97,32.03,0.91,0.593
21849,7.37,11.12,0.79,0.3
21850,8.41,18.28,0.77,0.773
21861,5.04,36.16,0.6,0.391
21863,7.19,11.26,0.86,0.484
21865,9.98,32.67,1.27,1.199
21879,9.79,18.98,0.97,0.93
21882,6.76,12.76,0.83,0.354
21884,11.37,30.76,3.0,1.43
21888,9.75,14.61,1.01,0.688
21889,8.86,17.14,0.77,0.812
21891,9.09,11.63,1.09,0.56
21892,8.03,11.7,0.65,0.43
21915,6.66,13.9,0.91,0.291
21918,7.4,18.42,1.12,0.76
21921,8.29,27.55,1.04,0.71
21923,7.12,23.23,1.25,0.677
21926,10.27,19.22,2.64,0.818
21928,5.3,12.02,0.97,0.028
21932,9.95,106.16,2.51,1.523
21934,9.98,29.06,1.05,1.197
21935,8.15,11.87,1.11,0.642
21941,7.91,12.64,1.39,0.506
21940,7.51,10.66,0.83,0.356
21946,9.92,21.1,2.22,1.122
21953,8.66,11.51,1.32,0.533
21960,7.61,36.74,0.6,0.746
21961,6.18,20.03,0.71,0.544
21962,10.24,13.42,1.3,0.847
21963,8.03,18.24,1.11,0.649
21965,7.12,17.17,1.24,0.411
21983,10.29,21.48,1.84,1.16
21988,8.0,44.74,0.99,0.907
21991,9.95,20.42,1.55,0.95
22002,9.31,14.63,1.29,0.767
22003,6.49,13.89,1.2,0.311
22006,6.9,23.18,0.56,0.498
22011,8.45,11.02,0.85,0.455
22013,6.91,11.06,1.2,0.014
22020,9.1,10.76,1.41,0.667
22021,7.61,15.18,2.09,0.442
22028,5.53,11.06,0.78,0.025
22032,8.77,20.46,1.64,0.7
22040,5.28,14.66,0.51,0.206
22044,5.39,20.73,0.88,0.251
22052,7.54,21.31,0.97,0.541
22055,6.74,13.49,1.08,0.778
22059,9.54,32.87,2.66,0.95
22062,8.33,16.14,0.87,0.606
22063,8.08,11.12,0.98,0.47
22064,8.62,15.11,1.18,0.718
22066,8.18,11.12,0.68,0.526
22067,8.09,23.43,2.55,0.864
22073,9.31,11.6,0.9,0.653
22087,8.09,12.2,0.89,0.483
22092,7.85,11.54,1.13,0.438
22116,9.79,10.04,1.04,0.533
22121,8.89,33.68,0.87,0.955
22122,7.58,48.9,0.64,0.875
22134,10.3,16.33,1.56,0.962
22137,7.25,11.0,1.18,0.291
22142,9.22,21.23,0.95,0.825
22144,6.04,10.36,0.54,1.065
22145,8.82,13.64,0.75,0.56
22150,7.39,10.71,0.62,0.432
22151,7.51,14.6,1.12,0.605
22152,6.46,31.03,0.56,0.512
22157,5.35,12.24,0.86,0.197
22159,7.52,13.03,0.79,0.443
22160,8.55,12.22,0.76,0.502
22162,8.83,11.27,1.19,0.675
22175,7.81,31.11,1.07,0.679
22176,5.99,10.81,0.94,1.221
22177,10.92,22.45,2.32,1.277
22189,6.33,11.76,1.07,0.041
22192,6.18,17.4,0.68,0.189
22196,6.53,14.07,0.87,0.704
22199,8.59,11.48,0.7,0.499
22203,8.3,19.42,1.09,0.665
22221,7.24,26.26,1.04,0.56
22224,9.6,24.11,1.72,0.967
22226,7.85,12.8,0.86,0.393
22229,7.72,15.34,0.61,0.581
22246,10.12,24.07,3.1,0.8
22249,7.23,13.28,0.77,0.448
22253,10.69,15.74,1.98,1.112
22257,9.66,13.84,0.96,0.679
22263,5.49,75.1,0.8,0.632
22265,8.54,19.81,1.43,0.72
22271,10.61,22.07,2.03,1.174
22278,8.52,14.25,0.8,0.66
22281,9.28,26.35,0.95,0.974
22286,9.17,19.34,0.98,0.956
22287,5.29,20.12,0.79,0.246
22288,9.53,38.3,1.16,1.135
22295,8.14,16.55,0.62,0.538
22296,7.49,17.29,1.0,0.453
22298,8.96,13.51,1.31,0.557
22300,6.32,19.6,0.82,0.32
22303,7.47,10.38,0.85,0.332
22309,6.89,11.55,0.97,0.461
22312,7.0,13.95,0.75,0.32
22319,6.51,21.03,0.86,0.846
22320,9.12,18.21,1.27,0.795
22322,8.81,10.28,1.44,0.635
22325,5.76,24.06,0.75,0.537
22336,5.77,37.73,0.89,0.631
22347,7.57,11.55,0.99,0.433
22349,6.95,32.51,0.99,0.618
22350,9.06,19.3,1.67,0.843
22360,7.84,17.34,0.99,0.526
22361,5.96,21.92,0.57,0.283
22373,8.95,22.5,1.22,0.774
22380,8.98,21.38,1.46,0.833
22382,8.06,10.71,1.36,0.599
22387,7.74,19.42,0.75,0.528
22393,5.57,13.9,0.81,1.132
22394,9.51,18.96,1.62,1.052
22395,7.88,23.28,1.08,0.676
22422,7.72,19.68,0.96,0.578
22424,10.88,38.91,2.13,1.421
22427,9.67,13.19,0.97,0.732
22429,8.21,13.61,1.11,0.611
22430,8.49,10.67,0.78,0.538
22431,7.64,34.1,1.06,0.846
22439,6.27,28.28,0.8,0.456
22446,8.5,13.26,1.11,0.623
22449,3.19,124.6,0.95,0.484
22451,7.49,55.59,0.71,0.901
22473,9.1,12.26,0.85,0.644
22479,5.03,13.4,0.68,0.992
22481,9.49,18.68,2.36,0.854
22482,9.21,12.67,1.28,0.753
22488,6.06,19.11,0.53,0.408
22496,7.1,22.96,1.17,0.563
22500,7.18,17.42,0.61,0.526
22504,8.14,23.2,0.66,0.614
22505,7.73,23.64,0.99,0.74
22506,8.94,18.89,0.85,0.737
22509,4.35,16.84,1.28,0.01
22515,8.57,11.22,1.0,0.6
22524,7.29,19.3,0.95,0.536
22528,9.51,11.28,1.06,0.63
22529,7.28,14.39,0.96,0.471
22531,5.58,26.97,1.32,0.341
22538,8.58,13.87,1.13,0.512
22545,5.64,10.16,0.75,1.013
22550,6.79,20.15,1.14,0.543
22559,9.25,20.54,1.47,0.86
22562,9.02,27.1,0.8,0.885
22563,6.81,18.02,0.51,0.615
22565,5.08,17.27,0.82,0.214
22566,7.9,17.14,1.0,0.527
22569,7.91,18.15,1.17,0.673
22572,8.22,13.65,0.74,0.579
22573,5.82,11.39,0.59,0.105
22576,6.78,30.51,0.94,0.717
22587,8.79,10.51,0.77,0.71
22589,8.08,18.11,0.86,0.586
22596,6.94,33.44,1.12,0.586
22602,8.15,31.45,0.86,0.766
22604,8.83,16.18,0.91,0.655
22607,6.3,23.91,1.04,0.502
22611,6.68,16.02,0.62,0.533
22615,8.09,23.94,0.95,0.77
22616,6.82,18.3,1.15,0.423
22624,8.07,12.28,1.06,0.51
22627,11.94,82.52,3.99,1.59
22632,9.13,15.55,1.2,0.497
22633,6.71,17.35,1.06,0.875
22638,9.26,33.82,2.51,1.12
22643,8.58,11.21,0.99,0.674
22646,8.59,30.39,0.78,0.89
22650,6.69,15.43,1.04,0.558
22651,9.43,13.49,1.02,0.686
22654,10.29,18.93,2.02,1.07
22657,7.79,14.92,0.94,0.425
22683,7.8,14.48,0.96,0.446
22688,7.51,19.75,0.94,0.639
22695,7.87,13.2,1.15,0.574
22701,4.36,14.39,0.88,0.257
22703,7.1,22.08,0.98,0.74
22715,8.78,37.09,1.37,1.019
22717,6.28,30.74,0.51,0.521
22718,8.27,11.0,1.08,0.599
22729,7.64,10.78,1.14,0.664
22738,10.73,89.47,3.55,1.58
22760,9.02,11.91,1.44,0.546
22762,10.9,80.89,1.97,1.547
22768,7.58,12.03,1.3,0.417
22771,11.02,17.84,1.81,1.006
22772,10.08,23.05,2.73,1.271
22773,7.61,11.37,1.07,0.523
22776,7.77,35.14,1.12,0.747
22777,9.78,13.44,1.54,0.85
22782,7.22,14.82,0.88,0.536
22787,7.6,38.52,0.76,0.792
22788,8.2,12.87,0.8,0.524
22792,7.53,15.87,1.14,0.417
22809,8.78,10.84,1.51,0.484
22816,8.96,12.63,0.82,0.515
22817,7.95,14.87,1.19,0.533
22824,8.04,14.62,0.84,0.58
22826,7.13,18.58,1.12,0.583
22828,7.9,12.01,1.09,0.541
22833,5.18,13.54,0.95,0.121
22844,6.11,32.38,0.52,0.442
22845,4.64,27.04,0.94,0.085
22850,6.36,14.67,0.95,0.292
22879,8.89,12.27,1.15,0.57
22881,5.71,11.3,0.82,0.874
22889,8.36,14.24,1.24,0.599
22897,6.71,11.39,0.67,0.271
22905,7.49,26.31,0.82,0.606
22906,7.98,28.08,1.13,0.8
22907,8.13,55.67,0.9,1.072
22915,8.27,11.89,1.24,0.453
22919,7.02,27.78,0.9,0.561
22921,10.02,22.95,2.13,1.146
22926,6.88,12.45,1.04,0.246
22933,9.05,16.61,0.76,0.769
22938,6.42,17.02,1.1,0.415
22940,8.43,25.5,1.27,0.837
22942,8.81,13.56,1.43,0.78
22949,6.33,23.15,0.88,0.351
22953,8.26,19.05,0.69,0.77
22957,4.06,19.26,1.05,1.158
22961,8.77,27.07,0.99,0.985
22972,7.51,14.72,1.28,0.516
22973,9.89,15.17,1.39,0.79
23010,8.09,11.46,0.69,0.47
23016,9.45,10.97,1.04,0.69
23020,6.95,14.91,0.92,0.395
23027,8.6,22.09,1.58,0.714
23036,9.76,10.51,1.37,0.637
23041,6.25,11.91,0.85,0.423
23042,8.94,16.87,0.89,0.649
23044,8.49,12.62,1.89,0.616
23046,8.36,13.91,0.65,0.477
23054,8.61,16.86,1.37,0.558
23056,8.94,14.29,1.48,0.624
23069,8.89,19.66,1.62,0.737
23080,8.15,30.22,1.13,0.75
23088,5.79,11.01,0.9,0.018
23093,8.14,12.76,0.99,0.598
23100,7.21,21.04,1.07,0.496
23105,7.2,29.85,1.04,0.705
23116,6.97,20.13,1.08,0.516
23117,6.74,17.13,0.97,0.335
23122,7.77,10.31,0.66,0.345
23127,9.72,18.49,1.57,0.91
23128,7.94,23.13,0.92,0.581
23139,9.02,10.39,1.31,0.573
23140,10.97,51.51,2.45,1.432
23141,9.37,18.65,1.57,0.895
23147,9.8,60.48,1.56,1.413
23157,8.75,16.17,0.77,0.717
23158,8.35,13.75,0.82,0.521
23166,5.65,23.17,0.83,0.447
23170,8.36,12.12,0.95,0.579
23172,8.12,13.06,0.92,0.454
23179,4.93,20.5,0.94,0.037
23185,7.11,13.8,0.67,0.473
23189,10.85,10.76,1.49,0.719
23198,10.88,31.17,2.63,1.293
23200,10.05,37.5,2.56,1.394
23204,7.29,20.2,1.01,0.803
23207,7.82,11.33,1.02,0.923
23208,9.83,28.43,1.61,1.18
23209,8.49,14.1,1.38,0.55
23213,6.66,10.71,0.86,0.952
23214,6.75,23.09,0.83,0.45
23221,5.39,18.29,1.09,0.797
23231,4.78,11.21,0.74,0.267
23243,9.24,14.28,1.15,0.683
23248,9.0,25.63,1.17,0.796
23259,8.04,26.02,1.15,0.68
23261,5.95,18.86,1.26,0.415
23277,8.02,16.18,2.0,0.57
23283,9.31,15.43,1.34,0.583
23286,6.75,28.49,1.34,0.673
23296,6.31,20.17,0.87,0.293
23302,10.84,24.66,2.38,1.243
23306,8.6,10.01,1.11,0.539
23307,8.66,11.77,1.21,0.524
23309,10.02,38.08,1.07,1.297
23311,6.22,113.46,0.82,1.049
23312,9.71,16.77,1.79,0.957
23314,8.11,15.93,0.75,0.524
23316,9.52,13.77,0.97,0.666
23317,10.03,22.01,2.26,1.036
23318,7.71,20.08,0.69,0.56
23322,9.47,12.68,1.57,0.62
23342,11.98,23.98,2.39,1.41
23345,8.18,12.04,0.66,0.447
23347,7.48,14.78,0.83,0.458
23355,7.42,11.95,0.95,0.396
23362,4.91,15.6,0.73,-0.047
23373,8.04,15.63,1.08,0.531
23380,6.03,27.1,0.8,0.448
23381,7.54,10.05,0.72,0.771
23383,9.34,15.86,0.85,0.712
23384,8.06,25.65,1.43,0.69
23396,7.99,24.38,1.78,0.74
23395,6.79,25.27,1.77,0.506
23399,8.11,14.34,1.21,0.513
23402,8.22,25.43,1.34,0.7
23409,9.23,11.39,1.66,0.61
23413,7.53,17.48,0.74,0.482
23414,8.31,16.71,1.2,0.571
23423,8.73,11.25,1.27,0.509
23425,7.12,15.83,1.0,0.446
23430,5.01,13.45,0.59,1.056
23431,8.19,34.88,1.46,0.72
23437,7.02,44.94,0.58,0.636
23443,7.51,26.0,1.17,0.615
23452,8.31,117.38,1.81,1.43
23472,8.18,10.89,1.1,0.456
23475,5.86,10.48,0.85,1.212
23480,8.14,11.56,1.09,0.579
23482,5.37,38.19,0.51,0.421
23484,6.2,35.78,0.62,0.509
23492,7.24,10.82,1.02,0.343
23497,4.62,20.01,0.91,0.155
23498,9.0,18.44,1.66,0.765
23509,8.15,15.76,1.17,0.607
23512,11.71,107.86,2.95,1.661
23516,9.28,37.93,5.0,1.281
23518,9.96,71.35,1.76,1.389
23530,7.63,31.76,1.05,0.66
23532,7.93,31.92,0.95,0.71
23547,9.64,10.72,0.83,0.709
23550,7.44,12.63,1.01,0.81
23553,8.38,18.6,0.7,0.637
23554,5.61,16.65,0.64,0.094
23555,6.3,31.93,0.57,0.528
23563,9.79,26.73,2.13,1.06
23573,10.03,16.17,1.11,0.739
23575,8.6,20.83,1.22,0.741
23585,6.51,17.52,0.84,0.223
23593,9.69,19.67,1.54,0.798
23595,4.55,17.63,0.54,1.177
23614,6.62,10.57,0.88,0.238
23627,7.2,23.59,0.89,0.618
23631,7.19,10.42,0.8,0.897
23641,9.27,24.02,0.95,0.787
23644,8.36,14.96,1.61,0.695
23655,9.51,16.1,1.86,0.61
23662,7.69,16.69,1.12,0.509
23668,5.71,13.58,0.64,1.166
23678,8.67,12.85,0.68,0.64
23685,3.19,14.39,0.68,1.46
23686,9.71,21.18,1.66,0.991
23693,4.71,85.83,0.46,0.526
23694,10.02,21.85,2.06,1.04
23704,8.24,10.28,1.26,0.492
23708,8.98,86.76,0.89,1.386
23709,7.31,16.8,0.88,0.453
23710,7.86,13.18,1.23,0.844
23716,7.87,21.24,1.45,1.0
23719,8.25,15.73,0.68,0.592
23724,6.49,12.14,0.93,0.184
23730,6.68,11.01,0.67,0.391
23739,8.09,10.97,0.76,0.542
23742,7.72,16.73,0.59,0.491
23747,7.61,13.26,0.94,0.481
23750,8.82,18.78,1.4,0.73
23765,7.79,12.44,1.08,0.705
23767,3.18,14.87,0.74,-0.148
23776,7.32,27.38,0.82,0.652
23783,4.98,38.14,0.79,0.343
23786,7.74,41.7,1.14,0.804
23789,7.3,16.9,1.25,0.559
23794,5.12,11.65,0.73,-0.059
23795,8.01,13.11,1.09,0.523
23797,7.7,13.16,1.0,0.427
23802,7.3,13.45,0.9,0.549
23816,7.04,19.54,0.87,0.506
23818,6.47,26.44,0.76,0.648
23824,6.8,21.01,0.64,0.573
23831,5.97,27.6,0.67,0.606
23835,4.91,63.02,0.93,0.657
23841,7.33,15.05,0.61,0.49
23851,9.13,10.19,1.07,0.535
23852,6.15,35.34,0.82,0.625
23854,9.09,12.65,1.86,0.512
23857,7.93,16.43,0.67,0.524
23869,8.61,23.54,1.19,0.785
23870,9.59,11.6,1.02,0.662
23871,5.28,18.8,0.82,0.118
23875,2.78,36.71,0.76,0.161
23876,9.04,10.92,0.74,0.527
23879,5.33,16.84,1.32,0.338
23881,8.67,10.53,0.76,0.608
23884,7.6,28.38,1.08,0.664
23887,9.7,16.13,1.84,0.9
23889,8.05,11.51,0.9,0.641
23896,6.66,13.57,1.2,0.98
23913,9.07,19.6,1.4,0.71
23922,9.35,11.91,1.59,0.607
23926,6.75,17.4,0.95,0.662
23929,7.07,13.42,0.95,0.409
23930,7.24,10.43,1.03,0.56
23932,10.28,107.3,2.0,1.52
23935,7.22,10.94,0.88,0.406
23938,8.92,10.06,1.28,0.627
23941,5.11,39.99,0.7,0.455
23977,8.31,10.91,1.19,0.403
23983,5.43,18.54,0.83,0.249
23984,8.84,14.12,0.79,0.651
23986,8.74,11.86,0.76,0.534
24005,8.51,17.28,1.19,0.677
24008,7.49,16.51,0.6,0.463
24009,6.63,11.81,0.77,0.251
24010,4.81,10.24,0.96,0.313
24016,6.67,18.79,0.92,0.526
24017,6.37,25.27,0.71,0.448
24019,5.93,18.28,1.3,0.311
24020,8.62,18.28,1.3,0.707
24021,7.41,21.39,1.21,0.464
24031,7.02,11.86,1.34,0.546
24035,9.22,25.67,1.53,0.93
24037,8.49,21.8,1.22,0.681
24039,9.48,11.27,1.04,0.74
24041,6.11,10.37,1.14,1.098
24046,6.97,24.88,1.06,0.505
24059,6.69,14.8,0.91,0.381
24065,7.76,16.15,1.29,0.539
24069,12.27,32.83,4.72,1.383
24076,7.42,17.56,0.99,0.543
24084,7.58,12.47,0.54,0.513
24093,7.3,10.09,1.09,0.111
24098,8.65,17.19,0.75,0.704
24096,7.72,12.49,1.16,0.529
24104,8.16,10.09,1.06,0.533
24108,6.74,11.63,0.88,0.301
24109,5.67,21.64,0.87,0.452
24110,8.71,17.86,0.82,0.765
24113,8.46,14.85,1.43,0.636
24116,7.84,11.56,1.19,0.445
24130,6.24,20.66,0.84,0.984
24133,7.61,21.39,2.18,0.718
24136,9.58,15.74,1.44,0.815
24142,9.15,13.53,1.78,0.849
24157,9.62,20.83,1.02,0.853
24162,5.89,26.04,0.83,0.462
24176,8.12,18.02,0.83,0.708
24180,7.88,17.75,1.12,0.522
24186,8.86,255.26,0.86,1.543
24190,9.52,20.92,1.67,0.925
24191,7.8,11.16,0.96,0.472
24192,9.85,17.17,1.4,0.92
24197,5.18,10.15,0.82,1.525
24202,8.7,12.65,0.8,0.558
24204,8.59,10.16,0.82,0.466
24205,7.0,34.85,1.33,0.588
24210,8.04,33.68,1.16,0.799
24221,7.03,15.26,0.57,0.431
24228,9.17,12.19,0.99,0.65
24232,7.64,12.99,0.96,0.461
24233,8.53,10.91,0.75,0.56
24234,7.99,10.31,1.1,0.443
24240,8.18,10.1,0.96,0.45
24241,8.34,12.7,1.14,0.47
24243,8.89,35.23,1.58,1.01
24244,4.45,13.53,0.69,-0.099
24250,8.33,12.61,1.16,0.558
24258,8.61,13.18,1.55,0.513
24267,9.18,14.52,0.78,0.794
24275,7.29,10.63,0.88,1.04
24283,10.32,13.8,1.97,0.88
24284,10.82,78.5,8.94,1.55
24291,9.51,13.68,1.05,0.763
24292,10.55,23.35,1.86,1.23
24296,9.85,11.23,1.06,0.547
24298,8.51,12.29,1.4,0.88
24301,9.93,31.41,2.48,1.064
24305,3.29,17.69,0.71,-0.11
24315,7.89,10.66,1.49,0.503
24316,9.43,14.55,1.01,0.503
24329,8.98,25.12,1.19,0.738
24332,6.48,38.5,0.87,0.542
24336,7.82,21.36,1.34,0.637
24339,7.74,10.01,0.91,0.667
24340,4.82,20.08,1.39,0.189
24344,7.11,18.94,0.66,0.636
24348,6.49,12.16,0.74,0.204
24355,7.5,12.66,1.67,-0.23
24362,7.16,13.46,0.69,0.219
24392,10.54,25.24,3.25,1.645
24394,6.22,13.31,0.87,0.377
24397,7.19,16.76,1.17,0.631
24405,9.55,11.68,1.06,0.654
24413,7.16,13.11,1.21,0.311
24419,7.43,31.78,0.99,0.719
24421,9.34,12.14,1.45,0.519
24424,9.12,18.35,1.0,0.768
24425,7.43,10.82,0.89,0.364
24454,9.97,38.14,2.22,1.189
24457,9.85,26.11,2.12,1.118
24465,8.01,15.2,0.98,0.497
24472,11.54,41.94,3.43,1.52
24478,7.15,11.49,0.72,0.267
24479,6.15,10.61,0.77,1.179
24480,7.72,16.54,1.4,0.687
24493,6.15,21.77,0.91,0.401
24503,7.72,11.15,0.86,0.567
24505,5.06,11.98,0.64,-0.067
24506,7.95,10.92,0.92,0.394
24504,5.01,12.14,1.17,0.222
24523,11.07,25.24,1.74,1.242
24526,7.89,30.9,1.19,0.747
24527,8.96,12.54,1.52,0.673
24528,6.76,11.65,0.84,0.14
24541,8.24,13.07,0.72,0.5
24542,9.65,17.65,0.94,0.786
24558,10.5,21.55,2.38,1.09
24564,7.91,13.04,0.68,0.822
24573,8.69,10.45,1.05,0.529
24578,7.07,16.3,0.66,0.537
24583,8.93,19.37,1.57,0.761
24585,9.23,11.37,1.17,0.685
24597,8.28,21.26,0.75,0.66
24608,0.08,77.29,0.89,0.795
24609,8.12,10.53,1.05,0.37
24629,7.47,20.13,0.74,0.475
24658,6.96,20.31,0.76,0.458
24659,4.81,29.63,0.54,0.987
24660,8.54,18.54,1.09,0.667
24663,6.69,13.66,1.64,0.523
24665,6.85,11.64,1.03,1.061
24679,5.48,20.69,0.78,0.932
24681,7.31,22.22,1.05,0.661
24691,7.64,11.69,0.64,0.524
24692,8.52,10.79,1.15,0.729
24711,8.39,14.12,1.52,0.594
24718,8.44,14.06,0.88,0.7
24720,10.8,22.57,2.03,1.2
24722,9.05,16.0,0.73,0.662
24723,7.61,17.43,1.43,0.93
24727,4.54,13.92,1.39,1.252
24730,7.41,11.97,1.03,0.204
24735,7.28,12.3,1.03,0.308
24754,8.27,27.03,0.74,0.733
24777,9.08,25.48,1.39,0.834
24781,7.84,13.28,0.9,0.491
24783,9.35,49.34,2.13,1.298
24786,5.96,40.11,0.76,0.572
24813,4.69,79.08,0.9,0.63
24817,5.34,16.47,1.21,0.412
24819,7.77,59.29,1.68,1.051
24822,4.96,15.83,0.86,0.937
24829,5.44,27.7,0.5,0.517
24832,6.49,13.85,0.81,0.256
24834,8.01,15.04,0.99,0.56
24843,9.47,11.78,0.98,0.566
24862,8.04,10.33,0.93,0.445
24864,7.0,26.68,1.18,0.531
24874,8.72,41.09,1.26,1.003
24877,7.0,17.35,0.91,0.579
24883,7.5,18.93,0.98,0.561
24886,9.18,28.87,1.17,0.96
24902,5.46,10.66,1.0,0.122
24912,8.47,16.52,1.3,0.6
24923,9.03,18.26,1.58,0.765
24935,8.77,13.57,0.81,0.448
24947,7.39,21.91,0.63,0.51
24965,9.15,20.59,0.8,0.794
24968,9.18,11.13,0.91,0.704
24971,6.62,12.36,0.96,0.155
24986,8.04,11.2,0.62,0.521
25001,5.66,11.72,0.87,0.06
25002,7.68,26.89,0.96,0.636
25029,8.52,12.82,0.8,0.636
25034,7.71,17.48,1.04,0.481
25045,5.06,11.09,0.85,0.662
25052,7.76,19.82,1.0,0.699
25061,10.26,14.62,1.5,0.796
25073,7.73,12.64,1.19,0.438
25082,7.01,18.46,1.27,0.516
25094,7.09,34.0,0.86,0.75
25110,5.08,47.66,0.52,0.506
25119,7.76,50.24,1.52,0.98
25127,9.15,20.54,1.22,0.706
25137,9.23,16.14,1.29,0.59
25143,5.54,10.87,0.79,0.127
25148,8.7,14.8,0.8,0.713
25166,8.15,24.12,1.17,0.78
25176,9.66,12.02,1.31,0.84
25180,6.49,19.08,0.74,0.505
25183,7.53,14.96,1.14,0.387
25189,9.44,29.37,1.46,1.029
25190,8.41,18.83,2.17,0.675
25191,8.99,18.21,1.44,0.761
25195,8.11,19.97,1.3,0.606
25205,6.34,13.32,0.98,0.123
25206,10.33,15.65,1.33,0.919
25220,7.93,69.76,1.5,1.104
25222,7.29,22.66,0.96,0.538
25231,7.65,15.88,0.82,0.7
25240,6.13,17.23,1.13,0.483
25245,7.56,11.5,1.03,0.504
25247,4.13,18.71,0.74,0.943
25256,8.03,14.33,0.73,0.461
25278,5.0,68.19,0.94,0.544
25280,5.64,14.84,0.72,-0.001
25282,5.07,18.93,0.82,0.961
25283,9.08,56.36,0.97,1.248
25286,8.52,10.26,1.47,0.432
25300,7.32,21.83,1.73,0.714
25318,8.21,15.13,0.63,0.543
25321,8.06,26.81,0.8,0.728
25335,8.05,13.21,1.77,0.45
25336,1.64,13.42,0.98,-0.224
25351,7.17,28.14,0.55,0.538
25354,10.42,25.96,2.17,1.21
25358,8.19,11.32,0.74,0.52
25359,9.36,13.91,0.88,0.634
25371,7.28,10.68,0.9,0.407
25376,7.85,16.8,0.64,0.521
25388,7.49,17.2,0.96,0.572
25393,9.16,22.37,1.2,1.026
25397,5.78,23.24,1.39,0.441
25400,8.4,13.05,1.19,0.526
25405,8.15,10.3,1.05,0.523
25414,8.35,20.64,1.08,0.7
25421,7.7,55.76,0.76,0.946
25428,1.65,24.89,0.88,-0.13
25435,7.65,15.96,1.15,0.473
25440,7.75,12.18,1.13,0.438
25441,9.18,22.25,0.86,0.879
25449,8.54,12.71,0.73,0.545
25453,6.41,10.68,0.88,-0.023
25461,8.21,19.11,0.75,0.574
25482,6.02,13.16,0.85,0.346
25483,7.03,10.94,0.87,0.141
25486,6.3,37.26,0.84,0.553
25488,5.86,10.52,0.55,0.239
25490,7.18,17.08,0.73,0.6
25497,7.35,15.58,0.9,0.5
25506,7.67,14.74,0.75,0.416
25517,7.23,12.41,0.78,0.237
25523,9.58,21.24,1.57,0.92
25544,6.99,51.1,0.52,0.755
25566,8.11,12.69,1.08,0.505
25571,9.86,11.65,1.72,0.712
25578,12.48,115.04,5.22,1.653
25580,6.41,29.54,0.91,0.51
25586,8.67,17.69,1.38,0.689
25589,6.85,16.44,1.29,0.666
25590,8.99,10.09,1.35,0.372
25604,8.31,10.98,0.71,0.396
25606,2.81,20.49,0.85,0.807
25608,5.56,11.1,0.52,0.026
25612,10.12,32.84,0.99,1.17
25616,6.78,28.28,0.81,0.59
25623,7.65,77.03,0.91,1.113
25627,9.2,25.36,0.94,0.939
25638,6.35,10.13,0.96,0.168
25639,8.5,11.58,1.13,0.556
25647,6.88,66.92,0.54,0.83
25651,7.32,12.78,0.78,0.305
25654,9.19,18.95,1.51,0.783
25662,6.71,34.55,0.88,0.582
25666,8.08,10.16,1.06,0.672
25670,8.27,21.35,1.09,0.657
25679,8.32,20.85,1.06,0.702
25694,8.15,11.17,1.28,0.602
25709,8.47,13.38,0.73,0.646
25716,10.55,57.5,2.16,1.5
25717,8.19,13.56,1.23,0.463
25730,6.2,11.24,0.84,0.476
25746,6.64,19.45,0.57,0.348
25749,7.14,17.88,0.84,0.397
25759,9.72,12.76,0.95,0.599
25768,5.46,22.87,0.57,0.615
25775,9.72,51.56,3.73,1.343
25795,8.3,22.63,0.73,0.653
25807,6.96,11.7,0.53,0.214
25811,8.19,13.33,1.22,0.514
25813,4.2,11.3,1.01,-0.143
25814,8.05,12.7,1.29,0.628
25840,6.95,23.98,0.86,0.561
25843,8.18,20.22,0.88,0.583
25853,5.53,12.0,0.79,0.012
25856,6.7,10.83,0.87,0.355
25859,3.86,11.77,0.51,1.13
25860,8.64,18.66,1.35,0.669
25868,9.52,11.65,1.3,0.584
25871,7.42,11.55,0.91,0.631
25873,8.4,28.0,1.31,0.814
25878,7.97,175.72,1.2,1.474
25879,9.84,11.36,1.06,0.598
25880,7.54,24.43,1.18,0.62
25883,7.74,12.74,0.88,0.602
25905,8.36,26.21,1.28,0.697
25911,6.5,10.05,0.56,0.36
25918,5.18,32.43,1.29,1.13
25922,6.99,13.37,0.87,0.931
25949,8.57,13.99,1.99,0.681
25952,7.97,19.81,0.7,0.55
25953,11.55,78.3,3.37,1.637
25963,7.37,17.54,0.63,0.67
25973,6.44,22.79,0.81,0.587
25993,5.45,18.92,0.52,1.224
26001,5.34,14.07,0.52,1.039
26003,9.15,16.42,1.73,0.86
26006,10.66,12.62,1.87,0.81
26007,12.08,27.23,3.49,1.453
26008,6.82,17.07,0.73,0.37
26011,9.88,12.03,1.51,0.747
26013,9.12,29.57,1.17,1.045
26014,9.21,14.6,0.95,0.649
26018,8.81,21.71,2.45,0.9
26019,5.75,11.74,0.56,1.085
26026,8.4,12.67,0.66,0.494
26027,8.19,14.25,1.21,0.549
26030,8.6,15.97,0.7,0.594
26037,8.11,18.52,1.29,0.617
26050,7.15,13.46,0.56,0.492
26054,6.5,10.98,0.94,0.094
26058,12.22,26.61,3.95,1.385
26060,7.68,19.22,1.17,0.544
26065,8.16,13.84,0.72,0.5
26067,8.83,22.03,1.84,0.99
26079,6.42,17.8,0.53,0.55
26080,8.76,14.15,1.34,0.621
26081,11.53,59.45,3.88,1.576
26100,7.32,17.44,1.08,0.58
26109,7.85,12.13,1.73,0.458
26113,11.07,37.65,2.54,1.499
26129,9.1,14.13,1.47,0.661
26141,8.54,11.71,0.81,0.589
26144,8.38,12.48,0.67,0.521
26159,8.73,11.13,1.39,0.491
26160,8.69,19.89,0.96,0.593
26161,7.73,10.43,1.05,0.251
26175,8.8,37.07,1.25,0.923
26184,7.76,10.01,1.1,0.496
26192,7.58,11.65,1.06,0.549
26196,10.08,27.05,1.74,1.27
26217,8.66,11.46,1.12,0.686
26219,5.76,10.28,0.59,1.12
26231,8.0,13.34,1.18,0.496
26245,6.74,20.99,0.85,0.502
26266,8.33,11.31,0.74,0.827
26269,7.12,20.12,0.54,0.496
26273,8.22,11.9,0.98,0.707
26274,9.32,16.85,1.4,0.817
26277,9.33,30.82,0.94,1.119
26290,9.04,10.9,1.56,0.513
26309,6.26,17.68,0.71,0.151
26310,7.26,14.96,0.93,0.493
26326,7.99,16.28,1.22,0.557
26328,6.88,15.35,1.99,0.501
26330,8.57,14.7,1.41,0.506
26332,6.52,11.78,1.2,0.452
26335,8.78,87.9,1.29,1.415
26346,8.79,13.43,1.34,0.53
26366,4.09,28.1,0.91,0.951
26372,7.01,16.11,0.6,0.353
26373,7.95,41.9,1.74,0.845
26380,6.69,26.47,0.56,0.584
26381,7.68,30.08,1.15,0.667
26382,5.53,18.56,0.86,0.237
26384,10.15,26.12,1.9,1.122
26392,7.09,22.35,1.2,0.569
26395,6.1,15.14,0.81,0.051
26394,5.65,54.92,0.45,0.6
26401,9.3,13.39,1.6,0.727
26404,7.68,17.08,0.85,0.448
26410,6.26,12.6,0.65,0.231
26412,6.15,22.44,0.73,0.322
26437,7.75,19.96,0.73,0.617
26444,7.64,21.01,1.2,0.578
26452,9.6,13.14,1.55,0.513
26453,7.26,16.8,0.82,0.404
26457,7.52,12.21,0.82,0.36
26460,5.28,23.54,0.62,0.486
26471,7.82,10.77,1.14,0.3
26478,8.24,14.0,0.81,0.547
26486,7.73,14.51,0.76,0.48
26488,7.43,16.42,0.66,0.6
26501,7.33,39.59,0.94,0.769
26505,7.74,48.72,1.0,0.834
26510,6.86,10.02,0.83,0.129
26511,8.31,12.17,1.22,0.439
26525,9.56,12.55,1.65,0.666
26531,7.93,11.74,1.42,0.435
26534,7.59,17.88,0.98,0.607
26542,9.55,34.45,1.07,1.043
26544,7.94,14.63,0.95,0.47
26553,8.71,14.76,0.72,0.602
26556,7.89,16.22,0.8,0.483
26563,4.77,21.24,2.05,0.139
26587,7.03,16.64,0.79,0.411
26588,8.3,10.45,1.02,0.438
26592,6.44,13.05,0.89,1.0
26600,8.19,11.5,0.9,0.435
26610,7.78,14.4,0.91,0.543
26614,10.25,22.71,1.87,1.111
26624,5.99,24.16,0.73,0.294
26625,7.78,10.66,1.03,0.399
26634,2.65,12.16,0.6,-0.12
26641,8.91,20.28,1.25,0.647
26646,8.62,12.16,1.32,0.463
26651,7.12,18.64,0.99,0.398
26653,7.85,35.91,1.12,0.764
26654,9.0,11.94,1.11,0.518
26664,8.67,23.32,1.31,0.827
26676,10.2,14.3,1.99,0.65
26680,7.92,10.54,1.14,0.407
26681,8.78,12.77,1.3,0.59
26688,7.7,20.61,0.89,0.417
26689,7.36,17.82,1.08,0.524
26710,8.07,12.68,1.0,0.468
26722,7.84,19.05,0.75,0.554
26729,7.96,13.68,1.06,0.652
26737,7.84,27.15,0.7,0.648
26741,8.6,10.7,0.72,0.532
26744,6.74,16.13,0.9,0.491
26756,7.52,11.04,1.35,0.282
26761,7.6,17.34,1.17,0.519
26762,5.93,19.46,1.04,0.311
26775,7.54,14.29,1.54,0.486
26779,6.21,81.69,0.83,0.84
26787,9.0,18.23,0.86,0.657
26799,9.13,16.05,1.43,0.624
26801,9.78,80.13,1.67,1.473
26807,7.67,26.51,1.11,0.692
26809,9.06,14.12,1.39,0.636
26815,8.83,10.43,0.94,0.692
26820,6.41,11.95,1.21,0.32
26828,7.92,12.32,0.99,0.495
26829,7.1,14.41,0.81,0.931
26830,8.59,18.62,1.93,0.784
26834,7.36,36.05,0.92,0.801
26844,10.72,46.51,2.35,1.689
26857,11.56,172.78,3.88,1.675
26864,10.83,19.31,2.39,1.04
26882,5.62,11.7,0.65,1.249
26883,9.0,19.58,0.82,0.834
26885,4.9,10.8,0.81,1.144
26890,9.64,22.02,1.55,0.909
26904,7.51,12.85,0.84,0.541
26907,8.55,31.9,1.28,0.887
26926,5.97,19.94,0.83,0.447
26933,9.27,23.49,1.4,0.891
26935,8.18,16.82,1.2,0.696
26942,6.05,16.26,0.7,0.951
26957,6.81,11.23,0.97,0.71
26963,9.83,10.76,1.08,0.645
26966,5.73,14.45,0.76,-0.014
26973,8.52,27.86,0.79,0.861
26974,7.14,33.02,0.95,0.624
26977,8.7,18.53,1.05,0.697
26981,6.25,18.73,0.55,0.377
26985,8.76,22.59,0.71,0.7
26988,7.63,11.44,0.89,0.544
26990,8.14,19.17,0.73,0.586
26996,7.84,10.66,0.87,0.455
27001,6.38,12.24,0.56,0.295
27014,7.36,12.52,0.83,0.681
27021,7.1,23.15,0.82,0.531
27046,6.17,10.26,0.73,0.902
27058,7.11,25.43,0.76,0.637
27067,8.28,19.06,2.02,0.609
27068,9.09,12.04,1.35,0.565
27069,7.98,12.93,1.01,0.411
27070,10.03,19.06,2.02,0.993
27072,3.59,111.49,0.6,0.481
27075,6.34,39.15,0.74,0.58
27080,8.09,39.08,0.75,0.76
27090,8.27,13.78,0.79,0.672
27099,8.27,13.77,0.74,0.459
27100,4.34,22.48,0.46,0.217
27113,9.38,12.08,1.0,0.704
27114,10.76,22.07,2.48,1.085
27118,6.09,19.79,1.01,0.32
27123,6.78,18.64,0.96,0.436
27127,9.32,10.53,1.36,0.665
27128,8.2,15.93,0.91,0.54
27133,6.83,14.2,0.62,0.374
27134,9.28,20.19,0.81,0.849
27139,8.2,11.21,0.91,0.489
27140,8.5,10.25,0.75,0.498
27155,9.53,17.85,2.13,0.857
27158,8.31,14.01,1.03,0.781
27161,8.2,15.25,1.27,0.636
27165,6.85,21.89,0.88,0.637
27168,10.85,13.99,2.07,1.1
27174,8.32,10.65,1.03,0.499
27185,8.09,17.92,1.07,0.571
27188,9.02,73.04,1.11,1.379
27192,6.57,16.29,0.83,0.256
27202,8.29,12.36,1.27,0.554
27207,7.34,48.6,1.03,0.833
27225,8.2,28.2,0.81,0.722
27244,6.63,34.7,0.53,0.594
27246,7.33,27.37,0.72,0.702
27247,7.92,10.01,1.23,0.397
27249,5.93,16.89,0.73,0.164
27251,8.8,13.15,1.39,0.589
27253,5.95,23.57,0.92,0.773
27256,8.12,10.84,1.54,0.483
27259,6.84,10.6,0.59,0.086
27260,8.61,14.47,1.15,0.59
27266,7.61,10.05,1.21,0.377
27275,8.07,10.24,0.7,0.443
27280,5.78,10.88,0.86,0.888
27281,7.54,19.88,0.76,0.553
27288,3.55,46.47,0.68,0.104
27290,7.41,11.59,0.64,0.496
27305,7.98,17.14,0.97,0.581
27311,9.4,12.28,0.92,0.727
27321,3.85,51.87,0.51,0.171
27323,9.74,48.2,1.06,1.377
27330,7.16,17.07,0.72,0.513
27339,9.06,12.85,0.89,0.623
27359,10.72,66.71,1.49,1.476
27361,9.19,10.49,1.57,0.372
27371,8.8,22.0,0.79,0.71
27372,8.2,13.6,1.32,0.593
27397,10.98,36.42,2.22,1.384
27417,7.8,23.48,0.83,0.566
27429,9.19,10.6,1.29,0.554
27431,7.08,13.11,0.87,0.413
27435,5.97,64.25,1.19,0.639
27441,8.89,22.53,0.83,0.857
27455,8.32,11.3,0.7,0.563
27471,7.85,13.64,0.73,0.475
27483,4.51,15.34,0.8,0.949
27491,8.96,15.75,0.91,0.813
27511,4.89,12.0,0.86,-0.068
27517,5.49,10.51,0.93,0.87
27527,8.78,28.1,1.36,0.929
27528,8.46,24.57,1.37,0.721
27530,4.5,18.78,0.47,1.075
27531,9.86,21.26,1.1,0.864
27559,7.42,12.74,0.6,0.369
27562,8.66,12.31,1.35,0.574
27566,5.46,12.06,0.46,-0.076
27568,7.84,11.56,0.65,0.435
27576,7.62,16.42,0.75,0.531
27578,8.71,19.96,0.77,0.678
27581,5.54,10.44,1.09,1.006
27605,7.13,10.4,1.19,0.473
27609,8.31,19.91,1.27,0.7
27621,5.16,12.33,0.47,0.96
27625,6.29,11.62,0.94,1.047
27628,3.12,37.94,0.57,1.146
27633,7.61,17.1,1.11,0.47
27641,6.94,17.35,1.02,0.828
27654,3.76,29.05,0.62,0.984
27673,3.97,15.17,0.88,1.132
27688,8.96,15.74,1.02,0.732
27706,7.89,15.12,1.07,0.795
27709,7.4,12.04,0.96,0.367
27716,10.08,17.64,1.63,0.872
27720,7.68,14.23,0.89,0.789
27728,8.0,13.15,0.8,0.458
27727,9.04,11.41,1.07,0.627
27739,9.05,10.22,0.85,0.63
27758,7.26,18.4,1.16,0.558
27766,5.62,10.14,0.52,1.046
27782,8.05,13.93,0.72,0.76
27793,8.79,19.48,1.37,0.767
27799,8.34,12.21,1.23,0.655
27802,10.39,20.53,2.11,1.4
27803,9.7,49.74,1.66,1.321
27813,9.57,11.14,1.0,0.686
27820,7.19,16.53,1.0,0.506
27823,8.59,21.06,0.84,0.696
27828,8.4,11.25,1.25,0.552
27844,6.7,14.93,1.19,0.2
27849,7.28,18.06,0.84,0.543
27852,8.29,10.61,0.67,0.497
27855,8.39,15.13,0.77,0.65
27860,8.78,13.83,1.73,0.617
27870,7.97,10.19,0.66,0.411
27878,7.76,18.64,1.05,0.59
27887,7.17,77.95,0.53,0.935
27890,4.65,36.67,0.48,1.022
27894,11.79,17.41,2.35,1.34
27896,6.53,28.67,0.55,0.891
27901,6.34,17.84,0.71,0.37
27910,9.89,12.36,1.1,0.779
27913,4.39,115.43,1.08,0.594
27918,8.84,37.57,1.26,1.014
27922,7.51,43.86,1.19,0.7
27923,9.1,14.06,0.85,0.72
27924,6.59,10.69,0.87,0.029
27928,10.7,26.1,2.13,1.172
27933,7.31,12.76,0.94,0.278
27936,8.12,14.97,1.17,0.543
27943,8.38,10.65,0.91,0.602
27947,5.29,28.65,0.47,0.295
27948,10.11,17.26,1.07,0.807
27949,4.96,13.54,0.72,0.052
27950,8.25,10.39,0.67,0.611
27952,8.28,11.66,0.72,0.417
27957,8.39,16.91,0.66,0.641
27969,8.56,14.05,0.67,0.548
27970,7.74,15.82,0.99,0.49
27973,5.9,12.72,0.98,0.144
27977,8.76,11.39,0.77,0.508
27978,7.58,14.21,0.58,0.428
27980,7.65,21.41,1.1,0.629
27986,7.34,13.9,0.91,0.428
28011,5.87,10.71,0.92,1.173
28019,6.28,10.17,1.23,0.056
28021,7.91,13.42,0.78,0.569
28035,10.7,68.58,1.94,1.054
28036,7.46,18.45,0.64,0.492
28042,8.48,10.9,0.72,0.558
28047,6.77,11.03,0.72,0.734
28062,10.51,13.84,1.27,0.895
28066,6.6,35.72,1.0,0.65
28070,8.94,14.32,0.82,0.565
28083,8.24,15.97,0.97,0.53
28085,5.95,11.18,0.63,1.107
28102,8.15,10.79,1.29,0.528
28103,3.71,66.47,0.74,0.337
28122,9.48,23.63,3.2,0.722
28125,9.95,16.97,0.99,0.808
28128,7.86,14.47,1.17,0.448
28135,9.85,25.08,1.92,1.103
28139,5.89,10.62,0.89,1.111
28145,8.6,17.52,1.24,0.609
28150,6.65,18.75,0.56,0.521
28153,10.59,42.17,1.77,1.404
28159,8.2,14.69,1.24,0.654
28177,8.26,12.71,0.8,0.503
28181,8.94,10.56,1.0,0.705
28182,9.81,13.72,1.94,0.779
28183,9.8,14.13,1.0,0.73
28188,9.0,16.57,1.47,0.47
28193,9.28,23.92,0.95,0.965
28201,6.67,11.51,0.83,0.525
28212,7.45,14.8,0.97,0.548
28224,7.86,10.17,1.05,0.38
28230,7.55,11.12,0.67,0.281
28240,8.82,16.76,1.93,0.807
28241,8.26,16.36,0.75,0.588
28247,9.44,12.02,0.93,0.746
28249,7.89,10.72,0.73,0.881
28253,7.91,10.6,1.24,0.64
28267,6.99,43.1,0.93,0.72
28280,9.08,11.18,1.32,0.657
28284,7.31,13.47,0.84,0.888
28293,6.86,11.49,0.76,0.437
28304,9.69,15.5,1.66,0.862
28305,8.28,10.41,0.67,0.445
28311,8.17,16.58,0.77,0.641
28312,8.47,13.5,1.22,0.606
28316,9.99,19.96,0.93,0.875
28321,6.15,10.32,0.86,0.333
28333,8.41,15.61,0.77,0.596
28336,8.98,15.23,1.37,0.659
28338,7.33,10.14,0.96,0.541
28356,7.78,14.87,0.98,0.461
28357,9.01,12.26,1.29,0.561
28358,3.72,23.22,0.91,1.01
28360,1.9,39.72,0.78,0.077
28380,2.65,18.83,0.81,-0.083
28393,8.65,23.24,1.02,0.887
28395,8.08,11.64,1.01,0.524
28403,8.61,19.41,0.8,0.626
28419,8.59,15.69,0.78,0.605
28428,7.46,18.69,0.96,0.639
28434,6.21,16.7,0.82,0.358
28445,9.41,21.69,1.73,0.93
28450,8.5,11.89,1.09,0.555
28452,9.25,21.97,0.87,0.817
28460,8.82,19.22,0.79,0.624
28462,8.12,13.24,0.64,0.502
28469,7.5,10.52,0.99,0.368
28474,9.09,18.57,0.75,0.702
28484,5.65,15.82,0.48,0.207
28494,10.02,31.56,2.08,1.23
28498,7.4,17.92,0.66,0.465
28502,9.69,20.33,1.9,0.913
28508,7.69,10.92,0.66,0.559
28511,7.49,10.09,0.91,0.533
28516,8.46,10.57,0.84,0.622
28517,6.18,12.71,1.0,0.095
28518,9.04,18.55,0.87,0.69
28525,8.69,13.79,0.82,0.602
28528,9.09,10.8,1.32,0.606
28530,8.06,10.26,1.02,0.46
28573,9.77,16.0,1.75,1.041
28579,7.01,10.93,0.55,0.645
28591,7.18,17.96,0.76,0.423
28604,8.72,19.8,0.79,0.629
28614,4.12,21.49,0.82,0.17
28626,6.79,15.43,1.0,0.432
28634,6.49,35.21,0.8,0.567
28641,9.07,11.51,1.04,0.656
28644,6.23,20.02,0.86,0.456
28646,7.54,10.8,0.74,0.489
28648,9.28,10.14,0.84,0.543
28654,6.88,11.91,0.57,0.201
28661,7.34,10.41,0.95,1.169
28677,6.08,12.47,1.03,0.979
28678,7.47,15.07,0.94,0.534
28683,7.08,14.41,0.89,0.403
28736,11.04,25.57,3.56,1.26
28720,9.34,14.61,0.9,0.637
28734,4.16,21.64,1.06,0.835
28743,6.94,10.91,0.84,0.467
28754,12.14,34.18,2.51,1.458
28759,8.72,10.85,1.27,0.554
28764,6.35,37.46,0.5,0.517
28767,6.74,30.0,0.82,0.573
28768,8.05,12.29,0.65,0.516
28778,7.6,10.74,0.89,0.299
28790,5.93,37.01,0.58,0.493
28796,6.6,33.64,0.84,0.712
28808,7.86,10.02,0.87,0.391
28813,6.72,24.56,0.85,0.508
28823,5.9,19.38,0.8,0.358
28835,7.96,12.32,1.12,0.593
28842,7.43,10.24,0.82,0.541
28854,5.88,16.96,0.86,0.374
28855,5.8,12.4,0.55,0.027
28868,8.78,12.37,1.03,0.535
28869,7.84,20.51,0.68,0.595
28872,8.78,11.35,1.35,0.521
28878,7.51,10.23,0.6,0.168
28884,9.42,23.97,1.45,0.888
28898,8.45,36.53,0.74,0.844
28899,5.79,12.25,0.56,0.041
28902,8.29,31.3,0.97,0.783
28905,8.34,27.0,1.11,0.771
28908,6.12,37.9,0.83,0.6
28910,4.67,19.14,0.7,0.046
28913,7.24,18.22,0.58,0.551
28914,7.59,12.42,0.84,0.549
28921,8.95,31.38,1.16,0.868
28935,8.4,32.95,1.06,0.846
28941,9.1,22.11,0.81,0.9
28947,8.73,11.5,1.33,0.548
28954,6.76,64.71,0.91,0.814
28957,6.15,10.13,0.96,0.246
28962,7.2,10.27,0.58,0.347
28963,7.4,13.19,0.81,0.393
28964,9.4,36.33,0.87,1.107
28985,6.58,14.48,0.9,0.228
28987,6.83,21.38,0.55,0.463
28996,9.41,10.37,1.2,0.549
29001,7.34,27.97,1.05,0.543
29002,6.94,11.61,0.99,0.455
29003,8.61,13.77,1.43,0.677
29035,8.92,10.61,1.33,0.701
29036,10.62,25.92,3.78,1.2
29052,11.87,87.64,2.61,1.6
29063,8.97,28.92,1.31,0.867
29064,5.5,12.48,0.49,0.007
29067,9.75,40.12,1.78,1.25
29074,8.02,22.46,1.12,0.626
29079,8.54,14.4,1.61,0.559
29080,8.31,12.99,1.15,0.461
29083,6.95,21.83,0.88,0.467
29093,8.83,12.75,0.82,0.556
29094,8.21,10.99,0.65,0.593
29096,11.85,28.35,2.66,1.401
29110,8.31,11.17,1.13,0.44
29111,9.78,17.08,2.29,0.881
29113,8.77,17.32,1.25,0.625
29116,8.28,16.19,1.29,0.561
29118,6.79,13.02,1.28,0.0
29132,10.39,31.69,2.41,1.687
29133,8.71,15.51,1.11,0.647
29134,5.06,11.78,0.48,-0.072
29142,7.97,11.91,0.97,0.536
29143,8.02,10.25,0.68,0.453
29150,5.49,12.77,0.7,-0.01
29181,9.1,10.17,0.83,0.682
29185,6.48,16.63,0.52,0.502
29189,8.41,12.89,1.34,0.538
29193,7.51,13.83,0.64,0.657
29199,8.24,10.11,1.07,0.548
29205,5.56,15.35,0.7,1.15
29208,8.45,33.42,1.21,0.895
29210,6.16,16.39,0.87,0.352
29217,7.28,14.36,0.59,0.483
29221,9.9,16.08,1.85,0.94
29226,10.76,16.78,1.46,1.019
29232,11.05,16.31,2.4,0.929
29234,5.71,18.48,0.74,0.454
29241,7.66,19.82,1.32,0.568
29242,8.44,25.0,1.16,0.79
29248,8.48,22.18,1.41,0.67
29269,8.94,11.3,1.63,0.618
29271,5.08,98.54,0.45,0.714
29272,8.9,11.27,0.84,0.575
29277,10.48,106.43,1.44,1.514
29285,7.65,10.15,0.63,0.488
29295,8.15,173.19,1.12,1.487
29300,7.71,12.33,0.93,0.407
29311,8.03,10.25,0.63,0.451
29314,7.45,13.39,0.59,0.385
29316,10.41,92.77,4.56,1.45
29322,11.29,33.59,4.23,1.42
29330,8.8,23.58,1.09,0.995
29349,8.92,10.38,0.81,0.623
29357,6.85,11.85,0.79,0.176
29374,9.31,25.91,0.95,0.943
29378,7.13,10.74,0.97,1.33
29388,5.78,10.49,0.96,0.1
29389,7.66,12.41,1.17,0.43
29391,8.84,13.7,1.16,0.617
29394,7.93,10.75,1.0,0.35
29396,7.32,13.71,0.89,0.422
29402,9.8,13.35,1.62,0.75
29421,7.48,19.24,0.74,0.484
29432,6.85,43.26,0.87,0.642
29439,6.85,16.49,1.46,0.481
29442,9.49,13.21,1.82,0.836
29461,7.82,14.41,1.0,0.792
29466,7.44,10.56,0.82,0.5
29467,7.79,10.43,0.62,0.409
29479,8.31,19.82,0.73,0.658
29510,8.39,11.42,1.51,0.371
29515,9.04,11.76,0.81,0.556
29525,6.43,55.2,0.96,0.663
29544,7.72,12.64,0.99,0.543
29548,9.67,40.38,1.41,1.21
29550,8.98,18.2,2.18,0.817
29568,6.37,59.9,0.75,0.713
29573,7.41,16.16,1.12,0.992
29575,5.83,10.36,0.73,0.91
29580,7.36,15.1,1.25,0.389
29582,10.37,20.95,2.67,0.99
29596,8.81,16.4,0.8,0.712
29600,8.82,15.64,0.78,0.58
29601,7.91,13.36,1.85,0.65
29611,8.39,33.74,1.33,0.876
29644,8.7,20.54,1.08,0.835
29650,5.2,47.33,0.86,0.43
29652,8.32,12.72,0.69,0.554
29659,8.17,15.67,1.16,0.589
29665,7.64,11.62,1.05,0.256
29672,7.57,11.73,0.94,0.539
29673,6.62,31.95,0.51,0.562
29690,8.92,14.04,1.41,0.524
29692,5.99,15.66,0.71,1.058
29696,4.32,19.31,0.83,1.021
29697,8.3,15.2,0.78,0.482
29711,5.99,15.03,0.76,0.097
29716,5.62,28.02,0.76,0.506
29720,7.05,26.36,0.72,0.508
29722,8.2,10.07,0.92,0.539
29724,8.88,15.87,0.72,0.63
29725,6.86,20.7,2.44,0.44
29746,6.37,10.76,0.77,0.443
29752,6.84,12.04,0.96,1.22
29754,9.19,10.12,1.2,0.618
29761,7.43,38.89,0.74,0.776
29772,8.82,10.76,0.84,0.665
29777,7.48,18.9,0.97,0.599
29783,7.76,16.1,0.66,0.46
29788,6.44,27.5,0.5,0.593
29792,9.39,17.05,0.92,0.77
29800,5.04,51.0,0.9,0.431
29804,8.65,26.99,0.83,0.927
29807,4.37,17.83,0.55,0.978
29810,9.35,29.76,2.16,1.106
29814,9.18,20.39,1.3,0.769
29815,8.64,15.61,1.26,0.566
29824,9.05,24.87,1.15,0.79
29829,7.48,18.86,0.92,0.605
29833,8.47,12.68,1.63,0.54
29836,8.19,14.21,0.92,0.491
29842,5.54,10.78,0.51,1.129
29843,6.05,25.06,0.68,0.576
29850,5.39,12.85,0.8,0.106
29852,5.88,16.1,0.53,0.139
29857,7.64,11.9,0.93,0.304
29860,5.7,51.76,0.78,0.61
29873,7.15,16.18,1.08,0.523
29875,10.26,30.33,2.14,1.36
29878,7.66,14.96,0.98,0.483
29882,6.68,20.83,0.9,0.451
29884,6.53,13.86,0.78,0.263
29888,7.49,15.25,0.97,0.468
29930,8.01,11.55,1.42,0.387
29938,8.55,13.18,0.9,0.483
29954,7.6,14.92,0.59,0.45
29957,7.8,12.89,0.78,0.471
29958,9.89,32.3,2.1,1.197
29964,9.95,25.99,1.02,0.963
29974,8.41,21.0,1.39,0.78
29991,7.96,12.55,1.12,0.51
29997,4.76,18.55,0.64,0.025
30001,8.14,16.29,0.88,0.632
30018,10.22,16.96,1.84,0.737
30023,6.83,31.33,0.82,0.561
30030,7.95,20.1,0.99,0.587
30033,8.7,10.13,1.06,0.635
30034,9.13,21.97,0.82,0.861
30037,9.16,14.07,0.86,0.655
30038,6.91,16.27,0.56,0.513
30045,8.68,25.4,0.82,0.837
30050,8.39,12.85,0.7,0.524
30051,6.9,11.6,0.97,0.47
30057,8.03,10.73,1.16,0.596
30059,8.35,11.13,1.26,0.543
30060,4.44,21.88,0.95,0.032
30067,6.61,36.32,0.9,0.562
30077,7.91,12.2,0.64,0.389
30104,6.61,38.92,0.56,0.657
30106,9.02,11.1,0.75,0.585
30111,8.61,10.47,0.75,0.468
30112,9.83,35.74,1.53,1.273
30114,7.69,19.83,1.02,0.687
30126,11.04,18.02,1.48,1.12
30129,7.54,16.86,0.65,0.48
30130,8.62,19.93,1.14,0.7
30152,8.9,10.15,1.06,0.595
30154,7.56,10.78,1.03,0.315
30158,8.37,17.0,0.94,0.746
30165,7.44,11.72,1.06,0.201
30167,6.75,14.38,0.85,0.281
30168,8.57,10.54,1.06,0.516
30174,6.99,10.01,0.71,0.372
30179,8.33,15.84,0.67,0.595
30181,7.82,11.11,0.96,0.385
30183,8.43,11.79,0.69,0.633
30188,7.02,17.81,1.22,0.375
30213,8.36,10.51,0.64,0.438
30220,9.09,24.89,1.61,0.914
30223,7.72,15.66,1.35,0.506
30225,8.48,35.92,1.11,0.915
30230,8.82,14.13,1.16,0.619
30232,7.73,22.64,0.94,0.619
30239,8.85,10.84,1.34,0.515
30243,7.63,24.33,0.92,0.686
30244,8.11,14.58,0.87,0.56
30247,5.34,17.54,0.73,0.448
30252,6.74,13.84,0.51,0.227
30258,8.98,21.14,0.73,0.793
30260,9.25,18.67,0.86,0.76
30261,9.12,16.61,1.01,0.655
30270,7.64,14.39,0.94,0.573
30275,7.43,10.93,0.91,0.209
30277,3.85,13.75,0.6,0.858
30278,7.2,16.21,0.86,0.38
30291,8.31,10.15,0.93,0.436
30310,10.87,12.19,1.42,1.15
30311,9.18,10.92,1.38,0.433
30314,6.53,42.56,0.49,0.614
30318,6.0,15.87,1.0,0.319
30342,5.6,19.87,0.76,0.242
30343,2.87,14.07,0.93,1.621
30344,7.37,34.02,0.75,0.663
30355,7.86,12.34,0.82,0.524
30377,8.41,15.43,0.71,0.741
30378,7.68,13.53,0.72,0.42
30381,6.96,10.61,0.94,0.225
30401,8.62,11.65,1.52,0.662
30410,7.43,10.53,0.73,0.428
30419,4.39,25.39,1.02,0.215
30421,9.33,14.56,1.5,0.691
30423,6.47,10.22,0.47,0.12
30438,-0.62,10.43,0.53,0.164
30439,7.86,15.55,0.69,0.71
30444,5.62,10.58,0.6,1.027
30463,5.78,11.37,0.45,-0.001
30476,6.67,35.85,0.52,0.673
30478,7.98,14.94,0.88,0.53
30480,6.45,31.46,0.52,0.66
30481,8.23,12.7,0.95,0.415
30486,7.59,22.29,1.05,0.629
30499,7.87,10.6,1.03,0.427
30502,8.66,16.11,0.76,0.661
30503,6.37,45.38,0.63,0.626
30509,7.7,17.11,0.93,0.48
30513,7.03,20.58,0.94,0.508
30514,9.43,11.55,1.08,0.57
30516,8.97,10.21,0.86,0.655
30521,8.11,14.41,0.97,0.614
30533,7.54,11.2,0.53,0.406
30544,8.81,20.25,0.91,0.716
30545,5.88,30.22,0.92,0.564
30552,7.01,30.36,0.92,0.593
30561,8.82,14.94,1.55,0.68
30565,5.37,12.25,0.49,0.971
30567,10.74,17.49,2.1,1.062
30573,8.83,10.77,1.23,0.475
30579,8.08,30.69,0.81,0.719
30605,6.87,16.87,0.8,0.371
30630,6.78,68.2,1.1,0.938
30651,5.53,12.01,0.97,0.238
30665,6.6,13.23,0.97,0.556
30666,5.87,14.26,0.89,0.07
30685,8.57,10.46,0.71,0.41
30706,6.48,20.09,0.61,0.394
30711,6.05,33.48,0.64,0.545
30728,5.55,11.15,0.76,1.035
30729,8.41,22.18,0.8,0.708
30733,8.36,22.53,2.38,0.84
30745,7.31,14.87,0.95,0.578
30749,7.47,12.16,1.15,0.463
30755,9.36,14.11,1.66,0.779
30760,6.61,12.66,0.53,0.088
30762,6.55,10.41,0.93,-0.036
30804,6.16,13.09,0.88,1.15
30815,6.24,15.49,0.92,0.894
30828,7.56,10.79,1.04,0.304
30833,9.58,13.65,1.48,0.679
30830,7.79,11.36,0.92,0.478
30838,6.8,13.19,0.9,0.495
30846,9.06,16.97,1.11,0.747
30849,6.32,12.37,0.55,0.39
30860,7.89,20.43,0.98,0.74
30862,7.15,38.98,0.9,0.613
30878,7.25,13.73,0.89,0.444
30879,8.19,13.74,1.41,0.439
30880,6.57,21.82,1.03,0.554
30886,6.59,16.45,1.02,0.293
30888,10.76,30.2,1.39,1.34
30890,7.61,20.93,1.23,0.621
30893,8.59,33.96,1.46,0.906
30905,8.1,27.67,1.29,0.846
30919,8.09,10.27,1.08,0.855
30920,11.12,242.89,2.64,1.69
30932,5.2,10.44,0.47,1.087
30939,7.61,19.94,1.09,0.568
30944,9.97,20.7,1.7,0.971
30949,11.08,26.04,2.22,1.885
30953,5.28,19.33,0.66,0.371
30973,6.28,10.27,0.5,0.329
30979,9.11,35.0,1.49,1.12
30990,8.45,13.88,1.14,0.591
30995,8.64,14.04,0.69,0.702
31005,8.17,12.93,1.49,1.1
31013,8.35,10.35,1.01,0.515
31014,8.76,12.55,1.3,0.56
31021,8.94,12.02,0.77,0.587
31030,7.74,14.53,0.91,0.817
31034,8.86,10.35,0.88,0.573
31039,5.86,17.56,0.76,0.934
31046,8.58,11.54,1.72,0.498
31059,8.13,10.86,0.73,0.532
31069,8.94,32.09,2.06,0.911
31075,7.66,11.16,1.01,0.359
31078,9.75,12.45,1.51,0.707
31079,5.58,26.87,0.48,0.534
31083,7.14,35.72,0.88,0.71
31085,10.06,18.12,1.92,0.849
31089,8.29,16.35,1.26,0.61
31092,6.58,10.74,0.66,0.256
31119,5.22,15.44,0.86,0.185
31126,10.58,41.35,2.16,1.432
31127,9.42,12.05,1.6,0.657
31134,8.27,36.05,0.68,0.781
31142,9.86,33.99,1.67,1.237
31143,9.36,27.65,1.35,1.01
31148,11.42,36.97,2.55,1.36
31162,7.56,10.59,1.02,0.545
31165,5.25,11.95,0.52,0.982
31167,5.6,23.13,0.76,0.256
31173,5.82,11.86,1.06,0.188
31179,7.92,13.7,0.58,0.778
31183,11.49,22.18,3.18,1.18
31187,8.97,23.52,1.03,0.799
31188,8.6,16.86,0.98,0.562
31197,7.28,10.94,0.94,0.515
31201,6.89,16.3,0.72,0.547
31207,8.1,16.67,0.65,0.554
31223,6.96,15.35,0.57,0.469
31228,10.06,12.52,1.67,0.723
31246,7.91,29.93,1.07,0.86
31267,8.01,15.32,1.08,0.648
31272,9.86,14.9,1.25,0.806
31277,5.57,12.75,0.85,1.105
31279,8.72,13.0,0.67,0.53
31280,8.18,15.2,0.76,0.629
31289,10.05,12.37,1.06,0.853
31300,11.62,61.28,1.89,1.5
31314,6.66,19.39,0.5,0.489
31326,6.9,17.79,0.92,0.398
31332,9.54,21.8,2.39,0.929
31333,7.59,15.61,0.81,0.44
31341,7.64,11.57,0.93,0.493
31380,10.36,15.06,1.96,0.93
31386,7.78,12.02,0.57,0.261
31401,8.63,14.21,1.19,0.541
31415,7.7,12.77,0.95,0.51
31419,8.94,13.5,0.99,0.681
31427,7.06,13.57,1.14,0.25
31435,8.08,10.31,1.5,0.726
31451,10.17,22.98,1.69,1.3
31458,8.91,12.14,1.23,0.511
31472,7.87,10.99,0.94,0.315
31473,8.14,23.47,0.79,0.687
31476,7.96,12.61,0.95,0.536
31480,7.51,16.32,0.92,0.578
31509,6.36,24.83,0.56,0.486
31512,8.17,11.06,0.64,0.465
31521,7.61,12.61,1.01,0.471
31525,6.73,12.69,0.88,0.444
31526,6.56,12.15,0.76,0.398
31527,7.83,13.65,1.06,0.472
31528,8.89,19.91,1.02,0.717
31529,9.19,13.95,1.04,0.657
31540,7.63,26.43,0.87,0.714
31546,9.95,12.55,1.42,0.771
31547,7.23,25.47,0.72,0.62
31552,6.61,27.48,0.79,0.496
31555,10.6,51.51,1.52,1.459
31564,5.71,11.79,1.21,0.848
31568,6.89,27.72,1.97,0.646
31569,7.16,11.55,0.53,0.417
31572,6.87,17.64,0.65,0.366
31575,7.79,20.03,0.79,0.7
31581,9.42,20.36,1.69,0.879
31592,3.95,50.41,0.7,1.037
31597,9.45,13.69,1.56,0.75
31609,10.07,12.6,1.11,0.875
31623,7.65,28.45,0.74,0.703
31626,10.18,29.05,2.05,1.2
31634,9.61,66.11,1.61,1.456
31635,9.63,101.59,2.35,1.48
31639,9.64,17.59,1.34,0.7
31648,9.94,15.96,1.1,0.79
31655,7.61,26.13,1.06,0.735
31660,6.84,36.55,0.89,0.725
31665,5.87,10.12,0.69,0.006
31666,7.34,13.44,0.6,0.518
31674,6.11,11.75,0.76,0.994
31676,5.94,18.82,0.82,0.899
31681,1.93,31.12,2.33,0.001
31690,7.82,10.59,0.68,0.519
31692,8.71,25.77,2.48,0.742
31703,6.26,28.12,2.18,0.396
31711,6.15,46.15,0.64,0.624
31712,8.78,17.41,0.68,0.591
31729,7.61,14.46,1.4,0.495
31730,6.75,12.14,1.11,0.276
31732,9.55,20.09,1.51,0.747
31740,10.11,11.92,1.66,0.73
31745,8.22,10.15,0.68,0.531
31747,10.44,19.37,1.92,0.98
31771,5.7,10.3,0.94,1.367
31783,7.76,19.28,0.7,0.505
31791,8.1,12.71,0.93,0.572
31796,7.12,13.71,0.93,0.374
31798,8.75,10.31,0.72,0.45
31800,7.97,10.15,0.72,0.534
31801,9.72,15.47,0.85,0.79
31802,7.84,12.49,1.07,0.526
31821,8.44,20.56,2.07,0.769
31831,9.07,11.03,0.82,0.642
31849,9.37,16.6,1.75,0.928
31850,6.43,28.44,1.04,0.523
31862,9.8,76.47,1.05,1.377
31870,5.7,13.54,0.56,1.134
31876,5.99,11.28,0.88,0.063
31878,9.71,45.56,0.91,1.257
31895,8.05,11.44,0.72,0.747
31907,9.5,14.43,1.8,0.645
31931,10.35,20.94,2.72,1.086
31950,7.73,13.64,1.51,0.529
31956,7.17,13.01,1.2,0.626
31957,8.66,11.4,0.7,0.479
31965,7.6,23.57,0.96,0.672
31968,8.68,13.57,0.8,0.626
32009,9.63,18.44,2.1,0.694
32010,8.08,57.07,1.37,1.021
32011,8.29,15.15,0.65,0.565
32015,9.3,11.77,1.07,0.703
32024,7.69,13.91,0.98,0.576
32035,7.89,15.94,0.8,0.511
32040,6.48,12.71,0.8,0.509
32043,9.63,35.25,1.08,0.984
32076,6.97,33.75,0.82,0.563
32075,8.35,15.16,1.22,0.596
32091,6.28,10.95,0.79,0.346
32103,8.53,18.67,0.72,0.755
32104,5.2,23.41,2.44,0.063
32111,7.94,18.68,0.98,0.597
32117,7.07,14.03,1.05,0.578
32125,7.04,16.25,0.92,0.359
32127,9.48,18.28,0.87,0.726
32132,9.23,12.16,1.38,0.704
32135,7.29,18.05,0.91,0.498
32144,6.26,20.45,1.11,0.321
32146,6.57,14.21,0.83,0.501
32155,9.98,16.33,1.36,0.86
32161,7.8,10.52,0.9,0.43
32173,5.04,10.66,0.71,1.479
32235,8.94,17.7,0.79,0.699
32241,8.96,13.03,0.79,0.547
32242,8.46,19.79,0.78,0.819
32249,4.49,11.82,0.83,1.167
32251,8.53,20.04,0.71,0.685
32255,8.87,12.05,1.38,0.676
32261,6.28,13.27,0.74,1.089
32262,8.47,13.26,1.27,0.567
32264,7.66,15.04,0.94,0.522
32263,7.49,10.62,0.95,0.315
32270,11.61,23.79,3.13,1.348
32280,8.4,11.96,1.11,0.49
32281,8.79,15.9,0.97,0.607
32289,9.02,12.28,0.96,0.669
32296,6.61,14.48,0.65,0.182
32299,7.89,17.39,0.95,0.563
32307,8.55,10.93,1.29,0.506
32308,10.73,18.07,2.26,0.804
32313,10.92,44.43,4.88,1.364
32319,7.07,11.21,0.79,0.249
32322,6.43,37.6,0.65,0.55
32326,8.71,16.46,0.72,0.61
32329,7.2,21.77,1.07,0.562
32349,-1.44,379.21,1.58,0.009
32350,6.93,18.38,0.86,0.351
32351,7.6,12.43,0.6,0.401
32353,7.27,14.41,1.37,0.312
32362,3.35,57.02,0.83,0.443
32364,8.82,18.76,1.44,0.67
32366,5.92,41.2,0.56,0.491
32376,6.65,11.03,0.89,0.333
32382,7.47,22.09,0.86,0.614
32395,9.0,11.89,0.76,0.575
32415,7.6,18.52,1.21,0.624
32423,8.8,40.02,1.22,0.964
32435,7.46,17.46,0.59,0.46
32438,4.86,14.26,0.97,0.084
32439,5.44,56.02,0.53,0.525
32441,8.33,11.61,1.29,0.543
32470,7.66,12.23,0.96,0.505
32475,7.04,14.37,1.06,0.375
32480,5.24,60.56,0.73,0.575
32489,5.34,15.69,0.74,0.964
32500,6.46,25.55,0.52,0.429
32525,7.52,10.24,0.99,0.471
32530,10.56,31.48,1.95,1.306
32544,10.7,28.9,1.26,1.315
32560,12.06,64.91,3.37,-0.098
32594,7.66,11.07,0.95,0.241
32607,3.24,32.96,2.14,0.225
32608,7.39,14.35,1.02,0.56
32614,7.54,14.87,1.06,0.848
32617,5.75,24.95,0.75,0.292
32644,7.02,22.44,2.23,0.553
32649,8.37,12.36,0.9,0.736
32650,7.92,19.96,1.57,0.619
32662,7.53,16.59,0.86,0.484
32673,8.07,23.06,1.23,0.677
32674,8.04,14.54,0.62,0.488
32686,7.99,10.3,1.08,0.563
32702,7.3,22.41,0.87,0.546
32718,7.01,15.34,0.57,0.537
32719,8.15,14.44,1.07,0.626
32723,10.18,36.16,1.82,1.33
32725,8.39,11.03,1.12,0.512
32728,8.96,22.39,1.39,0.657
32735,8.93,14.87,0.89,0.737
32740,5.72,10.63,0.87,1.298
32749,10.03,11.98,1.49,0.636
32754,10.39,27.35,1.78,1.277
32764,8.66,16.23,0.74,0.569
32765,5.14,39.66,0.53,0.46
32767,9.74,14.62,1.45,0.877
32768,2.94,17.85,0.49,1.207
32769,8.59,60.96,1.3,1.209
32775,6.11,30.16,0.75,0.457
32804,10.03,16.57,1.36,0.978
32805,9.75,17.22,1.65,0.939
32806,8.61,26.01,1.19,0.79
32812,9.94,19.28,1.08,0.942
32842,7.98,14.54,0.88,0.665
32851,5.78,33.45,0.84,0.396
32860,9.25,15.09,0.85,0.732
32868,8.15,14.47,1.06,0.632
32874,6.98,27.01,1.04,0.6
32879,10.56,15.18,2.27,1.0
32886,7.03,10.16,0.77,0.208
32889,8.66,14.68,1.1,0.623
32888,9.19,10.63,1.48,0.638
32894,9.04,14.11,1.96,0.63
32897,8.69,15.94,0.82,0.608
32906,7.93,12.77,1.12,0.493
32916,8.1,24.55,1.14,0.729
32919,8.95,53.12,1.23,1.232
32931,6.37,10.95,0.76,0.052
32933,9.61,22.01,2.07,0.977
32938,5.94,18.14,0.53,0.183
32939,10.06,39.19,1.01,1.086
32945,9.75,20.14,1.74,1.088
32955,7.85,14.98,1.01,0.439
32962,7.65,11.56,1.0,0.588
32967,7.95,15.08,1.02,0.515
32970,7.21,21.16,0.68,0.614
32971,7.41,30.26,2.17,0.721
32984,6.58,114.94,0.86,1.071
32994,8.65,13.17,0.84,0.691
32996,8.85,12.73,0.8,0.567
33018,3.6,16.59,0.85,0.102
33024,5.75,15.98,0.75,0.27
33025,9.34,12.46,1.09,0.619
33033,9.02,10.31,0.91,0.616
33037,8.99,31.61,1.37,0.976
33061,8.9,10.98,0.84,0.794
33064,6.32,15.21,1.03,0.516
33072,7.64,18.62,0.57,0.525
33081,6.52,10.4,0.68,0.091
33094,6.05,38.77,0.63,0.708
33103,8.9,10.63,1.27,0.465
33109,7.05,25.06,0.85,0.566
33111,8.86,11.37,1.45,0.644
33121,8.14,11.93,1.14,0.471
33139,6.24,18.63,0.55,0.988
33142,11.01,94.02,2.18,1.552
33144,8.94,10.65,0.86,0.618
33158,7.82,10.79,1.15,0.44
33159,7.89,14.94,1.06,0.543
33160,4.08,12.94,0.87,1.418
33202,4.73,35.79,1.15,0.321
33212,6.84,32.23,1.01,0.582
33222,8.15,11.43,1.36,0.517
33226,9.89,181.32,1.87,1.58
33227,7.68,11.54,1.02,0.349
33228,9.35,11.61,0.97,0.695
33229,8.17,29.35,0.64,0.771
33235,9.67,12.41,1.38,0.7
33240,7.81,10.27,1.23,0.389
33241,10.58,20.63,2.39,1.259
33275,7.6,19.43,0.98,0.518
33277,5.74,57.89,0.9,0.573
33282,11.3,19.33,2.49,1.344
33283,11.1,11.4,1.43,0.79
33287,8.01,25.54,3.29,0.735
33301,7.88,16.49,0.73,0.51
33302,4.66,34.21,0.7,0.374
33322,10.23,38.78,1.86,1.352
33323,7.18,13.0,0.89,0.439
33324,7.39,26.58,0.55,0.585
33355,7.53,16.5,0.99,0.553
33366,9.38,11.58,0.93,0.665
33371,7.69,16.25,0.56,0.612
33373,9.08,41.53,1.41,1.117
33382,7.41,31.15,0.85,0.69
33388,8.89,13.85,0.7,0.549
33392,10.05,19.84,1.09,0.964
33405,7.13,10.91,0.98,0.418
33423,6.64,13.14,0.84,0.473
33427,8.36,10.75,1.1,0.573
33428,9.68,53.67,1.86,1.359
33445,8.63,10.83,1.14,0.488
33449,4.35,19.14,0.76,0.85
33451,6.23,23.15,0.56,0.465
33460,8.43,11.43,0.71,0.559
33468,8.38,12.72,0.68,0.605
33477,7.42,10.24,1.14,0.254
33478,5.45,25.94,0.75,0.39
33485,4.9,14.49,0.69,0.027
33495,6.91,27.38,0.52,0.477
33497,7.62,23.74,1.13,0.558
33499,10.81,124.62,2.64,1.636
33503,9.39,11.86,0.86,0.592
33536,7.76,16.05,0.88,0.553
33537,6.94,41.25,0.88,0.62
33542,8.14,11.63,1.08,0.54
33548,8.86,15.96,0.94,0.75
33560,9.14,44.83,2.28,1.162
33563,7.86,13.11,0.82,0.453
33565,10.57,17.15,2.12,0.94
33566,8.02,10.76,1.06,0.529
33577,6.46,10.01,0.51,0.389
33580,8.06,25.63,1.01,0.679
33582,9.02,14.63,1.39,0.579
33584,6.25,13.69,0.86,0.105
33588,6.26,11.64,0.5,1.16
33589,9.41,15.27,1.33,0.652
33595,6.2,21.1,0.9,0.52
33608,8.66,16.97,1.24,0.622
33624,7.73,12.61,0.87,0.56
33634,9.96,13.45,1.4,0.823
33642,8.78,12.8,0.77,0.619
33654,10.01,22.78,1.76,1.054
33658,9.46,13.52,0.98,0.731
33671,7.78,21.26,0.74,0.533
33678,9.72,19.05,1.73,0.943
33681,9.02,10.89,0.86,0.587
33682,5.18,11.26,0.43,1.396
33685,7.39,14.93,0.92,0.404
33690,6.81,54.33,0.54,0.786
33691,8.44,25.44,0.93,0.737
33694,4.55,17.43,0.53,1.365
33705,6.62,25.57,0.66,0.438
33719,6.29,35.63,0.84,0.572
33733,8.28,13.55,0.97,0.597
33736,8.47,30.54,0.75,0.899
33737,10.11,15.6,0.97,0.908
33755,8.7,11.08,1.1,0.52
33760,6.28,14.67,0.63,0.449
33766,8.14,11.19,0.59,0.529
33767,9.24,11.72,1.5,0.537
33773,8.13,11.02,0.88,0.483
33780,10.06,12.16,1.0,0.783
33799,7.66,23.06,0.96,0.534
33800,6.01,18.65,0.46,0.297
33802,7.33,16.91,0.53,0.464
33805,10.93,43.88,2.21,1.476
33806,8.61,13.45,1.31,0.498
33817,6.71,68.42,0.72,0.882
33818,10.13,27.34,2.07,1.14
33819,7.57,13.68,1.03,0.449
33839,9.7,12.42,1.06,0.626
33848,8.16,35.35,1.1,0.863
33852,7.98,48.96,0.97,0.986
33863,7.7,12.6,0.56,0.551
33932,8.31,20.88,0.85,0.627
33940,10.17,17.19,2.28,0.87
33941,8.24,11.73,1.73,0.557
33952,7.35,11.3,0.7,0.878
33955,8.38,53.47,1.13,1.078
33973,7.66,17.28,1.08,0.531
33982,9.46,16.48,1.76,0.636
33995,7.18,11.87,1.04,0.506
34002,5.96,12.59,0.98,0.126
34017,5.93,52.37,0.84,0.595
34024,7.15,27.38,0.68,0.521
34025,9.58,21.3,2.8,1.023
34047,7.75,14.98,0.93,0.649
34052,8.67,58.89,0.94,1.18
34059,4.92,16.98,0.46,0.14
34065,5.56,61.54,1.05,0.624
34069,6.83,66.29,6.81,0.779
34070,6.99,12.1,0.86,0.45
34081,5.2,10.34,0.56,0.198
34082,9.34,15.64,1.44,0.639
34085,7.15,26.89,1.66,0.594
34087,8.24,29.52,3.72,0.75
34095,9.08,22.46,1.32,0.806
34104,10.95,64.96,2.74,1.535
34105,5.14,11.55,0.46,-0.032
34110,8.17,19.87,1.93,0.697
34114,8.1,10.25,0.98,0.538
34115,11.95,65.44,2.88,1.527
34136,8.58,14.27,1.33,0.675
34138,7.35,11.45,0.66,0.458
34145,9.62,13.99,1.57,0.545
34146,8.05,15.74,0.91,0.468
34147,9.18,10.83,0.9,0.705
34154,8.85,12.02,1.8,0.673
34179,7.5,10.35,0.75,0.509
34200,6.15,17.96,0.79,0.353
34212,7.67,18.57,0.61,0.536
34214,7.84,12.92,1.01,0.49
34222,10.14,41.63,2.16,1.34
34235,8.81,18.2,0.91,0.679
34239,7.26,15.59,1.0,0.517
34267,5.55,10.68,0.88,0.909
34269,10.54,21.26,1.26,1.161
34271,8.25,22.77,1.03,0.702
34276,6.52,10.77,0.56,-0.008
34285,9.53,10.68,0.91,0.487
34293,9.03,11.02,0.79,0.511
34311,8.27,17.17,1.36,0.617
34317,10.13,30.68,1.65,1.22
34320,8.34,16.11,1.18,0.607
34329,8.7,18.05,1.22,0.677
34334,9.34,15.23,0.94,0.695
34341,9.84,37.38,1.58,1.27
34353,8.83,13.58,1.62,0.522
34361,11.11,58.04,2.46,1.44
34365,10.19,13.7,1.26,0.776
34392,11.17,56.51,2.19,1.499
34396,8.03,16.95,0.75,0.606
34407,7.8,21.96,1.05,0.56
34409,8.12,19.75,0.92,0.605
34411,8.56,10.11,1.27,0.51
34414,8.32,44.92,1.43,0.907
34417,6.87,16.81,0.54,0.358
34423,8.85,34.84,1.37,0.952
34424,7.06,12.14,0.71,0.47
34426,7.7,22.23,1.04,0.53
34440,5.47,10.68,0.82,1.02
34457,7.54,10.12,0.86,0.577
34481,3.78,23.02,0.69,1.006
34511,8.0,22.78,1.1,0.631
34521,7.84,11.02,1.11,0.629
34524,8.39,16.65,1.2,0.685
34540,7.77,21.57,1.19,0.559
34548,9.06,12.91,1.45,0.455
34567,7.09,40.68,1.02,0.7
34589,6.62,15.76,0.77,0.312
34603,11.65,157.24,3.32,1.7
34608,6.43,21.67,0.82,0.88
34609,9.19,15.22,0.86,0.656
34617,6.23,20.08,1.1,0.419
34622,4.91,15.45,0.78,1.02
34629,8.75,10.8,1.39,0.443
34633,8.48,14.64,1.09,0.609
34640,7.94,13.85,1.02,0.506
34642,8.8,10.77,1.23,0.6
34650,7.78,10.29,1.0,0.45
34653,9.09,13.35,1.18,0.69
34655,7.83,11.15,1.14,0.1
34667,9.52,10.67,1.54,0.674
34670,5.12,10.43,0.49,1.251
34673,9.96,39.4,1.44,1.311
34691,8.25,13.83,0.99,1.059
34693,4.41,10.81,0.97,1.261
34697,8.38,12.52,1.07,0.697
34698,10.2,23.63,1.1,1.17
34700,8.01,21.86,1.1,0.573
34705,7.23,10.48,1.1,0.398
34710,7.13,15.94,0.9,0.671
34714,7.16,21.82,1.02,0.431
34712,11.16,38.44,1.41,1.44
34724,5.44,12.49,0.75,0.31
34730,12.21,27.56,3.73,1.43
34739,7.5,36.11,0.59,0.705
34754,8.31,13.4,1.02,0.504
34759,8.37,15.09,1.26,0.543
34767,8.06,14.01,1.04,0.548
34782,6.1,21.02,0.61,0.273
34785,10.37,36.44,1.8,1.33
34796,11.25,37.41,2.45,1.47
34801,7.95,13.6,0.72,0.604
34804,10.67,27.58,2.18,1.591
34805,7.33,21.62,0.54,0.737
34810,9.1,12.69,1.29,0.6
34812,9.0,11.57,1.52,0.578
34834,4.49,47.22,0.53,0.324
34848,7.7,13.53,1.33,0.481
34860,6.46,22.65,2.03,0.502
34865,8.71,11.98,1.39,0.604
34867,7.84,11.84,0.64,0.582
34877,8.91,15.06,0.79,0.754
34879,7.17,27.06,0.79,0.66
34890,9.08,50.02,0.95,1.255
34892,9.71,10.09,1.47,0.601
34897,6.75,15.07,0.77,0.296
34899,4.87,17.97,0.51,-0.003
34922,4.42,16.46,1.27,1.331
34926,7.04,15.12,0.99,0.44
34932,8.83,18.69,0.8,0.641
34950,8.4,39.72,1.29,0.827
34952,6.93,10.22,0.72,0.284
34961,9.19,17.57,0.94,0.736
34966,10.7,14.02,1.45,0.986
34967,8.6,11.86,0.75,0.563
34969,7.71,11.36,1.02,1.112
34992,7.17,16.5,0.57,0.437
35022,8.6,16.53,1.39,0.7
35044,5.58,11.96,0.64,1.22
35052,8.08,14.39,0.58,0.656
35069,8.37,19.02,1.07,0.617
35071,11.49,21.84,3.27,0.94
35091,8.81,26.13,0.83,0.94
35096,7.67,25.5,0.69,0.604
35098,8.09,11.38,1.02,0.435
35101,7.26,10.76,0.84,0.337
35102,7.49,14.28,1.37,0.539
35122,9.24,11.12,1.22,0.639
35134,7.91,12.4,0.87,0.675
35136,5.54,59.31,0.69,0.576
35139,7.74,30.14,0.98,0.607
35140,8.67,13.42,1.2,0.6
35145,8.5,22.07,1.32,0.744
35146,5.2,16.88,0.76,1.081
35148,7.87,17.11,0.96,0.591
35151,9.08,17.14,0.85,0.657
35163,9.98,18.95,2.69,0.725
35154,7.69,17.91,0.65,1.061
35157,7.75,13.19,0.9,0.551
35173,9.01,29.25,1.36,1.01
35180,5.46,11.79,0.85,0.079
35185,8.42,18.99,1.18,0.641
35191,10.83,81.05,2.42,1.52
35198,8.51,26.04,1.17,0.746
35203,9.85,16.45,1.02,0.857
35209,7.34,24.32,0.97,0.609
35211,7.49,18.99,0.7,0.518
35214,9.11,13.86,1.28,0.64
35219,6.75,19.24,0.9,0.417
35221,8.58,16.81,2.28,0.81
35229,7.03,10.38,0.76,0.118
35231,7.66,13.87,0.97,0.51
35243,7.08,11.41,0.6,0.435
35246,10.65,26.56,1.57,1.03
35253,6.38,11.0,1.08,0.883
35261,6.72,16.03,1.64,0.436
35265,6.93,36.5,1.06,0.631
35274,10.2,26.98,2.68,1.19
35279,7.57,15.7,0.63,0.701
35296,6.7,67.69,0.86,0.975
35310,6.72,22.85,1.79,0.565
35323,7.83,13.46,0.86,0.419
35332,8.64,14.58,0.9,0.722
35337,7.53,11.2,0.93,0.421
35339,7.61,14.14,1.09,0.441
35341,5.87,12.18,0.92,0.181
35350,3.58,34.59,0.93,0.106
35353,10.3,69.21,2.16,1.508
35359,7.52,20.17,0.6,0.556
35374,7.9,17.11,0.92,0.662
35377,8.02,28.19,1.34,0.627
35382,8.41,11.64,1.14,0.441
35384,5.0,10.97,0.76,0.087
35398,7.6,10.06,0.89,0.387
35437,7.17,21.28,0.58,0.519
35445,8.24,14.09,0.66,0.523
35449,7.69,15.82,1.35,0.596
35457,7.62,11.52,0.92,0.566
35467,6.73,11.42,0.51,0.299
35472,7.82,11.7,1.05,0.543
35487,5.7,22.71,0.8,0.346
35492,7.87,13.27,0.61,0.5
35495,10.06,50.59,2.45,1.42
35509,5.91,16.86,0.83,0.537
35519,9.24,19.64,1.39,0.876
35520,8.27,17.3,1.09,0.649
35522,8.36,15.28,0.87,0.571
35531,11.19,19.11,2.09,1.9
35543,7.1,10.9,0.87,0.289
35550,3.5,55.45,0.85,0.374
35560,8.5,12.69,1.17,0.437
35564,5.5,28.75,0.87,0.483
35567,6.57,14.25,0.48,0.111
35578,6.74,11.08,0.75,0.248
35592,11.09,15.03,1.91,1.625
35599,8.95,11.82,1.33,0.614
35601,7.5,13.24,1.05,0.464
35628,8.38,39.1,1.15,0.888
35633,9.78,17.74,1.32,0.741
35642,6.56,26.24,0.93,0.532
35643,5.74,28.99,0.74,0.342
35651,9.95,28.98,1.57,1.037
35656,9.43,15.28,1.05,0.812
35661,9.11,12.49,0.79,0.632
35691,8.41,10.78,0.86,0.561
35697,7.57,15.35,1.15,0.413
35702,7.99,11.98,1.18,0.91
35706,10.11,21.75,1.91,1.14
35710,5.12,13.9,0.92,1.082
35711,9.31,10.98,0.84,0.54
35718,8.73,22.06,1.14,0.774
35733,6.68,17.58,0.99,0.559
35734,8.55,11.81,0.82,0.586
35735,6.36,14.23,0.85,0.282
35739,8.83,26.74,0.92,0.875
35741,7.89,11.71,0.98,0.466
35750,9.37,22.4,1.61,0.897
35751,6.43,14.51,0.87,0.995
35755,11.57,26.54,3.17,1.668
35775,7.37,13.62,1.03,0.549
35790,6.89,11.86,0.55,1.043
35802,10.42,13.94,2.03,0.888
35803,6.78,22.68,1.09,0.455
35821,10.56,61.68,1.91,1.442
35823,7.62,16.47,0.97,0.498
35824,8.04,11.66,1.01,0.526
35825,8.19,12.58,1.22,0.543
35842,6.17,10.46,0.96,0.006
35846,5.04,21.17,0.91,0.902
35851,9.91,33.67,1.55,1.228
35872,8.19,39.91,1.14,0.959
35877,8.46,13.51,1.14,0.6
35881,8.1,15.17,0.99,0.776
35884,6.84,29.37,0.79,0.489
35900,10.31,22.16,1.67,0.951
35902,9.76,25.23,3.26,1.07
35908,8.32,13.19,1.26,0.44
35910,6.58,20.61,0.53,0.71
35937,10.12,33.17,1.01,1.274
35941,5.77,15.57,1.37,0.368
35943,10.34,41.56,1.7,1.365
35946,6.49,12.9,0.49,0.12
35947,7.42,15.73,0.63,0.435
35961,8.89,10.87,0.81,0.563
35965,10.18,18.88,1.38,0.92
35985,9.48,20.44,1.25,0.888
35987,5.37,10.28,0.93,0.105
35989,9.16,20.44,1.46,0.814
35992,9.65,20.73,1.5,0.944
35998,5.79,28.72,0.77,0.432
36014,7.69,24.06,1.02,0.603
36015,7.58,11.71,0.63,0.446
36022,8.03,12.57,0.98,0.541
36037,10.95,25.88,2.56,1.411
36046,3.78,25.9,0.91,1.024
36057,8.57,12.37,0.8,0.457
36059,7.84,10.73,0.93,0.331
36064,8.31,15.29,1.27,0.75
36071,6.99,28.07,0.9,0.568
36075,7.95,12.79,1.21,0.44
36081,6.88,23.59,0.9,0.62
36102,12.04,29.35,2.74,1.471
36104,9.06,10.96,0.88,0.619
36119,9.81,14.46,1.2,0.733
36121,9.21,38.92,1.38,1.16
36123,6.38,10.33,1.0,0.078
36129,8.64,24.63,1.12,0.845
36145,4.61,13.11,0.79,-0.001
36152,6.54,32.43,0.91,0.464
36165,7.03,25.21,1.95,0.487
36186,5.6,11.63,0.95,0.314
36187,9.15,13.16,0.82,0.618
36188,2.89,19.16,0.85,-0.097
36207,6.99,13.65,1.15,1.026
36208,9.84,263.26,1.43,1.573
36210,6.72,44.43,0.53,0.694
36215,11.25,50.93,2.71,1.495
36238,5.2,29.38,1.39,0.455
36248,8.89,10.15,1.16,0.46
36249,7.24,33.87,1.04,0.734
36272,8.96,21.41,1.33,0.894
36277,10.53,21.32,1.61,0.848
36278,8.49,11.15,0.98,0.524
36285,7.39,34.82,1.05,0.702
36290,8.8,23.15,1.26,0.76
36294,7.93,20.2,1.04,0.599
36302,8.77,12.66,0.78,0.653
36310,8.15,21.33,1.19,0.775
36312,8.8,11.15,0.83,0.54
36319,9.26,23.47,1.64,0.77
36325,6.36,10.16,1.06,1.223
36333,7.59,14.39,1.0,0.412
36338,11.47,79.65,2.61,1.486
36347,9.99,27.48,1.82,1.14
36349,9.96,64.24,2.68,1.442
36352,10.97,27.82,1.62,1.323
36357,7.73,56.98,1.24,0.923
36366,4.16,54.06,0.95,0.32
36377,3.25,17.74,0.47,1.509
36392,7.15,13.37,0.87,0.641
36393,5.07,20.0,0.97,0.12
36395,6.05,29.31,0.92,0.479
36399,5.86,35.95,3.07,0.487
36414,7.73,19.04,0.67,0.551
36432,8.75,15.21,0.88,0.749
36435,7.32,11.28,0.9,0.331
36439,5.35,50.25,0.81,0.47
36440,7.68,10.11,0.59,0.503
36463,6.99,15.47,1.0,0.498
36477,8.56,12.07,0.69,0.638
36480,9.32,17.95,1.57,0.786
36481,7.07,24.21,1.12,0.604
36485,7.16,20.92,1.21,0.505
36488,8.95,10.36,1.31,0.567
36491,8.48,20.0,1.66,0.538
36497,7.95,20.02,0.98,0.586
36509,7.11,21.42,1.05,0.465
36512,7.73,27.36,0.93,0.637
36515,6.66,45.93,0.58,0.641
36551,8.94,47.09,1.28,1.107
36557,7.28,15.04,0.94,0.634
36559,9.58,11.5,1.07,0.745
36560,11.22,18.25,2.71,1.173
36576,7.6,10.43,0.62,0.461
36583,8.82,10.44,0.76,0.495
36607,9.63,19.58,1.47,0.89
36616,5.45,10.81,0.75,1.126
36620,10.92,16.41,2.33,1.613
36622,8.78,20.26,0.77,0.722
36624,6.56,10.61,0.87,0.077
36627,11.82,87.15,4.85,1.567
36626,10.52,87.61,3.87,1.439
36635,10.84,40.48,2.14,1.494
36637,10.98,28.91,3.45,1.4
36640,5.9,33.4,0.93,0.54
36654,8.88,17.0,0.81,0.691
36670,8.92,15.29,1.17,0.604
36672,7.63,13.0,1.11,0.663
36702,8.09,10.87,0.68,0.518
36704,7.68,50.8,1.29,0.863
36710,10.32,12.93,1.42,0.722
36715,7.41,11.03,0.7,0.574
36721,5.84,10.66,0.77,0.156
36723,5.59,23.44,0.77,0.321
36731,8.32,22.34,1.22,0.671
36732,5.64,11.15,0.7,1.121
36737,11.35,32.23,3.12,1.415
36763,9.12,16.64,1.27,0.6
36784,9.6,13.41,0.96,0.747
36795,4.44,38.91,0.66,0.521
36807,6.11,11.37,0.58,0.297
36809,6.72,17.16,0.8,0.61
36817,5.06,34.41,1.13,0.468
36818,10.49,15.32,1.38,0.608
36827,8.16,40.32,1.26,0.9
36832,7.59,35.27,0.65,0.724
36834,10.4,87.01,2.17,0.942
36836,6.71,21.8,0.86,0.488
36846,8.56,14.16,1.24,0.59
36848,5.78,10.41,0.67,1.045
36849,8.94,12.15,1.24,0.5
36850,1.58,63.27,1.23,0.034
36853,11.53,39.31,3.31,1.498
36855,8.34,16.09,1.14,0.772
36866,8.79,22.27,0.77,0.853
36874,7.37,25.42,0.99,0.642
36890,7.82,13.82,0.92,0.426
36893,6.97,20.29,0.94,0.354
36896,5.34,10.78,1.16,1.01
36897,8.57,13.44,0.93,0.923
36898,7.26,14.68,0.98,0.795
36899,11.06,17.3,2.4,1.11
36901,7.29,18.04,1.15,0.595
36915,11.36,76.31,2.56,1.591
36917,4.65,14.5,0.62,-0.111
36922,6.66,10.1,0.88,0.046
36927,8.78,39.66,0.8,1.049
36941,7.32,18.53,0.53,0.539
36948,8.23,28.95,0.92,0.734
36954,8.51,25.63,0.91,0.808
36962,4.06,13.57,0.87,1.54
36964,8.94,19.22,1.03,0.766
36976,7.16,28.17,0.88,0.564
36985,9.87,69.85,1.53,1.455
36993,8.0,19.26,1.17,0.632
37031,5.89,22.92,0.89,0.602
37032,7.98,13.92,0.63,0.664
37046,5.93,11.63,0.75,1.123
37061,7.97,36.59,0.91,0.797
37063,8.06,13.29,0.68,0.54
37068,7.88,16.35,0.6,0.508
37073,7.63,13.27,0.9,0.433
37076,9.08,16.89,2.36,0.76
37078,8.38,10.06,1.19,0.772
37088,5.14,16.11,0.87,0.442
37107,6.85,16.9,0.9,0.339
37109,9.63,15.03,1.51,0.81
37133,7.2,10.43,0.94,0.277
37140,5.93,12.44,0.83,0.221
37150,7.37,17.09,0.9,0.454
37154,8.06,10.47,1.06,0.448
37162,9.64,23.45,2.24,0.966
37165,6.37,21.27,0.83,0.337
37170,7.7,26.13,1.04,0.621
37171,8.41,19.72,1.13,0.737
37172,7.93,15.23,1.07,0.601
37177,11.26,32.89,3.3,1.33
37178,7.95,10.84,1.01,0.456
37183,8.51,14.68,0.88,0.51
37204,5.58,10.65,0.97,0.921
37206,7.99,15.41,0.72,0.516
37211,10.71,19.4,2.48,1.123
37216,9.92,17.56,1.7,0.883
37217,11.68,92.15,2.99,1.588
37224,8.28,14.88,1.16,0.569
37233,7.58,18.51,0.94,0.604
37240,8.23,12.01,0.64,0.486
37246,10.84,21.66,2.57,1.596
37252,7.76,10.13,0.74,0.485
37265,4.89,20.62,0.96,0.413
37267,10.92,20.47,2.17,1.277
37278,7.27,14.66,0.99,0.412
37279,0.4,285.93,0.88,0.432
37283,6.89,21.54,0.89,0.473
37284,9.37,27.93,0.86,1.006
37288,9.66,67.27,1.51,1.379
37299,8.43,18.02,1.15,0.0
37309,8.54,13.85,1.01,0.693
37312,11.85,28.48,3.59,1.45
37316,8.69,11.19,1.25,0.541
37327,8.3,14.47,1.05,0.638
37337,8.66,10.42,1.31,0.718
37339,6.16,11.86,0.88,0.374
37349,7.18,70.44,0.94,0.891
37358,8.69,10.01,0.71,0.539
37360,7.52,13.85,0.6,0.584
37372,6.64,11.15,0.51,0.186
37374,8.52,10.94,1.62,0.406
37376,9.77,18.56,1.47,0.91
37390,7.32,17.38,0.71,0.543
37394,6.01,10.51,0.8,0.153
37411,8.84,11.34,0.74,0.559
37412,9.95,24.02,1.58,1.14
37414,6.69,10.59,0.55,0.365
37419,8.68,18.26,1.01,0.626
37427,8.62,11.13,0.86,0.669
37441,5.58,10.01,0.85,1.011
37447,3.94,22.61,0.8,1.022
37460,7.54,16.91,0.63,0.485
37484,8.24,15.06,1.86,0.626
37488,10.14,27.28,2.21,1.12
37494,9.73,37.35,1.61,1.19
37495,6.9,12.36,0.88,0.277
37504,3.93,24.36,0.48,1.033
37510,9.69,12.62,1.44,0.696
37519,7.0,13.93,0.67,0.306
37520,7.53,19.32,1.01,0.717
37528,11.06,22.01,2.3,1.252
37538,7.26,13.96,0.7,0.892
37539,8.86,12.47,0.8,0.59
37551,10.25,24.42,2.31,1.061
37563,7.17,30.07,0.56,0.637
37567,8.97,11.5,0.98,0.716
37579,7.13,13.48,0.99,0.416
37580,6.05,18.31,0.95,0.469
37584,7.95,13.38,1.09,0.468
37587,8.29,11.92,1.09,0.524
37589,8.48,10.84,1.22,0.47
37606,5.04,41.43,0.81,0.765
37607,10.27,16.63,1.74,0.836
37609,4.93,13.75,0.65,0.104
37612,7.37,11.62,0.69,0.34
37618,9.15,10.48,0.95,0.625
37621,8.18,11.48,0.63,0.436
37622,11.32,32.36,2.62,1.4
37624,7.19,14.24,1.03,0.341
37629,4.23,26.68,0.79,1.118
37635,6.69,33.13,0.5,0.55
37636,6.25,10.63,0.97,0.93
37645,6.97,18.96,1.11,0.581
37664,5.12,15.13,0.49,1.104
37674,7.18,11.5,1.03,0.9
37683,9.45,18.63,0.95,0.769
37710,5.8,22.99,0.51,0.32
37715,8.6,13.18,1.14,0.662
37718,6.64,32.45,0.55,0.527
37722,7.35,19.79,1.09,0.685
37727,7.55,33.25,0.67,0.7
37732,7.72,21.33,1.11,0.612
37735,8.79,20.33,1.42,0.9
37740,3.57,22.73,0.83,0.932
37766,11.19,168.59,2.67,1.6
37781,8.39,21.34,2.03,0.793
37785,8.12,10.85,1.13,0.417
37789,6.74,29.22,0.96,0.545
37798,10.19,40.58,2.18,1.349
37802,7.67,15.29,1.2,0.313
37810,9.89,15.01,1.08,0.837
37826,1.16,96.74,0.87,0.991
37831,7.61,10.72,1.16,0.374
37844,7.55,19.05,0.99,0.493
37853,5.36,65.79,0.56,0.589
37855,8.9,11.97,1.13,0.6
37863,7.14,11.18,1.01,0.364
37869,8.85,13.17,1.42,0.516
37878,9.45,14.39,0.92,0.645
37879,7.46,18.73,0.94,0.49
37885,9.52,14.64,1.68,0.68
37891,5.03,13.8,0.71,0.342
37894,10.16,17.79,1.21,1.038
37901,5.49,13.68,0.92,1.378
37906,6.95,17.36,0.89,0.509
37918,8.19,27.59,2.11,0.782
37921,5.25,10.44,0.84,0.018
37923,8.27,36.55,4.5,0.787
37924,7.57,10.67,0.56,0.438
37930,7.38,19.56,0.58,0.758
37934,6.5,12.32,0.73,0.262
37971,8.51,18.86,1.04,0.687
37978,11.5,34.35,2.85,1.38
37991,8.61,10.94,1.4,0.567
38001,9.07,11.18,1.55,0.688
38017,6.79,11.77,0.5,0.16
38018,7.06,35.13,2.37,0.712
38021,7.08,23.8,1.03,0.576
38022,7.08,16.29,0.94,0.428
38033,8.11,14.73,0.84,0.522
38041,8.1,30.66,0.69,0.745
38048,5.48,33.06,0.84,0.478
38052,7.01,26.6,0.83,0.587
38072,9.2,12.36,1.11,0.628
38082,11.46,70.74,2.66,1.51
38083,7.17,14.33,1.15,0.285
38084,7.71,16.6,1.08,0.46
38089,4.69,14.36,0.48,1.039
38104,8.03,19.43,1.36,0.74
38117,8.86,38.07,2.27,1.068
38120,7.52,14.65,0.76,0.647
38126,10.02,24.16,2.01,1.15
38127,7.9,10.4,0.65,0.412
38129,7.14,23.61,0.63,0.489
38131,8.96,13.32,0.84,0.63
38134,7.93,20.14,1.09,0.546
38138,7.46,16.26,1.02,0.356
38150,6.73,12.82,0.91,0.286
38160,5.78,28.62,0.48,0.428
38166,11.26,16.32,1.59,1.251
38172,7.09,23.22,0.93,0.488
38177,7.54,11.91,1.43,0.46
38179,7.49,29.97,0.64,0.675
38188,8.38,13.68,0.73,0.511
38211,5.17,12.87,0.71,1.282
38213,8.5,16.17,1.71,0.601
38216,6.54,19.36,0.77,0.579
38223,8.87,12.03,1.42,0.477
38225,7.88,21.19,0.67,0.601
38228,6.9,45.84,0.89,0.682
38235,6.73,15.67,0.8,0.31
38236,10.93,23.8,1.51,1.686
38248,8.97,12.64,1.53,0.638
38250,9.26,20.54,0.97,0.815
38254,8.63,12.75,1.34,0.635
38259,8.67,10.48,0.72,0.674
38266,7.06,10.82,1.01,0.197
38267,5.89,12.59,0.51,1.088
38277,8.35,10.08,1.12,0.486
38276,7.29,17.42,1.05,0.42
38287,7.07,10.13,0.9,0.22
38289,8.82,10.74,1.38,0.492
38296,8.24,17.43,1.55,0.414
38297,9.54,10.56,1.07,0.614
38312,8.59,12.05,1.07,0.46
38319,6.06,15.69,0.97,0.15
38324,10.07,28.51,1.33,1.192
38325,6.03,33.32,0.76,0.496
38340,9.15,12.76,1.32,0.675
38369,8.29,15.0,0.72,0.49
38372,6.37,13.37,0.82,0.384
38374,8.58,20.06,1.27,0.726
38375,5.62,11.9,0.73,0.956
38382,5.16,59.98,0.95,0.6
38388,6.78,15.31,0.77,0.42
38392,7.71,31.58,0.94,0.721
38393,7.3,11.87,0.91,0.266
38399,8.15,12.87,0.87,0.446
38401,8.63,13.77,0.97,0.523
38413,9.63,11.0,1.11,0.849
38422,7.05,25.43,1.08,0.589
38423,5.01,55.48,0.54,0.47
38474,5.76,24.45,0.95,0.412
38492,10.94,29.96,2.2,1.51
38513,8.34,13.73,1.08,0.507
38514,10.15,17.95,1.82,1.576
38522,8.16,15.4,0.97,0.543
38531,9.22,18.2,1.04,0.879
38538,4.97,12.82,0.94,0.098
38539,10.2,12.8,1.39,0.792
38541,8.27,35.29,1.04,0.621
38550,8.59,11.4,1.66,0.6
38558,7.97,28.1,0.69,0.672
38564,7.6,15.44,1.13,0.573
38568,7.8,11.27,0.65,0.957
38574,8.91,10.52,0.79,0.696
38576,9.45,11.47,0.95,0.661
38594,9.75,51.16,1.57,1.385
38596,9.53,30.4,4.1,1.058
38600,7.81,16.16,0.69,0.524
38602,9.26,10.83,1.23,0.631
38604,7.25,16.22,0.83,0.905
38613,8.99,14.55,1.28,0.587
38625,7.43,52.01,1.85,0.739
38631,8.36,10.67,0.7,0.613
38636,8.35,18.04,1.17,0.738
38645,9.26,11.75,0.84,0.739
38646,9.36,20.74,1.06,0.838
38647,7.78,28.33,1.09,0.659
38649,8.11,11.52,0.67,0.529
38657,7.76,50.05,1.05,0.95
38658,7.47,14.13,1.0,0.566
38673,10.19,15.15,2.15,0.941
38677,7.33,14.66,0.96,0.435
38681,7.92,11.57,1.15,0.448
38702,11.16,25.7,2.49,1.617
38712,5.86,26.21,0.95,0.369
38718,7.0,18.02,0.86,0.895
38723,6.23,16.55,0.92,0.277
38729,9.42,11.5,0.89,0.785
38747,8.37,20.69,1.15,0.671
38748,6.57,10.1,0.81,0.964
38750,7.86,12.64,1.13,0.626
38755,7.32,15.93,0.9,0.629
38765,7.94,19.73,0.65,0.569
38769,8.82,12.32,1.14,0.52
38782,8.44,13.35,0.69,0.664
38784,6.55,58.67,0.57,0.719
38785,7.59,12.4,0.87,1.06
38791,7.72,12.56,0.87,0.469
38809,8.43,10.09,0.72,0.541
38817,7.23,13.54,1.01,0.562
38822,8.77,17.09,1.07,0.568
38842,8.51,14.67,0.81,0.589
38853,8.21,18.57,1.24,0.638
38862,8.0,21.75,1.0,0.63
38868,6.03,11.08,1.54,1.0
38870,6.35,17.09,1.06,0.507
38890,8.16,11.18,1.12,0.433
38892,11.31,26.63,3.66,1.129
38899,9.22,10.7,1.25,0.487
38908,5.59,61.76,0.51,0.573
38910,8.83,54.62,4.31,1.136
38918,10.05,11.67,1.52,0.8
38917,5.14,10.87,0.47,1.263
38926,8.63,15.73,1.41,0.594
38931,8.05,57.26,1.45,1.065
38939,8.42,54.91,1.15,1.043
38949,9.28,10.46,1.52,0.563
38950,9.15,11.05,1.47,0.577
38952,9.27,13.71,1.27,0.715
38956,12.02,122.53,11.52,1.618
38962,5.3,12.33,0.96,0.933
38969,9.31,30.2,1.23,1.123
38980,7.95,34.12,1.39,0.739
38992,8.12,33.43,1.28,0.789
38998,8.81,28.52,1.08,0.869
39007,8.5,11.26,0.82,0.679
39017,6.98,16.2,1.0,0.297
39026,8.5,14.11,0.78,0.56
39039,9.23,19.0,0.85,0.866
39044,8.44,16.02,1.16,0.515
39048,10.08,18.93,1.78,1.003
39058,7.87,11.12,1.29,0.486
39061,5.22,17.28,0.58,0.4
39064,7.68,43.21,0.96,0.833
39067,6.05,10.83,1.12,1.325
39068,8.34,29.46,1.52,0.77
39071,8.28,17.52,0.72,0.6
39072,8.64,17.49,1.17,0.626
39079,4.93,13.06,0.96,1.205
39088,9.25,19.52,0.83,0.831
39095,4.61,13.69,0.81,0.087
39096,7.98,31.64,1.36,0.657
39101,7.53,16.68,0.83,0.554
39102,7.72,19.48,0.64,0.582
39103,8.66,13.42,1.25,0.569
39127,10.34,28.77,1.98,1.26
39143,10.26,16.97,1.73,0.86
39157,6.97,59.52,0.77,0.716
39187,7.42,12.9,0.86,0.305
39186,8.5,15.57,1.06,0.638
39194,6.34,11.83,0.98,1.16
39196,10.53,14.39,1.75,0.962
39198,6.45,15.01,0.92,0.838
39212,7.52,13.06,1.2,0.619
39221,5.78,22.94,0.78,0.421
39230,8.58,12.43,1.39,0.5
39242,7.71,18.55,0.65,0.595
39243,7.28,14.25,1.14,0.563
39254,7.56,15.93,0.76,0.47
39256,9.17,13.72,1.42,0.53
39261,6.02,10.16,0.77,0.158
39271,6.22,16.77,1.0,0.57
39286,6.67,10.93,0.52,0.34
39293,11.34,34.66,3.79,1.478
39295,10.1,13.94,1.72,0.849
39298,8.06,23.24,1.05,0.721
39311,4.39,12.49,0.98,1.252
39313,6.87,17.41,0.78,0.384
39325,7.61,23.79,1.62,0.709
39327,8.56,10.91,1.04,0.651
39330,7.52,27.62,0.59,0.655
39335,8.04,15.13,0.95,0.624
39338,9.2,12.65,0.8,0.598
39342,7.18,57.88,0.58,0.872
39346,7.4,12.67,0.82,0.355
39361,9.3,10.24,1.37,0.692
39364,9.38,11.93,0.93,0.593
39391,8.68,20.9,0.82,0.728
39392,10.16,29.27,2.06,1.1
39393,8.01,14.36,0.94,0.481
39400,8.73,20.4,1.2,0.672
39402,11.35,32.07,4.26,1.49
39405,8.68,12.22,1.48,0.579
39407,9.35,12.62,1.25,0.564
39417,8.25,18.17,1.24,0.715
39418,6.74,23.18,0.98,0.571
39424,4.94,12.66,0.78,1.13
39425,7.43,19.1,0.9,0.508
39436,11.28,22.23,3.16,1.639
39444,9.68,11.96,1.39,0.72
39457,8.72,12.69,1.27,0.689
39468,7.17,17.42,0.78,0.466
39470,10.9,23.03,1.51,1.017
39481,8.7,13.2,0.86,0.577
39491,9.34,17.4,1.19,0.787
39494,9.83,39.46,1.58,1.27
39495,7.82,32.03,1.8,0.845
39506,7.26,33.88,1.17,0.632
39515,8.48,28.03,1.22,0.85
39528,8.43,22.65,1.17,0.727
39535,6.21,10.92,0.94,-0.042
39546,8.36,26.6,1.08,0.806
39553,8.1,10.9,1.15,0.615
39561,7.64,10.76,1.48,0.546
39565,6.62,12.17,0.65,0.448
39567,5.14,15.49,0.94,0.018
39572,7.07,15.79,0.82,0.399
39589,9.11,12.22,0.78,0.66
39611,10.38,27.56,1.39,1.308
39612,10.16,36.5,1.87,1.311
39616,8.16,16.92,0.87,0.529
39624,9.36,17.13,1.46,0.737
39638,7.07,10.66,0.99,0.397
39650,7.58,16.03,1.08,0.493
39669,9.92,15.82,1.56,0.91
39680,9.5,16.41,0.93,0.768
39685,11.48,31.73,2.88,1.492
39695,9.68,10.58,1.31,0.637
39710,6.8,39.08,0.77,0.6
39718,9.34,11.46,1.28,0.707
39720,7.3,21.26,0.67,0.548
39726,10.02,14.49,1.7,0.715
39735,8.2,11.13,1.04,0.425
39738,6.69,14.42,0.56,0.954
39748,8.6,18.42,0.97,0.623
39749,7.68,10.34,1.1,0.599
39757,2.83,51.99,0.66,0.458
39767,8.05,11.26,1.14,0.528
39780,5.3,42.86,0.97,0.642
39792,8.7,13.65,1.25,0.585
39804,7.27,20.32,0.97,0.541
39814,7.75,11.13,0.69,0.254
39816,7.62,14.49,1.17,0.619
39822,8.18,21.15,0.93,0.621
39821,10.73,21.52,2.87,1.616
39826,9.41,58.42,2.51,1.34
39847,4.78,14.96,0.7,0.048
39874,6.25,11.72,0.86,0.48
39887,8.86,20.52,1.49,0.98
39896,9.9,48.26,3.16,1.4
39903,4.74,46.75,3.38,0.437
39908,7.62,21.52,0.89,0.555
39911,9.6,14.99,0.99,0.602
39947,6.53,17.98,0.47,0.598
39948,6.68,14.85,1.75,0.486
39950,11.84,46.27,3.3,1.53
39954,7.76,10.25,1.11,0.441
39972,8.55,11.66,1.32,0.49
39987,11.74,60.23,2.33,1.523
39989,9.16,10.67,1.16,0.541
39999,7.59,19.26,0.94,0.523
40001,6.65,20.17,0.97,0.538
40006,7.52,11.03,1.46,0.0
40010,6.8,11.43,0.79,0.315
40015,6.54,34.16,0.99,0.567
40018,8.43,10.29,1.32,0.507
40023,5.73,23.82,0.74,0.825
40026,8.27,13.31,1.09,0.566
40035,5.53,44.47,0.77,0.488
40039,9.0,13.2,1.46,0.693
40041,7.41,12.58,0.86,0.607
40043,8.28,14.56,0.64,0.569
40046,8.38,11.52,1.05,0.554
40051,8.78,29.86,0.82,0.887
40055,8.01,12.76,0.75,0.44
40062,8.16,10.31,0.99,0.602
40071,6.79,11.33,0.74,0.549
40072,8.83,24.98,1.0,0.862
40084,4.72,17.64,0.69,0.939
40093,6.61,21.97,0.8,0.593
40098,8.57,12.49,1.25,0.529
40107,5.36,10.32,0.87,0.892
40110,7.89,17.97,1.04,0.541
40118,6.78,46.05,0.92,0.679
40122,9.16,13.59,0.99,0.43
40128,8.93,12.95,1.3,0.508
40131,10.89,26.2,2.33,1.23
40133,7.34,29.45,1.02,0.667
40134,7.28,16.36,0.93,0.844
40136,7.75,13.47,1.17,0.589
40138,8.69,14.07,1.08,0.6
40140,11.32,19.55,2.64,1.267
40167,4.67,39.11,1.38,0.531
40169,7.94,15.09,1.35,0.47
40170,10.2,40.94,1.87,1.319
40173,7.89,12.36,0.64,0.46
40174,8.19,23.78,0.76,0.619
40185,8.79,10.77,1.23,0.519
40188,6.97,12.71,0.52,0.352
40190,7.73,12.7,0.92,0.558
40221,7.93,11.01,1.01,0.901
40227,9.39,20.98,1.08,0.82
40229,9.32,15.51,1.29,0.66
40239,9.38,46.21,4.14,1.393
40253,8.54,12.25,1.16,0.435
40279,7.62,13.29,0.78,0.957
40280,7.17,12.78,1.5,0.539
40283,6.7,36.98,0.64,0.618
40293,6.56,10.31,0.85,0.116
40298,8.42,24.51,1.04,0.676
40313,10.05,16.92,1.03,0.92
40317,9.58,12.18,1.55,0.695
40326,4.42,10.5,0.52,1.17
40337,10.75,12.02,1.5,0.713
40338,8.76,18.13,1.32,0.726
40344,5.77,14.38,0.53,1.024
40375,8.79,54.53,1.26,1.186
40380,9.34,12.72,1.34,0.638
40411,8.01,10.39,1.08,0.385
40419,8.27,29.39,1.14,0.706
40423,9.41,12.46,1.37,0.728
40429,5.16,13.47,0.56,0.086
40430,9.5,10.38,0.98,-0.004
40438,6.63,36.93,0.5,0.579
40447,9.02,15.69,1.42,0.585
40449,9.62,20.66,1.62,1.014
40452,7.72,26.45,1.06,0.731
40459,10.1,31.84,1.62,1.251
40462,7.15,10.67,0.81,0.363
40465,9.25,23.07,1.59,0.965
40472,7.36,14.88,1.12,0.519
40479,8.18,16.26,1.18,0.533
40497,7.49,31.95,1.06,0.75
40498,9.38,13.96,1.33,0.582
40501,10.08,109.23,1.79,1.51
40506,7.29,13.15,0.68,0.89
40514,6.76,10.44,0.55,0.064
40517,7.75,11.42,1.0,0.449
40518,10.53,15.78,2.06,1.134
40523,7.16,12.79,1.32,0.583
40526,3.53,11.23,0.97,1.481
40539,8.54,12.08,1.04,0.495
40549,7.63,15.15,0.77,0.486
40555,8.39,13.39,0.68,0.574
40562,8.91,12.61,1.47,0.746
40569,10.57,13.77,1.63,0.952
40613,7.74,20.46,1.16,0.584
40615,9.73,17.77,1.63,0.945
40634,8.09,10.49,0.81,0.623
40646,5.63,10.73,0.68,0.182
40655,6.47,12.84,0.46,0.397
40663,8.8,21.83,1.58,0.826
40670,11.54,18.32,2.05,1.74
40671,8.82,44.34,1.31,1.137
40674,9.36,14.29,1.27,0.673
40680,5.06,11.01,0.5,1.129
40681,8.91,16.24,1.73,0.802
40687,8.2,17.0,0.96,0.652
40693,5.95,79.48,0.77,0.754
40695,8.92,10.8,0.91,0.66
40698,9.98,19.82,1.79,0.856
40699,6.61,10.34,0.8,0.272
40702,4.05,51.4,0.49,0.413
40706,4.44,35.06,0.53,0.222
40724,9.82,29.3,1.75,1.132
40729,8.49,13.05,1.1,0.518
40733,8.41,10.21,1.22,0.582
40761,7.86,19.77,1.1,0.674
40765,7.43,29.28,0.95,0.598
40774,8.35,42.89,1.32,0.901
40778,9.73,10.36,1.47,0.484
40785,8.3,13.42,1.08,0.622
40786,7.66,16.9,0.88,0.485
40791,7.18,15.19,0.89,0.36
40794,8.64,13.61,0.76,0.611
40793,5.55,11.18,0.58,0.902
40824,6.75,13.25,0.5,0.263
40831,8.9,13.13,1.65,0.556
40839,10.73,18.0,2.33,1.051
40840,8.77,14.22,0.76,0.581
40841,8.44,10.18,0.91,0.6
40842,8.08,10.04,1.1,0.42
40843,5.13,55.17,0.93,0.487
40844,7.89,15.35,0.96,0.519
40848,8.36,32.22,0.97,0.853
40858,6.18,24.5,1.14,0.607
40875,5.89,31.57,0.71,0.421
40878,6.5,15.94,0.75,0.3
40882,8.43,26.98,1.17,0.825
40888,4.34,21.22,0.47,1.161
40894,8.33,11.68,0.66,0.695
40896,7.57,10.44,0.95,0.296
40898,8.91,10.78,1.23,0.51
40897,9.25,12.99,1.75,0.657
40910,9.75,42.66,1.66,1.279
40914,9.32,10.74,1.25,0.643
40916,6.63,13.55,0.49,0.147
40915,10.51,13.84,2.06,0.839
40918,8.03,27.33,0.98,0.731
40928,9.02,16.83,1.26,0.728
40938,7.24,14.11,1.09,0.397
40942,8.48,23.12,1.17,0.737
40947,6.15,14.89,0.53,0.172
40951,8.47,11.82,0.76,0.442
40952,7.17,34.77,0.6,0.692
40964,8.25,11.53,0.95,0.483
40972,10.66,15.15,2.04,0.981
40990,5.71,11.4,0.76,1.05
40993,6.78,11.47,0.84,0.393
41006,6.96,11.31,0.9,0.468
41010,9.23,10.58,0.84,0.652
41022,8.0,16.34,0.98,0.756
41036,6.14,15.36,0.97,0.227
41044,7.81,11.69,0.79,0.48
41055,7.24,11.01,0.61,0.351
41078,8.17,12.86,0.67,0.45
41081,5.89,13.68,0.47,0.018
41087,9.17,10.35,1.24,0.56
41099,8.34,12.77,0.84,0.475
41130,9.52,37.01,1.65,1.178
41134,7.09,30.89,0.78,0.6
41136,10.04,18.99,1.92,0.96
41142,9.31,12.18,1.54,0.694
41147,7.53,12.68,0.54,0.398
41152,5.52,19.46,0.71,0.125
41153,7.56,13.3,0.87,0.421
41178,9.44,18.99,1.38,0.816
41184,7.71,27.1,2.18,0.652
41185,10.05,10.68,1.53,0.714
41191,5.67,12.93,0.56,1.018
41195,7.69,14.26,0.6,0.467
41209,7.07,22.91,0.95,0.589
41211,5.61,36.75,0.87,0.478
41214,6.03,15.46,0.82,0.46
41217,9.47,10.28,0.97,0.68
41225,8.48,10.42,1.53,0.65
41226,7.06,21.49,0.95,0.539
41230,8.12,10.83,1.37,0.538
41236,6.97,11.7,0.77,0.481
41254,7.17,14.9,0.55,0.671
41256,8.2,10.44,1.22,0.483
41261,7.66,30.14,0.79,0.777
41267,7.35,11.83,0.87,0.486
41269,10.1,24.18,1.83,1.021
41270,9.35,10.81,1.44,0.612
41274,7.35,20.2,0.9,0.952
41275,7.7,11.43,0.91,0.438
41277,10.39,21.6,1.94,1.03
41278,7.86,15.1,0.75,0.612
41282,6.01,29.46,0.78,0.402
41297,8.91,11.28,1.48,0.483
41307,3.91,26.09,0.78,-0.012
41308,8.86,26.64,1.23,0.88
41312,3.77,30.21,0.45,1.132
41317,7.81,25.74,0.86,0.643
41319,6.11,22.24,0.92,0.448
41322,10.24,20.49,2.7,1.338
41326,8.27,12.75,1.06,0.596
41335,7.12,10.1,0.72,0.36
41336,6.58,10.21,0.8,0.176
41351,9.19,23.31,1.72,0.851
41353,8.74,14.58,0.74,0.527
41360,6.99,18.65,0.79,0.459
41373,6.05,14.07,0.45,0.062
41375,5.6,18.83,0.8,0.218
41389,6.51,13.16,1.48,0.349
41395,5.52,12.17,1.02,1.167
41404,6.3,11.78,1.06,0.187
41411,8.82,11.47,1.32,0.515
41425,9.95,21.11,1.95,1.01
41426,6.49,18.49,0.52,0.419
41431,10.89,20.6,2.59,1.38
41435,8.94,13.95,1.52,0.534
41443,9.63,32.71,1.42,1.109
41451,5.51,11.43,0.49,-0.024
41461,8.6,10.56,1.08,0.615
41471,7.57,11.42,1.24,0.619
41477,8.65,13.58,1.01,0.56
41479,7.17,23.89,1.01,0.646
41480,8.21,11.39,1.05,0.419
41483,5.08,16.01,0.42,0.256
41484,6.32,45.89,0.84,0.624
41500,9.8,19.82,1.61,0.882
41503,11.99,28.26,3.87,1.416
41522,8.12,13.64,0.96,0.548
41526,7.98,22.29,1.02,0.639
41529,8.39,25.04,0.85,0.771
41542,8.35,17.79,1.02,0.534
41544,7.73,12.98,0.87,0.453
41554,10.76,51.13,6.64,1.568
41564,6.42,11.73,0.94,0.332
41569,7.15,13.57,0.99,0.423
41573,7.4,22.26,1.07,0.525
41574,6.05,12.01,1.43,0.246
41578,5.94,10.6,1.05,0.201
41579,9.57,11.93,0.99,0.68
41587,9.06,15.35,0.96,0.603
41598,7.12,23.73,0.8,0.565
41609,8.49,29.69,1.63,0.926
41620,8.5,17.58,0.75,0.636
41626,11.14,17.66,2.45,1.195
41636,7.93,10.05,0.73,0.363
41641,9.98,28.06,1.98,1.04
41659,9.49,19.22,0.91,0.77
41662,10.19,29.32,1.74,1.261
41676,5.89,10.12,0.62,0.972
41681,9.18,20.81,0.91,0.805
41683,7.14,15.86,0.95,1.023
41690,8.63,11.47,0.78,0.587
41689,10.29,52.33,1.73,1.345
41704,3.35,17.76,0.65,0.856
41744,9.05,11.67,1.49,0.675
41754,7.09,11.93,0.69,0.282
41764,8.69,13.07,1.05,0.589
41765,7.43,10.55,1.05,0.276
41776,7.99,16.7,1.0,0.48
41777,8.22,23.16,0.67,0.79
41795,10.69,28.73,1.29,1.296
41802,11.19,46.02,6.28,1.387
41810,9.58,21.51,1.45,0.916
41816,5.71,13.75,0.78,0.327
41815,9.59,13.7,1.59,0.689
41820,7.26,34.83,1.37,0.73
41824,11.9,78.05,5.69,1.85
41832,8.13,21.96,1.11,0.61
41841,8.22,10.18,1.01,0.385
41844,7.44,24.54,0.94,0.63
41847,10.78,25.5,1.26,1.21
41850,7.06,13.23,0.9,0.883
41856,7.59,10.33,0.71,1.046
41871,7.58,27.45,0.6,0.607
41877,10.67,19.15,2.03,1.055
41889,10.41,30.24,2.03,1.616
41890,8.4,12.78,0.84,0.628
41892,8.66,15.08,0.96,0.61
41893,6.38,14.1,0.8,0.275
41894,6.23,16.65,0.74,1.008
41903,8.38,11.37,1.38,0.456
41909,5.33,10.46,0.89,1.252
41910,8.87,13.2,0.74,0.539
41926,6.38,82.15,0.66,0.78
41934,10.44,14.83,1.74,0.985
41935,5.88,15.53,0.76,1.106
41949,6.19,12.78,1.29,0.27
41967,8.26,21.87,0.88,0.66
41968,7.34,19.74,0.98,0.525
41975,6.2,26.8,0.77,0.402
41984,7.05,21.86,0.61,0.735
41993,9.22,15.96,1.41,0.768
42010,6.26,10.67,1.06,1.179
42011,7.22,32.24,0.84,0.745
42030,7.46,19.47,1.03,0.612
42032,10.34,16.92,1.95,1.11
42037,7.62,11.22,1.11,0.401
42042,6.69,21.73,0.57,0.428
42049,6.04,17.22,0.89,0.332
42057,8.35,13.76,1.11,0.63
42074,7.32,45.95,1.01,0.791
42075,6.41,15.93,0.65,0.752
42080,5.47,20.63,0.71,0.207
42084,8.93,19.37,1.36,0.801
42090,5.76,10.17,0.75,0.051
42096,9.36,15.69,1.3,0.7
42098,8.83,14.5,1.12,0.686
42100,7.6,12.26,0.57,0.407
42103,7.5,11.21,0.8,1.031
42108,10.28,27.31,1.86,1.24
42112,7.47,19.03,1.14,0.513
42123,6.44,27.53,0.56,0.578
42134,4.84,14.21,0.45,0.981
42145,8.74,35.84,1.21,0.923
42146,5.72,12.15,0.85,-0.004
42157,7.47,13.45,0.61,0.441
42163,7.41,19.59,0.63,0.462
42165,8.52,12.27,1.24,0.445
42168,9.85,13.93,1.04,0.888
42172,5.91,37.68,1.41,0.53
42173,7.25,42.71,4.61,0.71
42174,11.19,18.05,2.6,1.308
42178,7.06,17.52,0.53,0.427
42179,8.9,10.16,1.32,0.637
42182,8.1,11.73,1.04,0.533
42187,6.33,12.23,0.95,0.338
42191,6.97,11.45,0.52,0.485
42196,11.0,27.2,1.98,1.392
42197,6.98,13.08,0.89,0.188
42202,8.9,18.85,1.01,0.806
42214,8.08,27.38,0.77,0.782
42215,7.22,22.44,0.64,0.509
42219,9.8,14.61,0.96,0.658
42220,9.28,71.96,1.26,1.417
42228,9.72,21.06,1.58,0.982
42231,11.84,26.34,3.29,1.241
42233,8.26,15.47,0.95,0.489
42245,7.28,15.27,0.55,0.389
42248,9.17,20.08,1.4,0.757
42249,6.31,11.92,0.73,0.308
42253,8.73,24.04,2.97,0.779
42259,9.57,10.01,1.24,0.627
42278,7.79,15.15,1.43,0.402
42277,8.94,10.65,1.41,0.562
42279,7.29,22.49,0.62,0.54
42281,8.72,27.02,1.18,0.91
42282,8.99,10.57,1.01,0.737
42291,6.53,36.4,0.57,0.598
42301,7.61,17.16,0.95,0.427
42302,6.51,16.79,0.56,0.32
42309,6.7,10.25,0.84,0.284
42313,4.14,18.21,0.88,0.003
42333,6.74,42.32,1.04,0.655
42334,5.24,13.49,0.73,-0.03
42338,9.22,15.99,1.56,0.782
42343,7.02,20.69,0.84,0.516
42344,9.43,20.03,1.31,0.0
42345,8.01,19.58,1.3,0.626
42356,7.54,22.99,0.91,0.632
42369,9.55,12.1,1.1,0.728
42371,9.38,27.56,1.29,1.034
42372,5.66,13.55,0.71,0.964
42392,10.51,18.62,2.46,0.493
42401,9.67,29.73,1.55,1.112
42403,6.89,28.52,0.95,0.547
42408,8.19,23.74,1.13,0.698
42418,7.9,39.28,1.21,0.897
42425,5.19,13.64,0.5,0.013
42430,5.05,50.2,0.98,0.72
42438,5.63,70.07,0.71,0.618
42446,8.23,10.31,1.11,0.962
42451,9.22,10.45,1.32,0.528
42455,6.12,24.86,0.55,0.426
42466,7.11,11.71,0.95,0.343
42471,8.18,10.3,1.08,0.509
42479,8.91,10.98,1.38,0.651
42483,4.86,13.83,0.52,0.9
42488,7.26,27.99,1.88,0.61
42496,9.73,15.99,1.37,0.924
42499,7.61,53.98,1.04,0.832
42507,9.9,32.63,1.76,1.361
42527,4.59,12.92,0.71,1.179
42528,6.6,12.32,0.97,0.899
42532,7.78,19.92,0.63,0.665
42539,8.09,18.56,0.62,0.578
42540,5.2,11.63,0.57,-0.027
42561,8.04,12.72,1.04,0.947
42563,10.18,18.88,1.73,0.8
42567,9.34,32.29,1.34,1.083
42575,8.0,23.81,1.01,0.675
42579,6.34,14.38,0.61,0.208
42581,7.59,12.03,0.95,0.734
42593,8.74,11.03,1.03,0.517
42601,10.53,37.51,1.35,1.36
42604,5.35,18.11,0.76,0.993
42612,8.48,12.87,1.18,0.63
42627,7.56,17.64,0.92,0.598
42634,7.59,29.81,0.95,0.76
42637,5.46,10.32,0.43,-0.101
42644,7.07,15.93,0.57,0.428
42650,11.03,32.13,1.5,1.39
42655,8.72,11.33,0.91,0.58
42662,4.87,15.98,0.8,1.063
42693,7.9,11.94,0.99,0.348
42695,7.82,20.1,1.18,0.661
42697,8.11,44.73,0.79,0.904
42703,10.97,23.67,2.85,1.094
42716,10.88,15.02,1.73,0.931
42723,7.61,15.49,1.1,0.585
42727,10.33,18.55,1.21,1.044
42734,7.42,21.51,0.95,0.583
42751,9.38,12.07,1.26,0.622
42753,7.18,20.62,0.95,0.598
42754,6.92,12.93,0.57,0.274
42758,8.63,13.95,1.2,0.5
42762,11.83,64.56,3.92,1.55
42773,7.88,17.12,1.04,0.574
42783,10.1,28.86,1.82,1.332
42794,6.05,10.23,0.46,0.229
42796,9.31,11.16,0.89,0.592
42806,4.66,20.58,0.87,0.01
42808,6.58,89.78,0.56,0.917
42844,8.36,12.09,1.11,0.574
42847,8.86,15.85,0.85,0.64
42871,6.54,15.31,0.83,0.469
42872,9.28,13.21,1.28,0.632
42874,7.03,10.95,0.96,0.233
42881,10.65,54.68,3.89,1.432
42884,4.05,14.27,0.54,0.874
42885,8.11,19.52,0.67,0.593
42889,8.14,17.66,0.67,0.625
42895,6.03,16.49,0.46,0.217
42910,10.16,27.28,2.4,1.225
42911,3.94,23.97,0.83,1.083
42913,1.93,40.9,0.38,0.043
42914,8.21,32.14,0.82,0.763
42916,7.2,36.04,2.84,0.743
42919,8.91,23.42,1.18,0.8
42922,6.56,27.77,0.57,0.567
42924,7.6,14.69,1.22,0.518
42928,6.1,12.78,0.75,0.195
42931,6.13,15.78,0.9,0.2
42935,7.99,12.64,0.96,0.491
42937,6.89,14.73,0.67,0.325
42938,8.96,12.96,1.3,0.613
42940,8.52,38.47,1.18,0.94
42941,7.26,17.35,0.88,0.496
42943,8.11,10.72,1.29,0.753
42950,7.78,10.73,1.18,0.574
42959,7.98,11.68,0.94,0.435
42968,9.3,18.23,1.77,0.783
42970,6.77,15.95,0.86,0.39
42976,7.34,15.77,0.93,0.46
42977,8.24,14.69,0.79,0.604
42982,9.09,23.1,2.05,0.976
42983,6.95,12.08,0.86,0.297
42989,6.77,12.01,0.49,0.299
43004,7.58,17.72,1.0,0.518
43007,9.4,10.93,1.3,0.502
43008,8.75,10.43,0.78,0.492
43026,5.7,11.71,0.85,1.097
43037,8.11,11.2,1.04,0.43
43038,8.34,10.88,1.37,0.543
43054,7.8,19.37,1.37,0.637
43056,9.97,16.24,1.1,0.807
43067,4.32,14.38,1.51,0.9
43103,4.03,10.94,1.35,1.007
43109,3.38,24.13,1.29,0.685
43121,5.89,16.38,1.16,0.12
43129,6.6,18.84,0.84,0.676
43131,7.51,13.67,0.7,0.415
43141,7.8,11.64,0.67,0.625
43170,9.84,15.17,1.65,0.96
43172,7.77,17.66,1.07,0.655
43177,6.35,34.55,0.56,0.578
43190,8.51,17.14,0.88,0.673
43193,8.76,13.73,1.3,0.59
43194,8.48,14.8,1.26,0.658
43197,6.71,23.0,0.59,0.424
43230,8.46,11.93,1.1,0.461
43232,8.58,13.64,1.14,0.568
43233,10.35,38.73,4.93,1.296
43267,9.3,13.81,1.33,0.682
43273,8.62,15.02,1.0,0.574
43274,10.99,24.29,2.43,1.36
43276,8.8,13.46,0.89,0.573
43287,8.38,11.79,1.04,0.649
43290,7.83,27.71,0.7,0.651
43296,11.24,23.12,2.88,1.588
43297,7.45,33.5,1.05,0.689
43299,7.27,24.09,0.85,0.536
43300,8.16,11.02,0.61,0.457
43304,7.96,30.16,1.2,0.746
43310,9.94,28.89,1.55,1.091
43311,8.39,11.28,1.07,0.576
43313,10.8,30.65,2.01,1.304
43316,7.86,11.49,0.96,0.452
43324,7.42,11.4,0.58,0.465
43330,6.82,11.86,0.83,0.244
43338,6.48,12.47,0.8,0.256
43350,6.67,11.56,0.93,1.065
43352,5.19,14.26,1.25,0.876
43354,6.38,12.82,0.58,0.249
43358,7.15,23.77,0.66,0.503
43363,9.73,25.1,1.38,1.07
43371,9.5,15.14,1.23,0.772
43374,9.2,13.48,0.79,0.691
43393,9.18,18.78,1.48,0.735
43409,4.02,15.63,0.58,1.272
43410,6.22,34.86,0.86,0.549
43414,5.34,19.04,0.48,0.423
43418,9.36,18.03,1.77,0.931
43426,6.86,17.24,1.83,0.592
43432,8.71,12.07,1.12,0.497
43439,10.6,17.47,2.07,1.036
43445,8.63,13.5,1.15,0.481
43446,7.42,20.09,0.62,0.483
43447,8.71,10.89,0.84,0.5
43449,8.53,14.29,0.75,0.574
43454,6.36,25.02,1.01,0.669
43470,9.38,15.29,1.9,0.764
43471,8.78,12.21,1.13,0.548
43477,8.62,24.55,1.08,0.696
43483,8.78,10.44,0.8,0.705
43487,7.16,17.67,0.53,0.545
43490,9.55,14.1,0.91,0.544
43505,8.92,11.33,1.43,0.483
43507,8.15,11.26,1.07,0.449
43510,11.54,55.46,3.5,1.481
43516,10.34,20.05,2.37,1.11
43522,8.87,13.31,1.18,0.59
43524,8.95,11.01,1.61,0.628
43531,5.15,11.91,0.72,0.971
43534,9.26,60.63,1.41,1.319
43543,8.16,17.21,1.04,0.557
43552,10.49,20.56,2.17,0.93
43557,6.57,41.42,1.19,0.64
43558,7.64,13.52,0.89,0.498
43565,6.83,19.49,0.82,0.553
43569,7.84,11.81,1.38,0.99
43584,5.67,16.01,0.91,0.224
43587,5.96,79.8,0.84,0.869
43597,9.01,17.27,1.18,0.692
43606,10.83,13.57,1.76,0.894
43617,9.64,11.54,0.99,0.587
43618,8.61,16.49,1.36,0.69
43620,6.02,11.01,0.45,-0.023
43624,6.35,16.19,0.73,0.414
43625,6.92,28.08,0.85,0.498
43626,8.06,11.03,1.04,0.472
43630,7.38,18.32,1.08,0.612
43634,7.09,13.88,0.87,0.609
43635,6.87,11.05,0.94,0.404
43644,5.72,11.45,0.66,0.305
43655,7.35,15.95,0.9,0.497
43660,10.69,24.23,1.7,1.297
43667,9.27,38.67,1.5,1.139
43670,8.46,24.66,1.34,0.766
43671,5.31,12.49,0.52,0.275
43674,8.03,12.41,1.08,0.626
43676,7.23,14.64,1.46,0.345
43686,8.16,16.75,0.66,0.745
43696,8.27,11.68,0.92,0.589
43701,8.6,10.07,1.28,0.479
43704,7.39,12.63,0.71,0.513
43706,8.42,18.3,0.84,0.656
43714,7.59,11.08,0.94,0.38
43724,9.58,11.09,1.51,0.7
43726,6.01,58.5,0.88,0.661
43727,7.82,16.5,1.07,0.611
43737,7.62,13.38,0.93,0.628
43745,11.06,32.87,2.35,1.423
43753,7.7,18.24,2.11,0.627
43756,10.05,25.81,2.14,1.209
43760,9.44,21.59,1.02,0.824
43766,6.73,21.7,1.32,0.665
43771,8.66,32.12,1.18,1.022
43777,7.38,17.57,0.86,0.842
43783,3.84,10.45,0.47,-0.104
43790,9.99,49.92,2.2,1.372
43791,8.64,10.92,0.95,0.555
43797,5.7,41.41,0.44,0.481
43813,3.11,21.64,0.99,0.978
43822,6.07,10.24,1.45,0.22
43825,4.87,14.4,0.66,0.142
43841,8.94,23.49,1.24,0.908
43843,7.89,12.91,0.96,0.551
43845,8.19,16.97,0.69,0.631
43852,7.69,38.21,1.0,0.771
43853,6.39,14.24,0.71,0.157
43860,9.36,11.09,0.88,0.58
43861,8.16,21.68,1.78,0.711
43871,6.74,12.65,0.98,0.403
43874,8.72,12.39,1.33,0.63
43880,6.85,25.36,0.77,0.616
43882,8.58,18.64,1.25,0.62
43886,7.48,23.87,0.59,0.556
43894,5.9,13.81,0.73,0.378
43897,8.39,13.6,1.09,0.672
43898,6.84,12.89,0.85,0.344
43903,5.57,10.59,0.64,0.877
43904,7.32,20.55,1.07,0.511
43908,5.43,20.73,0.47,0.306
43915,7.62,10.64,1.01,0.966
43920,6.56,14.86,1.46,0.413
43923,5.72,14.21,0.78,1.125
43932,5.44,16.73,0.92,0.181
43948,10.6,60.99,3.45,1.511
43969,11.55,35.02,2.65,1.447
43970,5.22,20.39,0.85,0.149
43973,9.52,18.15,1.46,0.659
43974,8.99,10.06,0.85,0.533
43976,6.99,12.14,0.94,0.302
43981,7.84,16.87,0.94,0.502
43983,9.36,18.29,1.37,0.8
43988,8.67,20.26,1.29,0.756
44001,5.68,20.3,0.82,0.209
44014,7.1,22.02,0.96,0.476
44030,6.68,18.94,1.22,0.386
44031,6.25,19.92,0.91,0.474
44046,9.37,10.26,1.32,0.654
44059,9.06,20.73,1.31,0.843
44066,4.26,18.79,0.99,0.141
44072,9.22,48.53,1.28,1.116
44075,5.8,46.9,0.97,0.521
44089,7.47,25.04,1.16,0.68
44093,5.17,14.77,0.59,0.268
44097,7.63,29.72,1.09,0.693
44100,7.95,17.86,1.21,0.516
44101,9.35,21.35,1.38,0.896
44103,8.17,11.02,1.08,0.596
44112,8.79,15.93,1.05,0.56
44115,11.85,28.57,3.01,1.447
44116,8.48,12.66,1.24,0.454
44118,7.95,16.27,0.99,0.649
44119,8.57,10.31,1.15,0.528
44124,9.66,12.37,1.72,0.481
44127,3.12,68.32,0.79,0.223
44132,8.84,16.66,1.01,0.62
44137,7.84,20.98,1.22,0.756
44143,5.17,38.2,0.47,0.417
44152,8.91,12.04,0.76,0.566
44154,5.23,10.19,0.75,0.913
44162,6.19,25.28,0.8,0.461
44164,6.88,17.91,0.74,0.695
44169,7.71,15.82,1.01,0.637
44171,8.41,10.84,1.05,0.506
44175,6.96,13.2,0.74,0.43
44176,9.68,25.33,1.6,0.91
44184,9.12,11.04,1.42,0.498
44191,4.45,16.19,0.53,0.646
44195,8.55,14.07,1.03,0.5
44208,11.15,17.25,2.56,1.12
44209,8.31,10.28,1.31,0.445
44212,7.8,22.99,1.11,0.537
44217,8.91,11.08,0.98,0.598
44226,8.57,10.58,0.78,0.445
44228,8.3,13.0,1.37,0.562
44229,10.65,15.17,1.92,0.931
44237,7.38,13.8,1.73,0.332
44238,7.57,12.01,0.99,0.283
44240,8.9,11.1,0.81,0.562
44248,3.96,60.86,1.3,0.463
44252,8.53,26.58,1.18,0.776
44255,8.92,10.73,0.8,0.593
44259,8.78,31.29,1.45,0.839
44260,9.71,22.1,3.16,0.882
44262,8.86,14.69,1.46,0.714
44276,7.49,10.02,0.89,0.341
44279,9.01,15.37,1.01,0.77
44291,8.63,24.23,1.18,0.833
44295,8.67,54.57,3.21,1.285
44303,8.87,15.58,1.15,0.673
44313,8.37,11.78,1.28,0.463
44318,7.43,12.53,0.87,0.418
44319,8.5,12.14,0.86,0.607
44324,7.93,23.23,1.01,0.651
44331,6.39,15.24,0.82,0.314
44335,7.83,12.54,1.07,0.474
44341,8.03,32.18,1.09,0.81
44342,6.07,17.03,0.88,0.243
44343,7.25,18.15,1.23,0.498
44344,7.19,10.61,0.96,0.313
44347,9.54,12.26,1.5,0.508
44349,9.49,11.76,1.72,0.727
44357,8.56,15.05,0.89,0.524
44358,8.68,10.49,1.34,0.669
44376,11.74,48.92,4.06,1.427
44379,7.46,17.96,0.98,0.442
44382,4.0,26.24,0.51,0.145
44387,9.95,28.6,2.01,1.615
44388,9.6,10.27,1.52,0.535
44390,4.74,11.35,0.62,1.542
44393,7.8,11.16,0.85,0.299
44404,8.53,12.17,0.87,0.847
44424,7.97,11.48,0.99,0.573
44435,7.39,14.83,1.08,0.393
44436,11.23,14.83,1.08,0.393
44437,6.53,10.84,0.9,1.04
44441,7.03,19.85,0.86,0.497
44458,7.04,33.24,0.91,0.609
44463,7.86,18.78,0.82,0.69
44483,8.77,11.47,1.26,0.516
44499,7.09,11.85,0.72,0.319
44500,7.28,13.24,0.69,0.445
44510,10.66,23.22,1.27,1.048
44511,3.75,10.55,0.53,1.174
44518,9.26,20.5,1.99,0.935
44520,8.91,18.85,1.58,0.863
44526,8.77,35.63,1.03,0.96
44537,9.34,19.81,1.47,0.75
44560,11.01,21.7,2.42,1.214
44567,7.6,14.23,1.02,0.453
44569,9.91,28.39,1.57,1.061
44574,6.46,12.6,0.8,0.241
44578,7.27,10.99,1.17,0.311
44579,8.6,14.97,1.23,0.656
44586,7.36,22.27,1.88,0.613
44607,6.77,19.41,0.85,0.411
44610,8.46,21.56,0.92,0.727
44638,7.96,20.85,0.97,0.624
44657,8.66,16.54,1.12,0.674
44668,8.59,13.56,0.89,0.682
44676,8.51,20.02,0.92,0.69
44683,7.08,10.19,0.69,0.266
44687,10.69,26.48,1.87,1.2
44689,8.64,12.71,0.71,0.493
44695,8.88,12.06,1.17,0.547
44696,7.34,12.8,1.14,0.646
44698,8.94,10.76,0.9,0.578
44701,8.62,10.41,1.26,0.552
44702,9.49,11.22,1.11,0.7
44707,7.86,13.43,1.16,0.505
44712,10.05,13.32,1.21,0.663
44713,7.31,26.63,0.66,0.664
44714,8.06,10.36,1.14,0.278
44719,8.42,25.83,0.91,0.768
44722,9.5,68.86,1.8,1.418
44723,7.87,11.95,1.08,0.498
44727,8.48,19.99,1.19,0.606
44728,6.61,24.57,0.89,0.446
44745,8.67,23.67,1.16,0.813
44755,6.66,14.49,0.92,0.425
44768,6.39,16.97,1.3,0.453
44770,9.92,12.05,1.06,0.645
44777,8.15,20.65,1.09,0.626
44791,10.73,26.22,2.15,1.608
44794,8.19,14.57,1.0,0.451
44797,8.02,11.54,0.83,0.465
44799,9.2,12.78,1.25,0.581
44800,7.64,12.56,0.57,0.535
44804,8.24,15.76,2.23,0.67
44806,7.04,10.69,0.91,0.192
44811,7.72,25.16,0.68,0.575
44818,5.42,12.56,0.81,0.888
44821,8.92,32.74,1.05,0.985
44823,8.17,10.88,1.22,0.659
44843,7.29,11.29,0.9,0.982
44851,8.22,19.08,0.96,0.638
44855,8.74,13.27,1.27,0.566
44858,8.25,20.84,1.35,0.58
44860,7.29,27.27,0.91,0.617
44863,10.31,12.61,1.7,0.92
44864,8.28,22.77,1.38,0.58
44868,9.88,10.89,1.34,0.634
44873,9.44,13.19,1.23,0.766
44874,6.77,22.4,0.73,0.573
44880,8.08,12.53,1.14,0.671
44890,8.15,23.24,1.11,0.655
44892,5.95,31.98,0.96,0.654
44895,8.08,14.31,1.15,0.521
44896,7.15,24.09,1.12,0.61
44897,5.95,52.25,0.87,0.585
44899,10.31,44.75,1.58,1.316
44901,4.46,34.12,0.82,0.288
44906,8.31,10.28,1.12,0.649
44907,8.14,31.31,1.02,0.8
44915,7.84,11.96,0.87,0.602
44920,10.26,32.15,2.19,1.24
44923,5.73,12.52,0.81,0.0
44926,10.8,22.04,2.09,1.585
44935,8.72,15.47,1.16,0.664
44953,8.62,25.86,1.16,0.767
44955,9.96,47.24,2.9,1.38
44968,10.4,23.76,3.23,1.101
44971,9.6,16.8,1.01,0.82
44984,6.48,26.54,0.87,0.355
44990,7.07,15.11,0.81,0.982
44997,8.34,19.93,1.13,0.665
44998,9.5,15.09,1.48,0.765
45001,5.59,15.35,0.67,0.179
45002,6.19,10.73,0.55,1.023
45006,9.59,11.09,1.38,0.651
45012,9.39,16.16,1.13,0.693
45016,7.3,12.88,0.56,0.443
45018,6.98,11.63,0.84,0.335
45022,7.77,15.8,0.89,0.46
45038,4.8,48.87,0.62,0.489
45040,8.35,10.39,1.06,0.443
45042,10.08,28.97,1.48,1.25
45053,9.54,11.04,1.33,0.787
45055,8.05,10.15,1.02,0.434
45056,8.0,13.03,1.1,0.435
45075,4.67,26.79,0.68,0.381
45081,7.71,13.84,0.79,0.444
45096,9.55,24.8,0.99,1.035
45097,6.37,12.95,0.56,0.385
45098,9.4,13.84,1.41,0.879
45120,10.21,17.21,1.16,1.132
45116,10.94,39.89,2.32,1.402
45146,10.0,12.91,1.76,0.985
45150,6.34,19.65,0.8,0.328
45158,5.72,10.85,0.74,0.977
45162,9.18,11.67,1.26,0.48
45168,6.66,11.63,0.61,0.442
45170,6.49,48.83,0.92,0.731
45183,7.49,15.6,0.55,0.556
45184,6.1,12.1,0.86,0.232
45187,7.65,27.2,1.06,0.794
45196,8.25,12.38,1.14,0.813
45198,8.57,13.45,1.16,0.546
45200,8.79,12.25,1.32,0.571
45204,8.43,12.28,1.13,0.609
45217,8.71,10.14,1.35,0.654
45221,8.07,15.91,1.49,0.2
45228,8.84,12.45,1.37,0.559
45238,1.67,29.34,0.47,0.07
45246,7.61,11.1,0.9,0.396
45251,10.68,27.55,4.04,1.237
45257,7.23,11.48,0.89,0.279
45274,7.54,16.59,1.4,0.573
45279,7.48,11.33,0.84,0.447
45283,8.01,18.66,0.76,0.582
45301,9.71,26.69,1.43,1.045
45317,9.77,19.16,1.51,0.886
45320,7.91,13.59,0.66,0.659
45325,8.3,17.61,1.11,0.654
45333,5.18,51.12,0.72,0.605
45336,3.89,25.34,0.97,-0.06
45343,7.64,161.59,5.23,1.41
120005,7.7,159.48,6.61,1.42
45356,8.64,11.95,0.91,0.568
45382,8.88,15.82,1.26,0.62
45383,7.91,54.25,1.14,1.035
45389,6.75,19.79,0.97,0.367
45397,8.36,10.06,1.19,0.936
45401,9.0,19.36,1.3,0.68
45402,8.89,10.13,1.09,0.53
45406,8.05,20.56,0.98,0.693
45421,6.3,11.1,0.55,0.339
45439,4.92,14.49,0.54,1.084
45448,4.63,19.69,0.55,0.473
45461,5.93,11.21,0.6,0.179
45476,8.58,13.38,1.19,0.644
45478,8.13,11.61,0.68,0.407
45488,8.36,20.82,1.25,0.658
45490,8.55,10.6,1.14,0.485
45491,7.73,14.42,0.83,0.425
45493,4.8,27.55,0.8,0.199
45497,7.91,10.19,1.13,0.844
45510,7.03,12.03,0.93,0.317
45511,6.82,12.3,0.9,0.191
45514,8.7,11.93,1.12,0.774
45517,8.82,11.67,1.12,0.472
45521,6.73,14.52,0.86,0.443
45525,9.69,14.01,1.09,0.874
45527,5.24,11.7,1.0,1.172
45533,10.22,22.2,1.35,1.122
45571,5.38,29.83,0.6,0.415
45574,7.32,15.01,1.67,0.512
45585,5.86,12.37,0.51,-0.024
45593,10.12,36.74,3.39,1.32
45594,8.32,11.57,0.68,0.44
45595,6.77,17.77,0.87,0.409
45617,7.2,57.05,1.08,0.992
45621,7.78,30.5,1.07,0.869
45623,7.07,13.44,0.65,0.665
45627,10.51,15.43,2.03,0.993
45637,9.52,42.59,1.09,1.185
45638,8.1,11.37,0.9,0.453
45667,6.89,10.51,0.61,0.06
45685,8.46,13.76,1.1,0.566
45686,8.25,10.15,1.13,0.885
45688,3.82,26.75,0.81,0.066
45699,6.61,25.51,0.97,0.487
45703,7.02,14.32,0.63,0.992
45705,7.95,21.52,0.82,0.626
45714,6.84,10.21,0.52,0.161
45718,8.84,16.0,1.25,0.625
45726,7.04,19.14,0.86,0.538
45731,11.42,30.75,2.45,1.586
45733,8.69,15.41,0.92,0.577
45734,8.0,13.75,1.25,0.725
45737,8.15,34.06,1.17,0.86
45749,8.6,28.29,0.77,0.821
45751,4.77,10.2,0.83,0.927
45756,7.9,10.02,1.0,0.522
45758,6.62,10.19,0.92,0.259
45771,7.9,14.32,0.66,0.553
45775,8.11,10.28,0.81,0.594
45794,7.74,18.43,0.79,0.766
45797,8.54,11.73,1.1,0.529
45801,10.58,25.93,1.78,1.203
45802,6.99,16.16,1.14,0.39
45811,4.8,13.39,0.82,0.913
45822,8.73,25.39,1.15,0.782
45829,7.41,10.85,0.53,0.965
45836,6.14,34.48,0.75,0.436
45838,7.39,16.19,0.98,0.478
45839,9.1,41.4,1.38,1.163
45841,8.14,12.87,1.01,0.47
45854,6.3,20.69,0.78,0.468
45856,4.79,14.65,0.49,0.926
45858,6.12,20.91,1.49,0.38
45859,7.82,33.54,0.96,0.72
45860,3.14,14.69,0.81,1.55
45863,9.0,22.86,1.39,0.847
45866,6.99,10.53,0.95,0.385
45869,7.26,19.56,0.98,0.627
45870,7.45,18.7,0.97,0.442
45872,8.01,12.75,1.09,0.471
45876,9.62,31.54,1.51,0.956
45879,6.67,22.11,0.89,0.507
45882,8.26,15.71,1.14,0.502
45886,8.7,10.86,1.15,0.656
45887,8.58,10.15,1.27,0.746
45892,7.11,11.37,1.07,0.317
45896,6.16,10.3,0.83,1.097
45908,9.49,95.37,0.98,1.472
45910,6.79,10.27,0.89,0.138
45912,8.46,12.02,1.33,0.482
45913,7.74,10.05,1.08,0.408
45917,7.69,15.02,1.09,0.604
45920,5.61,11.84,0.52,0.19
45937,8.07,15.39,0.7,0.819
45938,7.43,10.26,0.71,0.297
45940,8.1,27.25,0.91,0.718
45950,8.49,14.18,1.13,0.581
45952,8.27,14.86,1.1,0.652
45954,10.19,19.24,2.05,0.824
45957,8.85,26.82,1.08,0.801
45960,7.46,11.91,0.96,0.458
45963,7.69,41.19,1.08,0.987
45967,8.31,11.78,1.1,0.81
45994,8.76,11.11,1.18,0.484
45995,7.21,27.01,0.71,0.557
45996,8.81,21.11,0.96,0.675
46007,8.29,21.38,0.99,0.724
46018,9.46,27.9,2.94,1.595
46022,8.48,10.81,1.08,0.67
46023,7.69,22.09,1.03,0.594
46026,4.71,17.92,0.73,0.892
46034,9.94,22.3,1.83,0.858
46046,7.08,19.29,0.51,0.629
46051,9.16,17.49,1.79,0.583
46063,9.99,11.76,1.3,0.861
46065,6.73,10.18,0.63,0.114
46066,8.93,15.35,1.14,0.678
46076,7.72,30.71,1.24,0.68
46078,7.93,11.48,1.15,0.474
46081,6.57,10.42,0.64,0.052
46085,8.28,12.04,0.81,0.52
46087,11.6,34.28,2.81,1.484
46095,8.6,10.54,0.93,0.52
46098,8.77,12.54,1.42,0.6
46100,8.89,10.04,1.5,0.503
46104,8.74,10.74,1.21,0.616
46107,5.34,17.69,0.45,0.454
46110,10.57,19.46,2.27,1.12
46113,8.95,10.89,1.26,0.54
46120,10.11,16.46,0.99,0.561
46125,6.68,10.59,0.86,0.215
46126,8.52,18.11,0.73,0.65
46130,7.56,10.53,1.05,0.281
46134,6.73,19.63,1.7,0.513
46146,4.47,15.28,0.83,1.222
46165,6.92,14.16,0.93,0.436
46170,8.5,10.68,1.06,0.546
46177,7.72,11.33,0.62,0.473
46179,10.18,18.98,1.4,1.074
46191,9.64,24.63,1.53,0.957
46199,9.09,38.9,1.73,1.102
46203,9.13,15.9,1.26,0.725
46223,7.01,14.29,1.0,0.28
46225,5.77,13.79,0.68,0.137
46232,6.31,11.99,0.82,0.968
46236,6.98,22.55,1.04,0.507
46237,8.68,14.8,1.43,0.718
46243,8.22,12.9,1.01,0.521
46250,8.38,14.4,1.44,0.468
46275,10.26,13.59,1.64,0.94
46297,6.19,10.87,0.55,0.251
46298,8.33,19.2,0.88,0.594
46299,8.67,17.4,1.07,1.602
46321,6.99,10.95,0.9,0.458
46324,7.91,25.07,1.0,0.701
46325,8.4,11.52,1.12,0.765
46328,6.05,14.65,0.5,0.147
46339,8.27,13.45,1.13,0.478
46343,9.02,49.84,1.04,1.203
46357,9.55,13.47,1.56,0.658
46358,5.46,16.23,0.49,1.079
46360,9.45,20.89,1.49,0.973
46367,6.9,20.41,1.98,0.519
46371,4.72,18.53,1.1,1.154
46383,9.86,31.03,1.78,1.276
46384,9.26,10.93,0.93,0.62
46388,7.2,20.48,0.59,0.605
46390,1.99,18.4,0.78,1.44
46404,5.38,32.01,1.02,0.642
46407,6.33,17.67,0.53,0.413
46414,9.31,15.96,0.9,0.71
46417,9.27,43.54,1.05,1.205
46421,6.74,17.71,0.59,0.443
46422,8.86,25.4,0.83,0.88
46432,8.18,10.69,0.73,0.431
46436,8.19,16.66,0.73,0.551
46445,7.27,11.35,0.62,0.409
46453,7.69,11.42,1.03,0.669
46454,5.4,29.05,1.29,0.605
46460,5.9,12.17,0.54,0.012
46471,5.4,11.33,0.84,0.993
46476,7.79,11.42,0.83,0.478
46478,9.41,27.61,1.42,1.066
46484,8.11,10.33,0.85,0.492
46488,12.1,58.17,4.02,1.512
46493,10.44,31.95,2.09,1.294
46501,8.14,11.99,1.36,0.492
46504,6.27,10.96,1.03,0.274
46509,4.59,58.48,3.8,0.411
46513,9.05,10.98,1.16,1.037
46517,6.15,16.04,0.58,0.216
46522,6.95,10.93,0.87,0.29
46523,7.01,24.31,0.76,0.54
46524,6.89,14.91,0.81,0.388
46526,6.6,10.44,0.65,0.479
46535,6.98,25.21,0.64,0.502
46536,7.61,14.44,0.85,0.516
46542,8.68,11.73,1.18,0.457
46543,6.25,18.39,0.8,0.838
46544,9.18,10.32,1.43,0.652
46546,6.54,10.38,0.56,0.109
46549,9.74,42.47,1.53,1.305
46566,6.5,22.55,0.73,0.394
46580,7.2,78.87,1.02,1.002
46590,7.96,14.6,1.03,0.624
46597,9.16,11.49,1.49,0.59
46598,11.52,22.02,3.2,1.334
46599,9.27,10.18,1.31,0.62
46603,9.5,12.84,1.49,0.53
46613,9.47,15.17,1.41,0.58
46617,7.17,11.04,0.73,0.376
46618,5.86,13.11,0.78,1.193
46624,11.7,21.37,2.38,1.1
46626,8.31,51.71,0.91,0.985
46627,9.41,11.98,1.71,0.843
46631,8.65,19.2,0.8,0.656
46635,8.38,16.92,1.06,0.636
46639,9.24,10.35,1.3,0.548
46649,8.98,14.05,1.22,0.698
46651,3.6,53.89,0.7,0.371
46655,11.71,103.56,3.91,1.588
46662,10.06,23.05,1.59,1.08
46671,11.06,27.97,2.28,1.29
46674,8.73,11.4,1.24,0.653
46677,8.51,30.67,0.85,0.927
46685,8.68,19.9,1.11,0.736
46690,7.27,21.04,0.95,0.511
46701,3.16,13.72,0.51,1.538
46703,9.62,15.73,1.26,0.742
46709,6.53,16.8,0.57,0.267
46706,10.06,94.95,4.31,1.545
46711,8.61,15.91,0.76,0.574
46719,8.62,10.03,0.73,0.45
46720,7.33,12.62,0.7,0.402
46733,3.65,43.2,0.64,0.36
46736,5.86,11.44,0.64,1.287
46744,6.13,18.43,0.89,0.261
46761,9.73,12.61,1.54,0.764
46769,10.19,73.88,2.02,1.475
46771,4.99,13.67,0.87,1.046
46777,8.43,22.72,0.95,0.707
46790,8.95,13.92,0.86,0.549
46799,7.99,10.26,1.22,0.83
46805,7.67,17.84,1.07,0.553
46810,6.43,13.3,0.71,0.358
46816,7.82,54.52,0.99,0.933
46824,8.11,13.73,1.04,0.556
46834,9.06,12.71,1.41,0.588
46843,7.05,56.35,0.89,0.779
46853,3.17,74.15,0.74,0.475
46871,8.5,14.85,1.45,0.708
46873,6.76,10.98,0.85,0.12
46874,6.43,13.75,0.59,0.337
46888,7.24,14.75,0.69,0.663
46891,6.5,10.85,0.8,0.128
46897,5.92,10.98,0.7,0.023
46899,10.22,14.84,1.77,0.876
46901,9.45,17.69,1.4,0.81
46903,8.4,21.31,1.15,0.67
46915,9.78,11.93,1.61,0.876
46923,9.74,11.65,1.45,0.724
46932,8.72,11.88,1.23,0.559
46933,10.25,27.39,1.45,1.192
46934,7.55,15.62,0.85,0.437
46939,7.62,14.23,0.98,0.454
46952,4.54,18.52,0.88,0.914
46953,8.27,10.87,1.15,0.48
46963,6.54,10.6,0.79,0.234
46966,9.62,11.21,1.19,0.571
46977,4.54,30.89,0.55,0.781
46984,8.69,11.43,1.23,0.525
47000,7.35,13.26,0.6,0.429
47002,9.08,22.45,1.09,0.79
47006,4.47,12.21,0.72,0.027
47007,6.54,36.42,0.84,0.623
47011,8.17,12.69,0.97,0.498
47012,8.56,10.57,1.32,0.637
47013,5.77,20.06,0.57,0.53
47017,8.0,11.28,0.67,0.47
47029,4.81,14.23,0.81,0.992
47032,9.05,12.01,1.26,0.578
47033,8.85,21.43,1.39,0.71
47039,6.48,15.78,0.66,0.417
47043,7.28,13.06,1.23,0.345
47046,8.38,12.16,1.37,0.44
47048,8.55,10.41,0.94,0.411
47050,9.7,18.71,1.58,0.852
47056,7.0,10.04,0.75,0.998
47058,7.71,19.09,1.42,0.627
47059,8.84,11.5,1.28,0.557
47064,8.03,15.06,1.17,0.475
47070,6.33,11.5,0.79,0.069
47071,10.03,10.89,1.62,0.614
47080,5.4,89.45,0.78,0.77
47094,7.04,10.65,0.87,0.43
47098,9.82,30.94,1.24,1.17
47103,10.91,111.41,1.99,1.572
47110,8.25,26.29,1.14,0.758
47112,7.52,20.15,0.98,0.975
47115,6.55,12.04,0.55,0.092
47117,8.35,10.54,1.06,0.426
47118,8.49,14.79,1.07,0.674
47120,9.24,17.9,1.28,0.797
47123,9.82,11.82,1.45,0.74
47124,8.91,11.02,1.4,0.651
47133,11.09,30.14,2.36,1.581
47135,8.59,15.88,0.7,0.588
47145,6.18,13.8,0.76,0.277
47156,8.82,20.74,1.01,0.685
47158,8.15,17.6,1.03,0.578
47159,6.54,14.65,0.7,0.389
47163,8.4,17.24,0.9,0.583
47170,8.97,12.34,1.23,0.615
47171,9.31,11.91,1.34,0.58
47175,4.34,30.35,0.58,0.173
47176,9.17,24.23,1.35,0.816
47182,7.44,12.61,0.91,0.435
47187,5.68,11.14,0.67,1.116
47190,8.52,16.19,1.11,0.624
47198,7.43,18.08,0.69,0.483
47199,5.62,12.19,0.66,1.023
47201,9.43,45.51,1.49,1.273
47202,8.23,22.97,0.9,0.811
47204,5.44,13.95,1.25,0.137
47205,5.0,14.45,0.86,1.051
47220,8.39,13.07,1.22,0.626
47225,6.97,29.33,0.69,0.584
47229,8.29,17.64,0.98,0.61
47231,6.41,10.17,0.75,0.921
47247,6.61,14.46,0.93,0.567
47251,8.91,22.43,1.11,0.747
47255,7.74,23.37,0.85,0.664
47260,6.39,14.37,1.14,0.352
47261,9.93,31.71,1.73,1.21
47263,7.49,17.42,0.6,0.722
47266,6.63,15.51,1.27,0.438
47288,7.87,13.38,1.09,0.498
47292,7.73,17.25,1.06,0.554
47300,5.28,26.05,0.79,0.223
47307,11.9,32.22,3.56,1.412
47310,4.68,11.9,0.95,1.31
47312,8.16,18.11,1.2,0.623
47323,8.13,10.73,1.06,0.488
47328,6.69,24.66,0.88,0.491
47333,10.5,27.26,1.86,1.145
47335,7.39,11.66,0.66,0.299
47351,8.85,11.89,0.87,0.496
47356,8.13,10.71,0.84,0.448
47363,6.74,12.43,0.76,0.255
47366,9.84,10.79,1.58,0.599
47382,7.22,10.15,0.97,0.322
47388,7.02,16.54,1.0,0.475
47391,4.51,14.57,0.47,-0.07
47399,8.77,12.27,1.18,0.591
47403,7.12,20.63,0.86,0.544
47412,7.37,12.01,0.69,0.407
47418,9.15,14.92,0.93,0.678
47425,10.72,105.34,1.67,1.521
47431,3.9,11.83,0.8,1.313
47436,6.9,20.67,0.82,0.504
47440,7.05,19.27,0.89,0.478
47449,8.56,15.72,1.56,0.625
47455,9.08,11.71,1.46,0.66
47468,6.96,23.76,0.96,0.477
47469,7.46,17.8,0.72,0.53
47479,5.3,14.85,0.69,0.195
47486,9.03,22.27,1.19,0.779
47490,9.91,25.27,1.17,0.985
47489,9.32,15.34,0.92,0.724
47508,3.52,24.12,0.97,0.516
47511,7.32,13.08,0.85,0.438
47513,10.38,88.06,1.98,1.49
47515,8.8,14.37,1.19,0.67
47518,6.83,10.22,0.99,0.271
47519,10.54,18.22,1.64,0.965
47527,6.91,20.88,1.24,0.73
47543,8.15,18.29,0.78,0.593
47547,8.64,31.02,1.27,0.851
47548,8.45,13.49,1.15,0.561
47558,7.92,11.92,0.97,0.601
47587,8.92,23.01,1.24,0.877
47588,8.49,13.25,1.06,0.646
47592,4.93,67.19,0.73,0.534
47605,7.16,21.64,0.82,0.828
47607,8.22,10.75,1.3,0.519
47611,7.9,14.79,0.97,0.689
47614,8.26,13.08,1.07,0.588
47619,11.94,61.35,3.22,1.525
47620,10.56,85.14,3.18,1.463
47625,7.16,23.22,1.32,0.621
47629,8.88,10.67,1.29,0.85
47631,6.12,18.76,0.78,0.386
47640,8.84,12.3,1.16,0.424
47643,9.29,11.11,0.92,0.548
47650,11.19,86.69,2.24,1.488
47652,7.26,17.53,1.1,0.433
47657,10.36,10.07,1.34,0.73
47662,8.24,18.47,0.95,0.567
47663,8.72,16.86,0.77,0.715
47664,6.5,10.9,0.74,0.121
47681,8.41,22.22,0.98,0.645
47690,8.13,56.23,1.12,1.133
47701,5.64,20.48,0.83,0.111
47704,7.01,13.05,0.91,0.572
47705,8.65,10.03,1.03,0.49
47722,7.97,13.97,1.03,0.705
47725,7.71,15.98,0.95,0.42
47727,7.85,20.17,1.05,0.62
47732,9.34,13.96,1.15,0.671
47734,9.33,12.23,1.27,0.582
47741,12.08,70.59,3.97,1.542
47753,9.43,14.12,0.91,0.645
47760,9.27,12.5,1.37,0.662
47762,6.81,17.01,0.68,0.332
47775,10.36,20.9,2.38,1.057
47777,6.78,13.63,0.62,0.31
47780,10.22,101.87,13.4,1.53
47792,10.4,17.8,1.11,1.074
47794,8.29,13.47,0.94,0.511
47799,8.28,14.49,0.95,0.475
47808,11.43,24.87,2.46,1.364
47856,8.26,10.8,1.03,0.663
47862,7.08,13.55,1.44,0.486
47865,9.5,13.13,1.77,0.585
47869,7.51,14.41,0.76,0.463
47873,6.9,15.91,0.73,0.468
47891,9.7,17.15,1.44,0.735
47897,8.31,10.86,1.01,0.541
47903,8.41,13.02,0.75,0.617
47906,8.08,12.18,1.23,0.491
47908,2.97,13.01,0.88,0.808
47911,6.51,12.94,0.62,0.367
47913,6.22,12.36,0.51,0.461
47919,6.88,18.09,0.72,0.403
47931,9.81,13.68,1.42,0.685
47933,8.73,12.7,1.07,0.601
47934,7.3,19.22,0.8,0.44
47947,7.93,20.46,0.91,0.558
47948,10.08,11.92,1.54,0.584
47956,5.43,17.05,0.48,0.901
47957,7.01,18.79,0.76,0.419
47960,5.65,11.92,0.8,0.342
47961,9.44,16.28,1.57,0.706
47966,7.78,17.78,1.06,0.583
47972,10.53,16.36,2.06,1.637
47973,6.81,12.06,0.86,0.949
47974,7.5,13.57,0.96,0.374
47981,10.64,62.85,1.53,1.382
47985,7.86,10.97,0.94,0.515
47989,10.6,17.8,2.45,1.107
47990,8.69,15.09,1.22,0.663
47997,10.02,12.85,1.64,0.652
48000,7.88,15.7,1.01,0.564
48005,8.05,12.8,0.92,0.481
48007,7.04,11.32,0.91,0.413
48008,9.94,10.07,1.51,0.605
48014,7.02,10.43,0.85,0.329
48016,10.97,31.82,2.62,1.343
48018,10.82,19.04,1.55,1.152
48024,10.91,32.25,4.67,1.38
48025,7.72,21.09,0.96,0.598
48029,6.44,11.14,1.0,0.255
48031,7.56,10.09,1.14,0.537
48034,6.94,13.24,0.7,0.945
48047,7.27,18.72,0.79,0.523
48051,7.37,10.87,0.9,0.433
48062,8.58,12.18,1.22,0.484
48072,7.39,25.81,1.57,0.59
48092,8.87,10.46,1.21,0.545
48095,6.8,21.15,0.56,0.483
48113,5.08,54.26,0.74,0.619
48125,6.63,25.11,0.74,0.7
48132,7.11,16.15,0.71,0.465
48133,7.91,38.14,0.89,0.894
48135,7.02,13.17,0.82,1.068
48139,9.7,31.16,1.39,1.552
48141,8.86,24.84,1.11,0.735
48143,8.54,11.31,0.73,0.492
48146,9.57,13.99,1.56,0.498
48151,8.68,13.98,1.42,0.588
48152,8.33,12.44,1.06,0.399
48164,7.2,11.17,0.92,0.233
48165,9.82,24.07,1.48,0.925
48173,8.0,10.5,0.89,0.5
48182,8.62,10.41,1.26,0.589
48190,10.3,47.47,2.78,1.453
48205,9.13,17.35,1.5,0.701
48212,6.82,13.33,0.84,0.223
48215,7.58,23.35,0.97,0.61
48223,6.7,11.04,0.58,0.905
48235,8.54,29.45,0.84,0.855
48240,7.98,12.7,0.8,0.491
48241,7.65,13.04,0.69,0.496
48248,6.89,18.98,1.01,0.495
48249,7.7,10.3,1.11,0.493
48255,7.4,12.6,0.89,0.483
48266,6.27,10.65,0.63,0.29
48271,7.43,10.64,0.95,0.387
48273,6.24,21.78,0.93,0.479
48288,8.84,10.15,1.25,0.521
48317,8.76,10.66,1.13,0.568
48319,3.78,28.35,0.67,0.291
48322,9.0,13.36,1.59,0.592
48323,7.78,10.19,0.87,0.591
48331,7.67,89.67,0.82,1.156
48333,8.38,14.94,1.01,0.67
48341,6.01,16.31,0.8,0.171
48346,10.04,20.3,1.87,1.1
48347,7.34,13.63,0.99,1.187
48350,8.78,11.08,0.89,0.56
48351,6.42,22.45,0.88,0.577
48356,4.11,11.92,0.81,0.918
48365,9.46,20.36,1.41,0.841
48366,8.93,10.82,1.33,0.572
48372,8.38,14.96,1.18,0.631
48376,7.34,21.94,0.59,0.546
48384,9.28,11.51,1.46,0.496
48390,5.29,24.9,0.82,0.229
48391,7.8,20.54,1.04,0.569
48411,8.86,47.69,1.53,1.23
48412,8.65,15.56,1.87,0.66
48418,7.92,12.32,1.38,0.0
48421,7.72,13.25,0.91,0.466
48423,7.74,31.03,0.98,0.718
48435,7.72,16.69,1.01,0.951
48437,5.07,12.47,1.04,0.038
48443,8.25,16.35,0.99,0.663
48447,10.57,45.21,3.77,1.429
48453,8.72,11.08,1.14,0.505
48455,3.88,24.52,0.87,1.222
48466,7.72,10.29,0.87,0.375
48468,6.28,17.51,0.73,0.622
48471,9.33,10.66,0.9,0.664
48476,8.77,11.77,0.89,0.568
48477,10.53,63.81,1.84,1.503
48502,10.19,39.02,2.52,1.375
48504,8.89,18.29,1.9,0.858
48509,12.02,39.75,3.27,1.51
48513,7.41,11.05,0.79,0.447
48524,7.71,22.13,0.97,0.583
48528,8.24,10.21,0.72,0.432
48537,7.45,12.52,0.84,0.798
48541,7.59,10.74,0.98,0.159
48570,8.85,10.74,1.19,0.665
48573,9.35,12.27,1.16,0.823
48575,9.65,10.68,1.5,0.734
48580,7.52,11.16,0.74,0.415
48583,8.17,12.94,0.79,0.708
48590,8.23,10.79,1.06,0.263
48592,6.87,20.43,0.9,0.551
48594,9.0,34.49,1.09,0.953
48612,9.13,14.99,1.53,0.78
48613,5.71,10.22,0.51,0.006
48629,11.46,28.97,2.24,1.581
48636,7.67,11.09,1.03,0.415
48637,8.16,14.92,0.98,0.519
48642,7.07,14.88,0.9,0.586
48659,12.04,87.26,3.1,1.635
48661,9.3,13.86,0.89,0.761
48680,9.36,26.42,1.25,0.951
48682,5.27,14.65,0.73,0.086
48691,8.46,18.34,0.92,0.717
48693,7.72,14.97,0.89,0.584
48701,8.12,22.26,2.45,0.612
48703,6.99,14.25,0.79,0.978
48711,8.73,10.97,1.21,0.664
48714,8.99,95.4,1.2,1.438
48718,8.99,29.57,1.16,0.943
48739,7.93,23.54,0.85,0.647
48740,10.12,29.92,1.54,1.581
48742,6.55,19.7,0.91,0.429
48744,10.14,14.25,1.69,0.87
48754,8.53,27.18,1.1,0.746
48763,6.27,14.39,0.68,0.219
48766,10.06,16.36,1.41,0.841
48768,6.7,22.17,0.86,0.476
48771,8.43,11.85,1.12,0.537
48773,9.91,13.66,1.66,0.818
48777,7.72,12.3,1.04,0.467
48780,7.41,13.78,0.82,0.51
48785,7.6,23.54,1.13,0.56
48786,8.4,23.69,1.37,0.699
48809,9.57,14.41,1.58,0.725
48824,9.71,17.32,1.41,0.817
48830,6.62,12.85,0.74,0.314
48833,5.11,34.61,0.71,0.481
48836,9.69,13.2,1.52,0.688
48837,8.02,18.1,1.07,0.534
48839,6.43,11.81,1.19,0.7
48843,9.23,11.29,1.28,0.594
48854,7.81,18.9,0.79,0.751
48862,8.81,12.16,1.22,0.569
48881,7.45,10.69,1.05,0.921
48887,7.92,18.99,1.07,0.625
48892,8.72,12.43,1.02,0.502
48895,6.48,14.98,0.82,0.362
48899,10.38,30.11,1.77,1.322
48904,11.27,62.88,1.85,1.555
48911,7.44,11.39,0.89,0.29
48926,5.23,30.67,0.59,0.3
48930,9.52,11.54,1.19,0.63
48941,7.85,14.3,0.63,0.448
48946,8.19,18.79,0.97,0.63
48953,9.88,34.2,2.0,1.09
48961,7.78,24.37,0.92,0.582
48962,8.1,13.33,0.98,0.51
48970,11.34,13.58,2.0,1.02
48977,6.74,10.18,0.86,0.205
48982,5.75,10.05,0.74,1.059
48986,8.44,11.62,1.21,0.498
48990,6.69,13.51,1.32,0.288
49000,10.85,29.55,4.13,1.36
49016,8.13,15.69,0.69,0.604
49018,7.86,30.82,1.29,0.868
49019,7.42,12.62,0.9,1.08
49024,7.38,22.28,0.72,0.58
49030,7.64,16.78,0.87,0.478
49039,7.96,10.15,0.74,0.515
49046,11.24,29.85,2.11,1.372
49060,7.99,10.03,1.0,0.607
49061,8.05,11.92,1.25,0.529
49066,11.93,38.09,3.31,1.42
49067,9.86,23.76,1.61,1.071
49070,7.59,19.64,0.9,0.55
49080,8.06,19.15,0.95,0.584
49081,5.37,67.14,0.83,0.676
49082,8.32,11.57,1.19,0.503
49086,7.59,12.57,0.61,0.496
49090,7.7,12.53,0.97,0.498
49091,11.43,62.33,2.35,1.485
49094,8.02,16.25,0.63,0.542
49102,9.11,19.56,1.19,0.837
49105,7.34,14.05,0.68,0.486
49104,8.85,20.03,1.21,0.812
49122,8.11,12.37,1.01,0.578
49125,7.19,11.71,0.84,0.3
49127,8.65,38.24,1.2,1.016
49130,7.94,27.35,0.98,0.73
49132,8.25,15.53,1.04,0.502
49136,9.63,15.86,1.8,1.035
49144,8.18,10.68,0.78,0.518
49147,7.97,11.98,0.87,0.404
49150,7.95,11.51,1.18,0.369
49161,8.82,23.23,1.41,0.84
49165,7.09,14.13,0.68,0.291
49168,8.54,11.68,1.07,0.508
49189,10.03,67.14,1.66,1.359
49196,8.46,17.86,1.27,0.596
49197,9.09,36.06,1.27,1.078
49202,6.98,15.82,0.89,0.529
49221,6.7,10.11,0.83,1.064
49230,7.88,15.15,1.09,0.51
49232,8.36,10.43,1.06,0.498
49246,7.48,13.58,0.93,0.583
49248,10.38,22.71,1.28,1.176
49256,7.99,12.79,1.15,0.48
49259,6.11,10.85,0.55,0.041
49266,8.96,13.31,1.22,0.652
49268,7.13,13.64,0.88,0.569
49277,7.36,11.87,0.77,0.951
49279,7.14,12.79,0.84,0.435
49285,8.1,19.62,1.11,0.678
49297,8.26,13.81,1.04,0.674
49303,8.26,10.38,1.01,0.475
49307,7.92,12.37,1.03,0.851
49308,6.75,21.57,0.8,0.533
49315,7.7,12.55,1.35,0.458
49316,8.39,10.2,1.1,0.594
49324,11.36,25.44,2.5,1.43
49329,6.43,18.2,0.9,0.398
49336,7.27,11.06,1.6,0.473
49339,5.7,12.76,0.8,0.303
49344,8.41,15.94,0.89,0.66
49350,7.49,31.44,0.93,0.689
49352,8.39,13.24,1.12,0.498
49359,9.1,32.24,1.3,1.014
49363,5.71,21.15,0.72,0.507
49366,8.15,43.14,1.11,0.891
49376,11.99,41.59,3.13,0.938
49387,8.72,24.69,1.22,0.847
49396,7.31,15.23,0.9,0.481
49401,8.97,11.84,1.15,0.55
49402,4.6,11.77,0.79,-0.087
49406,9.53,14.78,1.4,0.7
49429,9.12,32.7,1.47,1.097
49434,6.99,13.59,0.74,0.313
49442,7.18,14.41,1.11,0.591
49444,10.85,16.76,2.09,0.878
49447,10.69,12.84,1.92,0.87
49475,7.43,13.34,0.79,0.431
49482,8.44,16.69,1.04,0.718
49485,5.06,12.63,0.55,0.88
49508,7.94,13.81,1.23,0.493
49517,8.0,11.86,0.85,0.419
49520,8.01,19.63,2.11,0.62
49522,8.07,13.59,1.58,0.632
49526,11.32,45.04,2.56,1.492
49531,9.22,11.62,1.2,0.62
49533,7.15,13.23,1.53,0.544
49542,9.07,11.05,1.24,0.618
49544,9.95,44.77,1.96,1.347
49546,6.58,16.57,0.95,0.48
49555,8.82,33.72,1.05,0.912
49561,6.66,12.63,0.76,0.417
49562,8.69,10.79,1.3,0.576
49565,7.42,16.0,0.86,0.463
49572,9.27,13.46,1.22,0.685
49574,8.75,12.75,1.71,0.484
49576,9.31,11.98,1.44,0.621
49577,10.17,23.69,1.71,1.331
49580,7.96,25.5,1.02,0.67
49586,8.15,20.83,1.03,0.664
49593,4.49,35.78,0.84,0.19
49599,8.6,20.51,1.26,0.76
49615,7.72,19.82,1.17,0.522
49617,8.38,14.88,1.24,0.581
49621,8.67,16.76,1.17,0.599
49622,9.07,10.64,1.22,0.678
49623,7.14,19.33,1.08,0.656
49634,10.05,17.85,1.77,0.96
49637,4.39,11.89,0.72,1.448
49638,8.02,14.85,1.66,0.586
49641,4.48,11.35,1.09,-0.032
49644,8.83,22.85,0.89,0.705
49649,7.99,12.03,0.86,0.422
49658,6.23,15.8,0.82,0.469
49662,6.63,14.62,0.53,0.616
49668,7.26,26.49,0.97,0.622
49669,1.36,42.09,0.79,-0.087
49674,8.15,25.47,1.13,0.687
49680,7.49,23.02,0.94,0.708
49681,9.04,14.73,1.14,0.745
49686,8.79,28.14,1.07,0.77
49694,6.68,17.27,0.96,0.366
49699,7.56,55.37,0.94,0.965
49700,7.82,13.67,1.03,0.418
49713,9.66,19.07,1.55,0.996
49714,7.99,13.17,0.7,0.455
49721,9.9,12.37,1.36,0.74
49728,7.52,28.37,0.82,0.649
49736,9.2,11.98,1.03,0.654
49738,8.88,19.29,1.19,0.657
49749,8.48,12.16,1.3,0.74
49756,7.55,26.96,0.97,0.647
49767,7.45,24.34,0.88,0.558
49769,6.14,32.55,0.65,0.615
49771,8.49,15.87,1.07,0.579
49777,8.55,12.38,1.15,0.697
49785,8.51,15.95,0.97,0.492
49786,8.37,12.53,1.12,0.727
49793,8.07,21.97,0.9,0.59
49802,6.24,12.57,0.81,0.184
49804,7.34,18.02,0.56,0.939
49806,10.81,26.46,1.94,1.322
49809,5.3,36.61,0.79,0.368
49813,8.01,13.43,1.16,0.81
49821,11.48,19.48,2.47,1.282
49825,7.16,10.53,0.89,0.413
49826,8.86,17.54,1.56,0.729
49827,9.76,11.46,1.0,0.664
49829,7.1,12.04,0.73,0.965
49830,8.65,10.63,1.03,0.414
49839,7.14,13.02,0.75,0.279
49841,3.61,28.44,0.96,1.007
49844,5.98,14.63,0.62,1.239
49846,8.42,22.46,1.3,0.76
49850,7.95,10.38,1.14,0.391
49868,9.48,47.06,2.72,1.335
49878,7.88,11.77,0.85,0.408
49882,6.64,18.92,0.85,0.364
49883,8.3,12.65,1.27,0.614
49889,11.07,35.62,1.48,1.42
49903,10.86,23.03,2.25,1.233
49908,6.6,205.22,0.81,1.326
49910,11.82,25.47,3.52,1.391
49913,8.49,16.01,0.72,0.628
49919,8.12,10.24,0.69,0.555
49929,6.43,14.49,0.84,0.468
49936,8.48,11.44,1.25,0.552
49942,8.42,16.01,1.03,0.637
49943,6.66,16.59,0.67,0.44
49969,10.64,81.23,2.37,1.566
49973,9.93,58.59,1.66,1.413
49985,8.41,11.19,1.19,0.527
49986,9.26,127.99,1.53,1.487
49987,8.3,11.47,0.69,0.438
49988,7.88,14.43,1.11,0.552
49993,8.65,10.93,1.27,0.834
49998,9.62,12.75,1.38,0.694
50013,6.45,23.75,0.73,0.494
50014,10.78,14.87,1.82,1.02
50020,7.89,10.78,0.72,0.637
50032,9.08,23.19,1.09,0.88
50035,7.57,16.5,0.83,0.645
50036,8.18,24.4,1.24,0.798
50040,8.27,13.35,1.18,0.562
50045,11.05,20.22,2.66,0.848
50049,10.32,13.77,1.88,0.76
50052,8.3,14.36,1.76,0.736
50054,9.9,22.47,1.51,0.892
50057,7.39,10.09,0.97,0.353
50061,7.68,10.8,0.96,0.87
50070,5.27,20.06,0.56,0.257
50075,6.38,43.98,0.72,0.592
50078,5.78,10.25,0.67,0.136
50083,5.15,10.74,0.47,0.217
50084,7.45,16.29,1.01,0.417
50097,6.63,10.5,0.86,0.257
50100,7.21,20.7,0.83,0.496
50106,8.99,15.05,0.77,0.699
50116,8.4,10.43,0.99,1.071
50120,10.64,18.96,2.07,0.99
50121,8.09,11.84,0.63,0.778
50125,9.53,43.8,1.42,1.112
50137,8.44,13.0,0.83,0.538
50139,7.75,27.67,1.01,0.609
50143,7.62,10.5,0.89,0.342
50156,10.01,48.95,1.71,1.247
50155,9.4,19.07,1.58,0.884
50174,6.02,19.27,0.89,0.573
50176,9.19,17.71,1.18,0.772
50180,8.02,26.66,3.09,0.768
50191,3.85,31.72,0.55,0.051
50196,6.54,12.37,0.62,0.176
50197,8.84,20.07,0.85,0.683
50203,7.95,12.49,1.05,0.49
50204,8.32,15.04,0.72,0.57
50226,10.52,35.04,2.39,1.348
50231,7.88,12.43,0.6,0.463
50245,7.74,13.1,0.99,0.695
50250,7.96,10.48,1.22,0.4
50255,9.31,11.18,1.3,0.549
50260,8.14,11.1,0.88,0.527
50267,11.48,26.32,3.12,1.41
50274,8.97,22.42,0.82,0.78
50287,6.22,12.07,0.56,0.194
50288,7.24,17.99,0.71,0.544
50302,8.37,15.15,1.16,0.566
50303,5.49,12.67,0.75,0.02
50304,8.26,10.49,1.04,0.372
50316,6.46,31.25,0.81,0.635
50319,5.95,32.94,0.85,0.655
50320,6.7,10.89,0.89,0.14
50321,8.34,11.52,1.16,0.38
50325,7.36,17.54,0.92,0.478
50327,8.72,20.03,1.19,0.652
50335,3.43,12.56,0.78,0.307
50336,5.84,10.35,0.9,1.206
50341,10.99,72.79,2.37,1.506
50351,8.83,10.97,1.34,0.605
50352,9.61,19.03,1.59,0.8
50355,7.57,28.11,1.14,0.595
50362,8.55,11.54,1.17,0.689
50364,7.62,13.33,0.95,0.468
50366,7.3,19.46,0.92,0.49
50369,8.97,12.76,1.25,0.68
50372,3.45,24.27,0.79,0.029
50374,9.11,14.03,1.24,0.606
50375,11.03,30.69,2.14,1.627
50384,5.81,44.01,0.75,0.5
50391,6.48,16.07,0.59,0.329
50392,9.6,11.93,1.34,0.664
50396,9.02,16.57,1.33,0.635
50411,10.8,16.81,1.99,1.01
50414,5.25,17.86,0.75,0.336
50417,7.31,10.09,0.8,0.227
50424,8.47,12.87,1.32,0.495
50440,7.69,13.41,0.84,0.486
50447,6.53,16.04,0.62,0.336
50448,5.74,13.07,0.59,0.163
50458,8.5,12.51,1.3,0.827
50461,6.68,12.44,0.52,0.996
50466,8.1,11.68,1.1,0.4
50469,8.55,15.87,1.09,0.587
50473,7.02,32.38,0.99,0.594
50485,6.48,28.08,0.81,0.925
50487,8.84,12.61,1.71,0.67
50489,7.62,21.12,0.78,0.632
50490,9.35,10.71,1.23,0.63
50493,5.8,27.91,0.51,0.481
50505,6.66,48.45,0.85,0.653
50506,8.8,20.2,1.24,0.787
50513,6.81,19.63,0.83,0.644
50515,7.82,21.45,0.97,0.569
50520,5.66,11.18,0.87,0.042
50524,8.86,16.86,2.13,1.015
50532,9.91,10.16,1.49,0.55
50534,8.03,24.63,0.99,0.717
50536,6.01,15.01,1.33,0.258
50539,7.83,10.07,1.08,0.568
50546,6.0,23.08,0.72,1.022
50552,6.38,11.14,0.85,0.894
50553,8.6,12.89,1.09,0.51
50554,7.72,12.91,0.93,0.422
50558,7.7,10.4,0.99,0.371
50564,4.78,47.24,0.82,0.452
50582,9.1,19.73,1.17,0.764
50583,2.01,25.96,0.83,1.128
50584,6.31,18.77,1.05,0.338
50587,7.98,12.23,1.02,0.468
50605,7.8,13.45,0.63,0.441
50606,6.45,32.7,0.77,0.58
50617,8.8,16.32,1.19,0.683
50641,6.57,15.52,0.67,0.506
50649,7.25,10.46,0.83,0.312
50653,7.64,17.71,0.7,0.523
50656,8.06,15.76,1.03,0.529
50657,9.41,31.51,1.29,1.073
50660,9.23,21.06,1.39,0.847
50661,7.49,16.56,0.77,0.486
50671,7.17,28.89,0.84,0.553
50672,8.5,13.9,0.74,0.7
50681,9.16,17.87,1.27,0.728
50693,6.5,17.24,0.74,0.402
50694,10.26,23.73,1.62,1.153
50701,8.76,14.97,1.17,0.623
50713,9.35,17.3,1.26,0.779
50723,9.04,13.71,1.83,0.661
50724,8.22,10.06,0.85,0.56
50734,8.51,12.09,0.75,0.567
50742,7.59,21.13,0.89,0.615
50747,7.84,18.16,1.78,0.9
50754,9.79,21.55,1.46,0.996
50760,9.06,19.5,1.33,0.7
50765,9.95,19.07,1.24,0.987
50773,10.63,32.27,1.66,1.461
50776,10.87,17.85,2.19,0.824
50779,10.25,12.46,1.62,0.864
50782,7.78,37.3,1.31,0.75
50783,8.86,13.08,1.15,0.54
50784,8.84,16.07,1.12,0.734
50786,5.73,25.65,0.7,0.531
50796,10.8,29.4,2.69,1.19
50799,4.82,16.26,0.56,1.095
50801,3.06,13.11,0.75,1.603
50802,10.37,28.01,1.93,1.183
50805,7.5,23.42,0.93,0.545
50807,9.44,24.11,1.23,0.955
50808,10.52,49.88,2.71,1.44
50826,9.12,15.46,1.36,0.639
50829,7.26,35.1,1.33,0.6
50839,8.32,11.96,0.89,0.656
50851,6.06,14.22,1.02,1.119
50853,9.88,23.74,1.7,0.954
50857,7.1,12.31,0.88,0.199
50860,5.89,14.18,0.85,0.147
50861,7.19,13.29,0.61,0.375
50866,9.62,18.76,1.05,0.921
50868,6.25,18.63,0.71,0.304
50870,6.54,17.96,0.87,0.448
50871,8.73,10.29,1.33,0.623
50874,6.61,18.64,0.9,0.511
50883,7.91,15.75,0.73,0.501
50887,6.45,13.37,0.87,0.918
50888,5.34,24.7,0.7,0.251
50890,7.16,13.37,0.71,0.445
50895,8.12,18.18,1.04,0.572
50903,6.24,14.05,0.62,0.884
50907,7.87,14.52,0.97,0.601
50908,10.99,21.06,1.49,1.892
50921,6.92,45.26,0.75,0.659
50925,8.94,10.29,1.09,0.546
50933,4.94,10.84,0.52,-0.052
50941,7.12,14.55,1.75,0.665
50944,9.98,36.65,1.9,1.22
50954,3.99,61.67,0.49,0.369
50960,10.49,33.72,1.54,1.562
50966,8.08,11.04,0.88,0.466
50973,8.15,11.21,0.86,0.456
50982,8.05,13.13,0.94,0.554
50993,5.93,10.98,0.54,0.315
50997,7.9,18.55,0.97,0.567
51001,6.78,15.86,0.58,0.436
51007,10.15,80.07,1.8,1.459
51010,8.27,12.5,0.96,0.63
51018,8.76,16.88,1.18,0.641
51027,8.47,13.31,1.17,0.645
51028,8.26,11.16,0.93,0.516
51053,8.76,11.59,1.27,0.51
51054,7.48,10.87,0.82,0.398
51056,4.72,15.76,0.8,0.26
51062,7.39,12.22,1.69,0.448
51068,8.65,11.51,1.51,0.614
51069,3.83,13.14,0.79,1.456
51073,10.92,29.15,2.23,1.224
51074,8.58,18.2,0.76,0.748
51078,7.51,15.44,0.72,0.643
51114,9.33,15.3,1.33,0.799
51115,8.32,13.59,0.99,0.511
51125,8.66,14.2,1.13,0.581
51127,9.76,32.5,1.62,0.948
51128,8.33,19.88,0.95,0.676
51138,9.5,36.97,2.29,1.23
51147,7.7,14.04,1.36,0.635
51156,9.06,10.37,1.17,0.42
51157,8.23,34.76,1.09,0.837
51159,8.88,14.35,1.89,0.681
51163,8.8,12.36,1.16,0.701
51166,8.95,13.48,1.34,0.77
51177,7.57,12.92,0.67,0.56
51178,8.39,20.87,0.99,0.632
51194,6.0,14.22,0.53,0.091
51197,9.3,25.78,1.21,0.969
51199,8.99,15.93,1.15,0.627
51200,6.0,15.09,0.7,0.166
51206,7.73,10.59,0.83,0.425
51208,10.69,21.2,1.76,1.2
51216,8.37,13.9,0.81,0.557
51218,10.08,16.28,1.73,1.071
51227,7.46,12.35,1.17,0.485
51228,7.52,25.63,0.87,0.585
51231,8.01,10.08,1.01,0.835
51233,4.2,22.34,0.87,0.908
51237,8.5,19.7,1.29,0.688
51248,6.42,42.45,0.77,0.61
51254,8.53,39.75,1.54,0.92
51257,7.89,31.12,0.94,0.81
51258,7.88,19.71,0.97,0.724
51259,7.45,13.55,0.87,0.412
51263,9.66,28.83,1.61,1.17
51266,7.73,29.86,1.64,0.824
51267,9.34,16.02,1.32,0.818
51271,8.9,41.16,0.96,1.045
51278,7.68,16.8,0.69,0.662
51279,7.32,11.74,0.97,0.461
51280,11.49,27.24,3.21,1.413
51285,8.76,14.43,1.35,0.717
51293,8.93,12.67,1.26,0.547
51297,8.86,29.83,1.03,0.813
51298,9.24,10.43,1.25,0.44
51301,8.77,12.27,1.61,0.477
51302,6.05,13.38,0.77,0.059
51312,7.83,22.0,1.0,0.652
51317,9.65,138.29,2.13,1.507
51324,9.52,12.91,1.53,0.74
51337,8.9,14.12,1.12,0.63
51340,8.68,12.56,1.22,0.5
51352,9.55,15.67,1.28,0.659
51360,7.25,13.03,1.06,0.441
51362,5.19,10.87,0.72,-0.05
51370,9.39,10.77,1.51,0.53
51372,8.37,17.93,1.02,0.624
51384,5.52,24.52,0.96,0.244
51386,6.88,31.68,1.04,0.562
51396,8.56,11.68,1.27,0.498
51401,6.32,10.41,0.59,1.141
51403,7.55,11.38,0.85,0.257
51406,7.8,10.04,0.99,0.484
51408,8.55,10.13,0.92,0.475
51414,7.01,10.75,0.84,0.622
51415,9.04,17.7,0.93,0.561
51419,7.76,12.53,1.49,0.584
51434,6.74,10.15,0.81,0.386
51438,4.72,12.6,0.47,0.042
51443,9.64,33.35,1.51,1.163
51448,6.07,11.27,0.6,0.178
51457,6.85,11.39,0.89,0.324
51459,4.82,77.82,0.65,0.541
51468,8.74,44.83,1.22,1.15
51471,8.64,12.48,1.03,0.457
51473,11.22,39.16,2.17,1.446
51475,6.51,10.66,0.74,0.534
51477,8.73,11.08,1.14,0.552
51485,9.99,12.1,1.75,0.804
51487,9.51,16.87,1.44,0.823
51494,9.24,11.46,1.13,0.692
51500,8.51,12.2,0.82,0.696
51502,5.25,46.54,0.55,0.399
51510,9.78,20.13,1.16,0.954
51511,8.82,11.57,1.08,0.634
51516,10.36,10.38,1.19,0.689
51517,7.24,14.81,0.65,0.427
51523,4.89,45.72,0.51,0.5
51525,8.85,63.81,1.17,1.33
51536,8.04,10.23,1.04,0.363
51547,9.63,57.18,1.31,1.361
51550,7.93,26.81,1.03,0.711
51551,6.04,23.59,0.68,0.501
51555,8.1,13.67,1.2,0.426
51556,5.9,13.33,0.76,0.114
51568,11.22,27.9,2.05,1.343
51571,10.87,32.13,4.26,1.555
51574,7.86,10.65,0.97,0.614
51575,7.42,14.09,0.99,0.425
51579,7.82,19.32,0.96,0.651
51590,7.99,11.1,1.21,0.397
51594,8.02,13.44,1.01,0.521
51608,8.4,15.3,0.76,0.599
51612,11.66,19.87,2.75,1.257
51611,9.02,14.99,0.82,0.696
51613,9.11,16.82,1.31,0.639
51614,7.62,13.36,0.89,0.618
51620,8.15,19.22,1.07,0.505
51625,8.44,20.41,0.95,0.63
51626,9.5,12.73,1.53,0.649
51652,8.25,16.86,0.99,0.646
51655,9.22,13.48,1.13,0.618
51658,4.72,29.13,0.79,0.222
51664,8.63,11.16,1.18,0.749
51670,9.51,11.2,1.53,0.577
51677,9.51,13.9,1.44,0.624
51700,7.5,27.79,0.82,0.562
51704,8.22,13.9,0.92,0.647
51713,7.18,11.96,0.56,0.415
51714,9.43,19.67,1.33,0.906
51721,8.68,19.83,0.99,0.698
51729,8.36,10.54,0.85,0.407
51733,7.88,12.36,0.9,0.43
51743,10.21,14.8,1.77,0.823
51763,7.99,10.29,0.92,0.476
51769,10.5,16.19,1.8,0.684
51770,7.84,12.05,0.9,0.483
51771,8.9,11.16,1.28,0.987
51775,5.07,10.23,0.78,0.921
51777,7.37,14.09,0.85,0.443
51781,6.82,16.09,0.87,1.063
51783,9.42,16.22,1.47,0.713
51784,6.67,28.36,0.9,0.506
51789,9.7,12.19,1.52,0.877
51795,6.1,15.76,0.75,0.496
51805,7.51,10.62,0.76,0.392
51808,4.86,12.68,0.55,0.957
51814,5.16,37.8,0.61,0.349
51819,7.29,47.55,0.6,0.819
51829,9.18,10.83,1.18,0.541
51832,6.79,13.33,0.85,0.365
51852,6.49,13.87,0.7,0.199
51860,7.44,18.43,0.92,0.491
51874,8.32,26.1,1.03,0.79
51877,8.47,19.21,1.03,0.724
51884,8.02,29.56,0.92,0.855
51885,6.29,22.72,1.11,0.475
51897,9.09,14.59,1.33,0.6
51901,8.28,17.8,1.02,0.64
51907,6.58,17.37,0.8,0.296
51908,7.3,10.94,0.84,0.58
51912,5.08,12.14,0.5,1.172
51914,6.29,21.6,0.75,0.436
51928,11.98,39.56,3.14,1.464
51931,8.71,31.63,1.16,0.92
51933,5.71,40.67,0.68,0.528
51938,8.39,12.97,1.06,0.602
51942,8.71,22.18,1.3,0.79
51945,8.69,15.63,1.37,0.72
51949,8.22,10.64,1.04,0.561
51950,8.43,10.07,1.18,0.526
51955,8.09,18.01,0.95,0.553
51966,7.05,27.25,1.16,0.625
51974,6.52,15.02,0.76,0.291
51986,3.84,37.71,0.51,0.3
51987,8.94,13.4,1.22,0.678
52001,8.55,14.48,1.08,0.576
52008,10.55,24.7,1.71,1.278
52015,8.38,11.52,1.03,0.678
52023,8.51,14.06,1.25,0.734
52026,7.6,15.21,0.93,0.458
52029,9.68,12.93,1.22,0.733
52040,9.19,14.27,1.24,0.692
52045,10.25,18.21,1.72,1.03
52047,8.08,11.23,1.09,0.382
52051,8.74,27.26,1.71,1.4
52063,10.73,23.63,1.53,1.235
52064,6.77,14.17,0.74,0.465
52065,7.51,16.91,0.67,0.77
52066,8.91,10.85,1.16,0.657
52070,8.28,10.9,1.04,0.463
52084,7.87,13.13,0.89,0.548
52085,4.91,14.52,0.89,0.922
52088,8.4,15.72,1.17,0.615
52089,9.41,22.44,1.3,0.802
52091,11.73,22.18,2.62,1.346
52097,7.13,14.36,1.64,0.446
52104,8.84,11.32,0.82,0.667
52120,6.61,19.28,0.79,0.407
52131,6.75,10.47,0.52,0.169
52137,8.64,18.01,1.12,0.64
52139,5.84,20.44,0.76,0.595
52140,8.62,20.41,1.02,0.711
52145,7.19,19.06,2.36,0.456
52153,8.35,14.84,1.06,0.619
52164,8.56,10.77,1.28,0.495
52166,8.63,15.27,1.11,0.538
52177,8.07,10.09,0.98,0.384
52186,11.28,59.46,2.94,1.503
52190,11.02,68.38,3.76,1.529
52193,8.15,11.26,0.78,0.377
52201,9.71,11.86,1.56,0.681
52210,7.8,10.07,0.92,0.356
52216,7.27,10.69,0.8,0.173
52220,7.72,17.14,0.88,0.61
52234,9.68,23.64,1.37,0.936
52244,8.39,12.2,1.14,0.462
52247,8.01,11.86,0.75,0.8
52248,10.82,19.85,1.98,0.929
52275,8.28,13.44,1.08,0.524
52276,8.12,19.17,1.02,0.568
52278,8.38,24.11,1.0,0.679
52285,9.89,18.68,2.42,0.908
52290,7.68,12.83,0.71,0.48
52292,8.1,11.99,0.91,0.408
52296,9.97,61.3,2.42,1.464
52301,7.52,14.82,1.03,0.361
52311,8.55,11.23,0.95,0.58
52316,6.25,29.08,0.83,0.88
52325,9.0,15.71,1.62,0.703
52332,7.43,12.86,0.75,0.461
52339,11.61,28.12,3.05,1.42
52341,10.19,61.18,3.85,1.46
52351,9.73,21.63,1.88,0.963
52352,7.45,11.04,0.76,0.444
52353,5.12,14.58,0.54,1.207
52369,6.79,42.73,0.82,0.622
52376,8.49,10.18,1.36,0.537
52383,8.57,13.45,0.94,0.47
52395,8.31,12.27,0.8,0.532
52401,6.57,13.95,1.29,0.507
52403,7.99,10.1,0.98,0.379
52409,7.31,30.94,0.99,0.694
52410,8.39,13.26,0.93,0.575
52422,5.51,22.0,0.8,0.16
52427,7.48,13.01,0.58,0.534
52429,9.46,11.52,1.4,0.543
52442,7.81,11.69,0.95,0.37
52454,8.21,10.71,1.18,0.417
52455,7.66,10.21,1.07,0.265
52456,8.81,12.55,1.17,0.54
52457,5.08,15.72,0.84,0.042
52461,8.65,16.45,0.75,0.753
52462,7.72,46.36,0.84,0.873
52463,8.69,15.41,1.25,0.638
52469,5.18,28.05,0.71,0.324
52470,8.02,39.56,0.99,0.749
52471,8.11,13.48,1.17,0.581
52472,7.03,22.72,0.8,0.641
52491,8.14,16.49,0.96,0.541
52498,7.28,27.98,0.88,0.565
52500,9.03,10.43,0.96,0.744
52510,8.31,17.49,1.09,0.591
52513,6.27,15.37,0.86,0.196
52521,8.3,34.6,1.0,0.945
52535,6.26,31.29,0.51,0.51
52544,11.0,24.02,1.72,1.365
52545,10.09,19.88,1.74,1.01
52547,8.52,14.77,2.18,0.685
52550,6.69,10.57,1.19,0.519
52552,10.77,22.14,1.84,1.079
52554,10.63,16.25,1.95,0.967
52555,9.82,13.88,1.53,0.724
52557,9.06,11.12,0.94,0.541
52559,9.02,13.96,1.04,0.668
52563,8.53,10.39,1.21,0.468
52574,7.09,19.47,1.03,0.49
52578,7.77,13.91,0.76,0.642
52587,8.06,14.59,0.82,0.569
52596,11.22,72.19,2.45,1.503
52600,9.16,70.87,2.36,1.416
52610,7.98,19.12,1.09,0.72
52626,7.94,14.05,0.96,0.606
52629,8.99,12.81,1.11,0.579
52644,8.51,14.93,1.15,0.664
52649,7.97,20.02,1.0,0.637
52666,9.67,13.34,1.41,0.786
52667,8.05,21.19,0.97,0.67
52668,10.32,12.35,1.82,0.79
52673,9.57,13.03,1.32,0.638
52676,7.49,23.52,0.87,0.595
52686,5.5,18.27,0.79,1.134
52689,5.49,11.34,0.86,0.908
52694,7.0,16.41,0.71,0.382
52702,7.91,15.3,0.88,0.543
52705,7.95,27.36,1.12,0.687
52708,9.37,49.51,1.27,1.165
52709,6.29,13.33,0.65,0.202
52714,9.52,10.54,1.24,0.583
52720,9.12,18.79,1.25,0.797
52724,9.55,12.55,1.36,0.562
52727,2.69,28.18,0.49,0.901
52737,5.44,14.88,1.51,0.112
52756,9.01,13.79,1.23,0.575
52761,9.16,13.58,1.38,0.616
52763,7.13,10.47,0.88,0.171
52765,10.12,29.93,1.63,1.208
52776,9.91,30.57,1.57,1.155
52780,7.92,21.89,0.97,0.62
52787,8.39,28.68,1.01,0.831
52796,8.34,12.45,0.88,0.476
52805,7.68,11.61,1.01,0.538
52824,8.22,10.41,1.22,0.436
52828,7.88,22.19,0.95,0.536
52857,8.36,12.82,1.18,0.503
52858,7.05,14.98,0.67,0.422
52859,7.97,11.14,1.35,0.553
52874,8.99,11.09,0.83,0.659
52876,8.87,10.84,1.15,0.492
52888,7.48,18.01,0.87,0.596
52891,8.71,18.01,1.2,0.694
52905,8.01,15.16,0.95,0.604
52907,9.25,13.39,1.16,0.817
52913,6.61,10.43,1.17,0.211
52917,8.63,12.61,1.17,0.64
52920,8.16,10.21,0.92,0.311
52925,7.8,11.0,1.04,0.649
52933,9.12,19.18,1.42,0.892
52934,9.64,11.08,1.4,0.722
52939,7.86,13.5,0.89,0.559
52943,3.11,23.54,0.81,1.232
52947,7.54,13.29,0.59,0.402
52954,10.49,23.59,1.86,1.184
52956,8.02,10.91,1.01,0.515
52959,6.05,12.81,0.75,0.399
52962,9.25,21.2,1.19,0.844
52971,8.24,12.95,0.9,0.54
52986,9.41,12.92,0.93,0.661
52987,9.63,13.28,1.42,0.672
52990,7.53,19.18,0.88,0.615
52995,8.62,10.13,1.14,0.506
52997,10.8,23.15,1.83,1.148
53002,7.54,12.86,0.9,0.377
53005,6.59,15.82,0.9,0.333
53006,9.17,16.72,1.33,0.673
53008,8.31,34.77,2.67,0.937
53015,9.22,10.22,1.3,0.58
53020,11.64,177.46,23.0,1.679
53022,7.47,11.78,0.83,0.465
53023,8.24,10.39,0.68,0.549
53042,9.72,21.39,1.89,0.923
53049,7.85,20.2,1.1,0.488
53051,8.08,22.78,1.0,0.7
53062,7.17,12.12,0.61,0.246
53064,5.57,12.39,0.66,1.16
53070,8.21,19.23,1.13,0.498
53084,8.71,16.2,1.13,0.753
53087,7.84,26.78,1.03,0.718
53094,8.55,15.72,1.17,0.546
53095,10.11,13.76,1.77,0.966
53099,7.96,12.4,0.93,0.546
53101,9.21,10.85,1.25,0.719
53106,6.56,21.28,0.66,0.513
53110,9.65,11.29,1.5,0.673
53114,11.63,29.3,2.7,1.473
53120,8.75,13.79,1.21,0.613
53122,8.67,12.99,0.76,0.619
53123,10.2,20.75,1.66,0.898
53127,9.08,12.64,1.34,0.66
53145,7.55,11.55,0.91,0.337
53150,11.97,34.94,3.56,1.472
53157,6.44,10.35,0.72,1.114
53159,8.38,10.82,1.27,1.044
53165,8.17,18.1,1.46,0.652
53166,7.65,12.67,0.87,0.483
53169,9.79,23.94,1.71,1.048
53172,7.76,20.61,0.96,0.579
53175,10.66,27.17,2.22,1.293
53177,8.57,12.87,1.18,0.566
53186,7.63,27.78,1.0,0.557
53189,10.05,24.92,1.43,1.075
53196,7.18,22.81,0.95,0.56
53206,7.13,25.94,0.97,0.679
53212,7.75,13.02,0.92,0.67
53215,10.06,15.98,1.09,0.778
53217,7.02,24.23,0.99,0.645
53224,9.13,11.0,1.18,0.697
53222,9.51,10.82,1.33,0.595
53225,8.39,13.66,1.15,0.591
53226,8.0,13.43,0.95,0.544
53229,3.79,33.4,0.78,1.04
53236,9.27,28.7,1.29,0.996
53238,10.15,18.33,2.08,0.851
53240,6.12,12.51,0.84,0.913
53241,9.39,10.69,1.02,0.598
53244,8.09,17.19,0.96,0.538
53248,8.76,12.23,0.95,0.461
53250,8.18,23.66,1.05,0.79
53252,5.23,31.91,0.75,0.48
53253,3.78,33.71,0.57,0.945
53257,5.91,23.02,0.63,1.01
53259,6.34,13.01,0.93,1.176
53273,5.45,10.45,0.81,0.966
53279,7.87,10.01,0.88,0.432
53289,6.73,20.87,0.76,0.466
53295,4.66,12.22,0.69,-0.039
53301,8.13,12.95,1.14,0.562
53305,8.35,14.23,1.1,0.616
53306,8.42,24.23,1.0,0.724
53311,8.33,12.72,1.0,0.599
53314,8.6,11.5,1.05,0.59
53321,9.02,13.37,0.84,0.505
53324,7.55,18.9,0.93,0.561
53327,9.48,44.92,1.04,1.097
53337,8.84,18.5,1.13,0.666
53345,6.53,15.41,0.73,0.556
53352,8.03,15.94,0.67,0.541
53377,5.73,10.69,0.77,1.032
53383,10.07,22.17,1.65,1.088
53394,5.93,10.66,0.58,1.065
53401,7.85,19.14,0.64,0.558
53405,8.69,12.46,1.04,0.601
53411,6.4,10.19,0.66,0.068
53414,7.54,18.38,0.91,0.919
53416,8.5,15.39,1.02,0.561
53417,4.3,11.29,0.78,0.016
53423,5.91,22.85,1.13,0.425
53424,8.22,19.2,1.43,0.71
53426,5.02,13.33,0.75,1.101
53429,7.5,16.43,0.95,0.419
53435,8.53,14.06,1.05,0.565
53437,7.37,18.27,0.92,0.752
53441,8.81,10.58,1.26,0.486
53443,8.49,14.56,1.33,0.673
53449,5.91,10.03,1.02,1.256
53452,9.35,18.05,1.28,0.785
53454,7.51,13.29,0.91,0.401
53463,7.22,13.27,0.72,0.959
53465,6.03,10.46,0.72,1.123
53471,8.45,26.7,1.0,0.73
53484,7.95,10.97,0.87,0.285
53486,7.37,56.98,1.03,0.92
53487,8.41,10.58,0.96,0.626
53490,9.56,11.86,0.95,0.681
53492,6.36,11.56,0.73,1.036
53499,8.81,10.63,1.09,0.608
53500,7.28,20.02,0.7,0.441
53502,4.6,16.4,0.65,1.006
53505,8.45,14.1,1.21,0.521
53506,8.41,10.33,1.17,0.57
53507,8.28,10.84,0.95,0.404
53509,7.89,23.88,0.98,0.635
53513,9.0,13.51,1.21,0.526
53516,7.43,12.01,0.8,0.355
53523,9.72,21.01,1.28,0.808
53524,7.36,10.92,0.58,0.23
53530,5.9,10.3,0.58,0.173
53532,6.88,16.17,0.76,0.421
53534,9.27,14.66,1.45,0.8
53535,8.37,11.62,0.96,0.695
53537,7.94,20.22,1.01,0.624
53541,8.94,36.05,1.23,1.019
53542,7.37,10.92,0.83,0.338
53545,7.6,10.25,0.91,1.009
53549,8.7,14.86,1.17,0.586
53550,8.44,10.33,1.1,0.427
53559,9.34,19.99,1.36,0.881
53574,7.91,10.55,0.96,0.405
53577,7.89,10.06,1.19,0.412
53580,10.28,43.43,1.45,1.352
53581,8.01,12.61,0.91,0.5
53618,7.86,14.97,1.6,0.659
53624,8.43,11.07,0.93,0.604
53626,9.54,13.79,1.02,0.751
53628,8.94,11.79,1.24,0.639
53634,8.16,22.69,0.92,0.707
53635,8.86,10.28,1.19,0.904
53637,10.52,33.25,1.94,1.367
53641,8.78,18.44,2.35,0.78
53647,8.65,11.71,1.13,0.66
53651,8.65,13.88,0.74,0.552
53656,11.34,15.79,1.86,1.154
53657,8.7,15.59,0.85,0.604
53660,11.4,22.68,3.19,1.255
53667,11.13,20.08,2.0,1.119
53683,7.58,12.68,0.68,0.442
53685,6.81,26.02,0.68,0.501
53688,8.26,21.72,0.95,0.632
53699,5.7,20.56,0.83,0.374
53700,6.7,10.72,0.62,0.534
53709,7.32,16.01,1.01,0.551
53719,8.62,27.14,0.91,0.878
53721,5.03,71.04,0.66,0.624
53725,8.21,20.3,1.05,0.648
53731,8.85,27.18,2.16,0.98
53737,6.53,22.34,0.89,0.443
53740,4.08,18.71,1.03,1.079
53747,8.49,27.63,0.98,0.76
53756,10.64,22.06,1.96,1.217
53762,5.81,11.26,0.65,-0.064
53765,7.27,17.55,1.69,0.563
53767,10.03,150.96,1.59,1.525
53771,6.15,16.7,0.58,0.188
53773,4.37,15.99,0.75,0.116
53774,7.9,13.19,0.74,0.529
53784,7.57,10.89,0.87,0.484
53787,8.26,19.31,0.76,0.593
53791,6.03,21.98,0.75,0.584
53792,9.47,18.64,1.57,0.785
53805,10.16,15.27,1.52,0.788
53813,8.68,11.82,1.15,0.591
53816,7.09,14.22,0.95,0.778
53818,6.06,32.04,0.75,0.527
53822,9.43,16.83,1.33,0.86
53824,4.98,21.61,0.78,0.166
53828,9.07,14.78,1.15,0.643
53834,9.23,11.21,1.37,0.666
53835,9.37,16.31,1.44,0.773
53837,7.59,30.2,0.75,0.637
53840,6.77,15.11,0.72,0.532
53850,7.95,10.88,0.99,0.5
53851,8.62,12.24,1.02,0.69
53859,7.91,16.59,1.11,0.965
53860,6.38,11.47,0.65,0.169
53866,9.95,14.98,1.6,0.689
53869,9.73,21.43,1.38,0.868
53873,11.67,20.73,3.02,1.24
53879,7.9,19.97,1.06,0.68
53882,9.16,17.76,1.37,0.802
53886,7.58,13.29,0.95,0.543
53898,8.17,22.27,1.01,0.694
53900,8.46,11.78,1.07,0.467
53903,7.45,13.0,1.17,0.397
53905,8.34,11.35,1.34,0.483
53910,2.34,41.07,0.6,0.033
53911,10.92,17.72,2.21,0.721
53914,8.71,12.91,1.12,0.56
53916,8.24,14.14,1.13,0.553
53921,7.25,15.39,0.69,0.495
53923,8.96,18.43,1.19,0.872
53954,4.42,26.37,0.86,0.053
53963,6.21,18.84,0.81,0.307
53964,9.76,12.01,1.57,0.699
53974,7.51,11.79,0.88,0.481
53980,9.23,10.97,1.25,0.727
53985,9.57,85.76,1.36,1.437
53993,8.66,15.87,1.07,0.597
54002,9.03,32.73,1.23,0.971
54007,8.4,12.92,1.0,0.55
54008,8.2,10.32,0.77,0.49
54017,7.88,11.86,0.63,0.563
54027,6.12,18.31,0.81,0.269
54028,8.96,28.37,1.17,0.94
54029,5.51,10.24,0.88,0.938
54035,7.49,392.4,0.91,1.502
54040,8.45,24.45,2.26,0.89
54044,7.62,15.22,0.62,0.447
54047,9.06,18.81,1.18,0.79
54053,7.33,11.49,0.83,0.873
54056,10.55,27.38,4.02,1.094
54060,6.74,12.85,0.6,0.328
54061,1.81,26.38,0.53,1.061
54063,6.97,16.17,0.87,0.265
54068,9.12,11.12,1.17,0.611
54083,7.72,19.43,0.59,0.553
54085,7.79,17.56,1.01,0.548
54094,10.02,20.34,1.95,1.1
54095,7.42,13.53,0.76,0.369
54100,9.64,27.62,1.76,1.016
54102,8.65,18.16,0.91,0.659
54104,8.8,12.93,1.18,0.71
54105,10.74,32.67,1.92,1.401
54109,8.25,19.03,1.15,0.637
54114,8.87,21.07,0.91,0.809
54134,8.87,10.71,1.31,0.509
54136,6.01,12.41,0.71,0.165
54137,5.67,11.69,0.6,0.256
54155,7.64,40.57,1.4,0.77
54159,8.47,11.01,0.94,0.549
54161,8.89,12.57,1.24,0.495
54172,7.89,12.33,0.97,0.579
54182,4.62,34.54,0.87,0.332
54195,8.09,11.9,1.29,0.731
54196,7.6,16.68,1.0,0.594
54199,8.54,28.41,0.95,0.874
54201,7.8,11.12,0.86,0.413
54203,8.39,12.01,0.74,0.668
54204,4.92,22.98,0.74,0.369
54211,8.82,206.94,1.19,1.491
54210,8.7,22.07,1.09,0.689
54212,11.1,30.05,2.28,1.483
54214,6.09,15.57,0.92,0.301
54217,9.69,13.0,1.41,0.768
54218,7.36,11.04,0.74,0.372
54221,8.41,10.7,0.9,0.557
54227,12.37,54.9,4.62,1.572
54233,7.04,24.98,0.74,0.524
54239,9.06,14.12,1.34,0.594
54241,7.56,16.85,0.93,0.466
54242,8.1,17.41,1.07,0.583
54259,8.98,10.2,1.36,0.582
54274,7.28,16.18,1.0,0.43
54284,9.74,16.53,1.39,0.76
54285,8.39,15.77,1.09,0.608
54287,7.23,31.22,0.83,0.68
54288,9.62,39.11,2.6,1.27
54304,8.32,12.21,0.95,0.521
54307,8.74,11.01,1.21,0.677
54315,6.51,10.67,0.76,0.311
54322,8.41,11.38,1.15,0.549
54336,5.52,16.05,0.92,0.955
54339,9.52,11.89,1.25,0.625
54340,9.78,13.55,1.79,0.752
54346,8.95,21.61,1.46,0.725
54347,6.86,18.0,0.88,0.513
54348,9.77,25.9,3.67,1.007
54349,6.58,17.94,0.82,0.363
54360,5.15,11.5,0.71,0.029
54362,10.56,22.42,1.98,1.162
54366,7.8,20.45,2.44,0.542
54373,10.38,53.75,1.94,1.43
54375,8.22,18.94,1.62,0.645
54381,8.85,12.97,1.15,0.709
54383,7.32,19.85,0.91,0.551
54388,6.48,13.23,0.93,0.164
54400,6.51,38.15,0.86,0.606
54401,9.82,13.66,1.17,0.682
54405,9.01,19.61,1.39,0.799
54407,7.36,17.45,1.23,0.583
54417,8.05,12.93,1.19,0.385
54418,9.32,37.21,1.35,1.237
54422,12.17,21.87,3.15,0.9
54424,6.85,11.92,1.32,0.408
54423,8.35,11.72,1.61,0.513
54426,8.35,43.91,1.03,0.942
54428,8.25,12.29,1.04,0.666
54443,8.02,15.05,1.06,0.641
54444,9.69,12.48,1.57,0.71
54446,9.95,21.17,1.53,0.93
54447,9.94,12.62,1.41,0.637
54450,8.48,11.14,1.12,0.566
54452,7.84,13.46,0.62,0.91
54459,9.75,38.61,1.71,1.101
54477,5.43,17.21,0.73,0.069
54480,9.54,14.9,1.27,0.726
54491,8.98,16.16,1.16,0.661
54498,8.94,12.98,1.14,0.693
54507,10.13,11.74,1.58,0.897
54508,8.89,13.02,1.08,0.631
54513,11.22,39.87,2.45,1.446
54515,6.82,13.07,0.87,0.165
54519,11.07,16.72,2.16,1.593
54521,8.51,10.65,0.79,0.461
54530,8.69,26.76,1.09,0.736
54531,8.24,14.75,1.1,0.494
54532,10.44,93.56,1.67,1.529
54536,8.37,25.7,0.99,0.714
54538,9.74,16.39,1.24,0.764
54539,3.0,22.21,0.68,1.144
54541,7.69,32.73,0.97,0.777
54545,7.63,10.18,0.88,0.359
54547,8.36,10.16,1.15,0.97
54549,7.91,10.89,0.89,0.531
54553,11.51,24.84,3.09,1.563
54556,8.26,13.22,1.61,0.458
54569,10.48,25.82,2.04,1.4
54573,7.51,15.12,1.09,0.413
54577,8.9,19.06,1.69,0.783
54580,7.7,15.08,0.98,0.661
54582,6.81,30.58,0.77,0.613
54597,9.83,24.76,1.53,1.07
54598,7.25,12.83,0.74,0.469
54599,7.96,11.75,1.04,0.534
54605,7.33,10.8,0.82,0.282
54614,7.72,27.18,0.97,0.767
54622,9.0,10.62,1.57,0.498
54632,7.15,22.43,0.56,0.7
54641,8.16,17.77,0.76,0.484
54642,11.44,19.47,2.5,1.254
54646,8.31,83.85,1.07,1.255
54651,9.23,47.85,1.26,1.083
54657,8.25,18.14,0.84,0.697
54658,10.92,59.01,3.92,1.632
54663,9.89,17.87,1.94,1.01
54674,6.68,11.22,0.7,0.225
54675,9.28,12.48,1.37,0.65
54677,9.06,44.0,1.93,1.203
54681,8.26,21.8,1.04,0.646
54682,4.46,12.26,0.75,0.025
54683,8.24,13.61,1.05,0.518
54687,7.35,16.74,0.78,0.644
54688,6.3,16.43,0.83,0.209
54690,10.45,19.76,1.77,1.1
54692,7.19,22.4,0.84,0.553
54696,8.47,13.08,1.24,0.567
54697,10.6,29.0,1.82,1.593
54704,7.05,46.22,0.84,0.76
54707,8.3,15.83,1.13,0.631
54709,8.35,10.36,1.07,0.513
54718,6.27,10.11,1.12,0.155
54721,6.4,10.87,0.64,0.127
54722,7.55,13.0,0.97,0.385
54724,9.5,17.36,1.51,0.837
54728,8.15,21.51,1.0,0.637
54737,8.44,11.58,1.1,0.415
54741,8.15,11.84,1.05,0.357
54743,8.45,15.15,1.15,0.521
54745,6.41,46.04,0.9,0.6
54746,5.37,20.02,1.15,0.175
54757,9.75,18.38,1.62,0.86
54767,5.22,10.38,0.51,-0.082
54768,9.11,14.0,1.26,0.52
54775,7.72,11.22,0.84,0.4
54776,7.09,12.9,0.82,0.512
54778,9.35,10.1,1.41,0.592
54779,8.59,15.55,1.04,0.618
54782,7.22,12.46,0.83,0.315
54797,8.24,10.2,0.84,0.581
54803,10.29,41.49,2.03,1.424
54804,8.11,20.01,1.01,0.613
54805,9.12,10.15,1.32,0.697
54810,8.7,55.72,1.29,1.179
54834,8.88,15.24,1.05,0.045
54835,7.44,10.88,1.47,0.469
54844,6.93,19.48,1.8,0.75
54845,8.51,11.87,1.2,0.487
54846,9.54,21.11,1.04,0.843
54854,6.82,12.13,0.73,0.258
54857,6.75,15.94,0.84,0.398
54863,5.79,14.6,0.84,1.128
54872,2.56,56.52,0.83,0.128
54879,3.33,18.36,0.77,-0.003
54884,9.19,11.28,1.26,0.552
54887,7.88,15.87,0.98,0.587
54903,7.29,10.33,0.92,0.367
54906,7.76,46.95,0.97,0.845
54915,7.96,10.99,0.86,0.626
54922,9.02,44.12,1.66,1.108
54924,9.05,13.88,1.21,0.594
54926,8.37,12.34,1.07,0.709
54932,10.27,12.68,1.79,0.879
54938,6.98,16.1,0.81,0.374
54947,7.63,11.94,0.84,0.669
54952,7.68,68.13,1.18,1.043
54960,6.89,10.9,0.88,0.08
54977,8.62,18.39,1.61,0.765
54984,7.43,19.13,0.95,0.503
54988,8.25,10.14,1.06,0.498
54989,8.41,13.61,1.12,0.525
54998,8.32,10.24,1.15,0.47
55002,7.07,11.84,0.77,0.226
55013,7.36,36.29,0.91,0.626
55014,10.47,25.91,1.66,1.187
55015,8.46,13.9,1.1,0.574
55033,6.66,14.14,0.88,0.29
55042,11.66,79.71,2.8,1.49
55044,6.51,25.55,1.39,0.437
55052,10.35,39.68,2.2,1.226
55057,8.94,17.01,1.37,0.729
55060,6.91,10.88,0.72,0.172
55064,9.39,12.01,1.0,0.613
55066,9.98,56.87,1.68,1.401
55068,6.3,18.05,1.23,0.403
55076,8.23,12.31,0.83,0.611
55081,6.76,11.27,0.92,0.182
55084,4.45,16.69,0.89,0.21
55108,8.5,11.99,0.99,0.694
55109,6.77,18.42,0.6,0.423
55118,8.27,24.23,1.2,0.705
55119,9.78,56.96,1.4,1.383
55126,6.85,11.07,0.86,0.328
55130,6.24,13.96,0.78,0.105
55132,9.73,33.96,1.73,1.161
55142,10.49,13.41,1.85,1.003
55159,8.18,23.47,1.04,0.668
55162,8.21,10.76,0.82,0.437
55164,6.44,21.42,0.79,0.408
55165,6.84,24.53,0.77,0.508
55184,8.1,10.54,1.1,0.456
55189,8.3,19.55,1.08,0.536
55192,8.27,27.04,1.08,0.776
55204,8.4,12.59,1.11,0.668
55210,7.29,45.48,1.0,0.732
55216,9.16,16.1,1.28,0.776
55225,6.35,15.5,0.76,0.266
55235,8.73,23.64,1.25,0.828
55236,9.83,10.56,1.28,0.728
55237,7.72,17.03,0.66,0.529
55242,8.17,10.13,0.76,0.409
55244,8.03,10.27,0.9,0.353
55246,7.69,10.79,1.01,0.346
55249,5.9,10.48,0.9,1.04
55251,9.75,28.88,1.82,1.22
55254,6.6,31.17,1.55,0.586
55258,7.89,11.48,1.38,0.601
55262,7.12,20.96,1.04,0.507
55266,4.76,17.82,0.75,0.113
55278,8.24,11.91,1.01,0.623
55280,5.99,26.72,0.51,0.471
55282,3.56,16.75,0.82,1.112
55285,9.33,12.7,1.46,0.705
55288,6.61,17.98,1.6,0.57
55289,8.44,10.94,0.99,0.472
55295,10.84,15.44,1.9,1.04
55300,8.53,12.46,0.76,0.765
55304,7.9,14.57,1.1,0.569
55309,9.56,10.66,0.97,0.597
55316,7.21,17.5,0.9,0.404
55323,9.2,16.28,1.56,0.734
55328,7.06,10.35,0.85,1.129
55334,8.14,11.6,0.81,0.413
55340,9.74,11.69,1.18,0.659
55360,9.31,109.95,1.11,1.412
55363,7.54,29.47,0.89,0.594
55374,6.68,10.66,0.83,1.124
55377,10.25,14.64,1.57,1.05
55378,8.89,13.62,0.94,0.598
55379,8.28,10.37,1.09,0.506
55385,7.95,16.44,0.93,0.558
55387,6.91,16.55,0.77,0.37
55391,6.73,10.23,0.74,0.34
55398,8.81,16.28,1.04,0.637
55399,7.6,11.23,1.17,0.411
55406,10.09,19.51,1.53,0.914
55409,8.0,23.38,1.0,0.658
55413,11.45,17.69,2.28,1.139
55415,7.02,10.16,0.78,0.996
55416,7.58,13.83,0.92,0.403
55418,7.32,14.55,0.79,0.399
55423,7.16,10.87,1.12,0.43
55425,3.9,10.15,0.53,-0.157
55434,4.05,15.24,0.81,-0.058
55437,7.44,10.69,0.86,0.356
55438,9.49,11.52,1.59,0.609
55439,9.28,12.66,0.93,0.511
55454,8.57,76.0,1.7,1.34
55455,6.69,23.23,0.91,0.523
55459,7.65,25.82,0.86,0.642
55464,7.86,14.67,0.92,0.521
55469,7.75,16.82,0.91,0.523
55485,6.43,12.79,0.64,0.161
55486,7.93,31.68,1.55,0.894
55487,8.12,20.82,0.94,0.635
55488,6.69,12.4,0.86,0.298
55497,6.43,13.4,0.52,0.202
55505,8.89,21.43,2.86,1.15
55507,9.8,40.36,1.48,1.337
55516,9.28,16.07,1.18,0.755
55520,7.96,11.1,1.13,0.461
55522,10.46,19.58,2.13,0.96
55547,8.47,12.04,1.14,0.516
55561,7.44,15.62,0.62,0.464
55564,6.02,11.58,0.56,0.085
55575,9.64,13.38,1.63,0.65
55584,8.82,11.98,1.09,0.554
55598,5.08,22.8,0.84,0.439
55599,9.14,20.69,1.42,0.753
55618,9.36,10.12,1.43,0.645
55625,11.18,47.1,2.37,1.482
55628,8.51,20.04,1.24,0.792
55633,8.35,25.2,1.04,0.723
55638,8.8,23.7,1.32,0.785
55642,4.0,41.26,1.16,0.423
55656,8.06,14.81,0.96,0.471
55661,8.34,15.3,1.64,0.6
55662,8.07,10.32,0.79,0.576
55664,9.1,16.54,1.31,0.874
55666,6.94,21.11,0.89,0.541
55672,8.53,13.59,1.04,0.544
55674,7.57,12.61,0.99,0.578
55677,7.78,11.59,1.59,0.485
55691,7.22,77.58,1.82,1.271
55695,9.8,14.79,1.41,0.681
55700,7.41,13.35,0.78,0.271
55705,4.06,38.9,0.82,0.216
55714,8.08,20.55,0.97,0.665
55717,8.67,24.99,1.14,0.805
55718,10.23,43.89,1.49,1.36
55735,6.88,15.25,0.56,0.378
55738,8.36,14.5,1.03,0.536
55740,7.03,10.02,0.81,0.252
55746,7.64,12.07,0.61,0.475
55751,7.56,16.55,0.89,0.455
55756,5.21,11.64,0.78,0.979
55761,7.86,23.26,0.88,0.581
55765,5.58,21.15,0.8,0.39
55766,6.88,15.77,0.8,0.322
55767,10.76,16.1,1.97,0.95
55769,6.73,10.1,0.85,0.207
55772,8.34,32.79,1.19,0.835
55779,5.18,36.46,0.51,0.495
55781,7.3,10.17,0.92,0.241
55790,9.07,10.99,1.48,0.48
55791,6.35,16.28,0.85,0.345
55796,7.32,10.57,0.85,0.437
55806,10.15,15.74,1.57,0.843
55808,7.41,12.4,0.94,0.333
55819,9.81,11.54,1.33,0.556
55820,8.65,18.94,1.13,0.675
55821,6.33,17.36,0.78,0.454
55823,7.93,22.29,0.99,0.599
55827,8.86,12.44,0.84,0.558
55840,10.17,17.95,1.71,0.955
55846,6.49,56.59,1.4,0.778
55848,7.58,55.59,3.31,1.002
55856,9.11,12.8,1.33,0.698
55857,8.27,11.37,1.03,0.425
55861,7.65,11.7,0.96,0.327
55868,7.59,30.76,1.13,0.63
55874,5.93,14.91,0.77,0.49
55875,7.65,28.23,2.05,0.748
55897,8.37,10.27,0.81,0.446
55900,7.4,28.84,0.84,0.722
55903,9.27,12.23,1.4,0.77
55909,8.67,10.53,1.05,0.497
55913,9.7,13.77,1.3,0.858
55915,10.65,32.57,2.1,1.4
55917,7.79,13.68,1.25,0.544
55922,10.6,23.02,2.28,1.13
55921,7.81,11.06,0.97,0.49
55924,9.23,14.78,1.5,0.7
55930,7.27,12.76,0.76,0.573
55943,8.87,13.6,1.44,0.516
55944,6.84,13.17,0.87,0.387
55948,8.97,13.35,1.7,0.8
55955,12.4,38.8,4.85,1.4
55973,8.17,13.66,1.16,0.549
55980,7.58,14.81,0.68,0.46
55982,7.24,19.21,0.97,0.503
55988,10.21,38.23,1.76,1.193
56004,7.76,14.62,1.24,0.578
56009,10.14,11.45,1.66,0.726
56017,9.09,11.33,1.28,0.605
56020,7.9,11.16,0.92,0.786
56028,6.97,14.43,0.97,0.482
56030,8.81,15.3,1.87,0.77
56031,7.73,13.47,0.79,0.495
56034,5.3,15.59,0.67,0.019
56035,5.83,30.4,0.6,0.382
56049,7.42,17.13,0.93,0.569
56052,8.68,10.3,1.22,0.567
56054,7.18,15.59,1.01,0.472
56079,6.73,12.56,0.82,0.521
56083,6.29,14.73,0.64,0.157
56089,7.39,17.53,0.82,0.419
56092,9.79,25.84,1.67,0.89
56097,7.83,13.18,0.78,0.632
56102,8.17,11.77,1.36,0.476
56109,6.9,15.13,0.9,0.371
56119,9.7,14.08,1.77,0.722
56128,9.88,29.0,1.67,0.74
56138,8.9,10.86,0.96,0.535
56142,8.59,15.64,1.02,0.535
56145,6.67,22.21,0.77,0.912
56146,5.54,10.03,0.89,1.056
56148,5.94,17.82,0.72,0.524
56153,8.34,44.97,0.99,1.046
56154,7.06,15.56,0.82,0.384
56157,11.98,71.64,4.02,1.548
56165,6.95,12.77,1.39,0.456
56166,7.54,10.43,1.37,0.505
56171,8.95,10.66,1.1,0.594
56175,9.5,11.27,1.17,0.62
56179,7.87,15.02,1.13,0.453
56181,8.78,31.0,1.05,0.958
56182,8.62,11.8,1.26,0.526
56185,7.97,11.77,1.25,0.672
56186,7.17,24.53,0.88,0.476
56199,9.98,42.74,1.3,1.315
56209,7.47,13.21,0.9,0.316
56229,9.8,23.25,3.3,1.21
56238,10.31,61.76,1.56,1.439
56242,6.27,43.42,1.1,0.57
56244,11.55,95.46,2.59,1.635
56245,6.24,25.3,0.76,0.537
56253,6.12,16.72,0.51,0.264
56257,7.35,28.62,0.88,0.617
56260,6.74,17.21,0.98,1.05
56270,8.91,10.37,0.94,0.477
56278,9.0,18.75,1.28,0.75
56280,4.93,37.44,1.15,0.54
56282,8.09,16.81,1.07,0.536
56284,11.45,43.66,2.55,1.474
56287,5.89,10.94,0.55,1.136
56289,7.5,18.16,1.12,0.488
56290,5.46,36.34,0.68,0.515
56294,8.4,10.4,1.22,0.445
56296,7.8,13.46,0.95,0.463
56299,9.25,25.96,1.28,0.949
56303,9.22,11.86,1.22,0.539
56321,7.26,21.12,0.95,0.513
56326,6.68,27.54,0.86,0.593
56336,9.13,12.99,1.25,0.596
56337,8.83,22.33,1.22,0.723
56338,8.42,10.95,1.17,0.528
56343,3.54,25.23,0.83,0.947
56347,9.47,10.83,1.53,0.762
56359,8.0,11.8,1.1,0.502
56360,8.16,12.44,1.22,0.46
56362,7.81,19.51,0.89,0.65
56363,7.74,30.41,0.7,0.828
56367,11.29,29.68,2.81,1.585
56389,8.56,14.1,1.12,0.62
56399,9.54,17.68,1.8,0.711
56402,8.19,14.61,0.89,0.527
56413,8.17,23.61,0.99,0.726
56414,9.36,11.56,0.9,0.6
56417,10.26,11.47,1.45,0.761
56423,7.29,23.27,0.65,0.549
56427,8.61,11.61,1.57,0.57
56436,8.33,10.61,1.25,0.528
56439,8.57,10.24,1.23,0.435
56441,8.41,14.27,1.05,0.558
56444,6.76,12.37,0.92,0.343
56445,5.76,37.65,0.86,0.48
56447,8.92,17.0,1.9,0.797
56452,5.96,104.84,0.81,0.811
56460,8.84,10.8,1.0,0.626
56466,11.16,56.35,2.06,1.505
56489,10.38,37.32,1.99,1.153
56497,5.5,15.72,0.78,1.041
56498,9.22,10.66,1.25,0.718
56499,8.34,14.12,0.79,0.475
56501,10.59,19.57,1.8,1.049
56509,9.15,11.17,1.31,0.611
56517,8.49,12.12,1.31,0.604
56519,6.57,18.29,0.65,0.363
56526,8.05,15.0,0.93,0.66
56528,9.81,110.65,1.81,1.489
56536,7.15,15.01,0.9,0.459
56540,8.65,11.37,1.18,0.56
56557,8.93,17.09,0.78,0.706
56565,9.06,11.5,1.35,0.503
56568,9.93,10.07,1.36,0.72
56570,9.34,29.9,1.39,0.981
56572,8.42,18.94,1.14,0.76
56573,5.26,17.24,0.7,0.257
56578,9.52,29.3,2.31,1.1
56583,5.19,13.49,0.51,0.974
56587,8.39,10.53,1.1,0.56
56589,8.65,10.57,1.21,0.581
56594,8.03,16.69,0.99,0.661
56601,5.8,13.92,1.48,0.248
56610,9.48,10.81,1.47,0.628
56614,7.08,13.14,0.82,0.561
56621,6.81,14.48,0.94,0.258
56622,7.16,22.92,1.36,0.71
56623,7.57,14.16,0.93,0.495
56628,10.55,16.39,2.05,0.943
56630,10.01,40.99,1.55,1.29
56633,4.7,10.7,0.79,-0.073
56641,8.86,20.45,2.88,0.804
56647,4.3,18.31,0.89,0.983
56656,5.14,14.11,0.54,1.105
56657,6.32,13.94,0.82,0.439
56658,10.37,18.72,1.98,1.146
56662,12.49,65.28,3.61,-0.072
56664,8.7,10.37,1.17,0.445
56666,7.32,15.41,0.59,0.39
56671,8.53,14.31,1.04,0.57
56670,9.35,10.19,1.34,0.623
56674,8.27,11.36,1.1,0.446
56675,5.64,23.75,0.56,0.362
56694,7.56,15.35,0.94,0.481
56706,7.47,11.36,0.57,0.409
56707,8.78,13.65,1.91,0.5
56710,7.24,14.23,0.72,0.38
56715,10.81,25.8,3.7,1.293
56720,8.85,13.81,1.41,0.637
56725,7.87,16.04,1.04,0.638
56729,9.81,12.44,1.82,0.743
56738,7.61,25.4,1.04,0.561
56740,7.86,14.25,0.91,1.007
56745,9.92,11.24,1.42,0.6
56749,8.85,12.0,1.07,0.594
56754,5.15,10.98,0.57,-0.04
56755,9.31,10.15,1.39,0.574
56760,8.89,24.34,1.22,0.771
56770,5.56,21.91,0.72,0.348
56791,8.8,15.76,1.28,0.71
56795,9.18,10.22,1.33,0.615
56797,7.03,11.15,0.54,0.193
56798,8.73,12.4,1.02,0.659
56801,8.51,10.2,1.27,0.509
56802,5.48,37.06,0.76,0.52
56809,6.29,42.94,0.95,0.566
56811,8.07,13.08,1.06,0.505
56815,9.96,14.28,1.65,0.825
56826,7.76,13.09,0.91,0.446
56827,7.77,13.59,1.61,0.518
56829,8.22,50.61,1.15,0.98
56830,6.4,15.45,0.78,0.821
56832,7.6,29.15,0.96,0.71
56837,8.45,26.74,1.06,0.691
56845,8.39,11.48,0.89,0.828
56859,8.33,13.17,1.57,0.544
56860,7.78,14.66,1.83,0.586
56869,9.43,10.11,1.24,0.749
56868,8.67,15.04,1.23,0.601
56876,7.82,12.33,1.07,0.711
56884,8.82,18.36,1.35,0.673
56894,8.64,11.12,0.87,0.511
120082,7.52,11.75,0.85,0.412
56903,9.89,15.56,1.29,0.85
56905,11.59,23.21,2.28,1.36
56907,8.58,17.69,1.23,0.75
56920,6.88,13.93,0.89,0.3
56926,8.99,11.49,1.24,0.584
56928,8.14,12.35,1.26,0.498
56930,9.66,22.98,1.59,0.911
56933,7.08,11.98,0.67,0.55
56935,7.78,11.45,0.94,0.417
56936,12.2,44.28,2.83,1.447
56948,8.67,15.01,0.81,0.647
56950,8.07,21.34,0.75,0.606
56954,10.32,16.43,1.76,1.048
56955,8.5,24.27,1.19,0.765
56960,7.41,25.67,1.11,0.549
56966,8.84,12.71,1.07,0.608
56973,9.19,14.12,1.28,0.81
56975,5.26,14.04,0.87,0.984
56979,7.89,11.75,0.86,0.417
56981,8.96,18.55,1.32,0.693
56987,9.61,11.54,1.44,0.664
56995,8.24,14.4,0.92,0.455
56998,7.77,79.91,0.92,1.064
56997,5.31,104.81,0.72,0.723
56999,8.94,26.09,1.3,0.873
57001,6.44,24.08,0.76,0.651
57013,5.54,15.58,0.67,0.044
57017,7.53,19.8,0.82,0.499
57021,6.86,30.74,0.75,0.59
57022,9.36,10.86,1.57,0.546
57028,8.73,10.96,1.23,0.634
57029,5.73,24.42,0.73,0.44
57034,7.99,12.43,1.03,0.382
57039,10.57,27.86,1.55,1.087
57049,7.22,13.37,0.89,0.824
57050,11.86,90.66,3.03,1.503
57051,9.26,17.86,1.56,0.608
57052,7.38,14.26,0.84,0.401
57053,6.92,12.79,0.83,0.437
57055,11.69,30.43,2.55,1.391
57058,9.59,32.26,1.45,1.247
57059,9.22,21.08,1.4,0.865
57066,7.89,11.71,0.95,0.395
57078,7.6,15.69,0.91,0.49
57079,6.21,13.93,0.78,0.949
57080,7.08,20.46,0.83,0.498
57082,6.65,16.3,0.89,0.364
57083,7.28,27.13,0.9,0.617
57087,10.67,97.73,2.27,1.493
57092,6.48,29.08,0.57,0.528
57099,11.58,30.76,2.91,1.492
57107,6.94,12.74,1.01,0.488
57112,9.02,23.43,1.84,0.794
57115,10.11,13.17,1.69,0.904
57135,8.88,11.07,1.21,0.604
57136,8.55,11.44,1.08,0.545
57137,6.38,17.95,0.55,0.894
57141,9.95,13.4,1.93,0.66
57148,8.33,16.7,1.97,0.634
57155,8.56,11.26,1.07,0.456
57172,8.21,32.79,0.96,0.908
57177,9.02,15.2,1.14,0.548
57181,8.3,17.75,1.05,0.825
57193,10.03,11.13,1.2,0.804
57199,7.32,11.44,0.79,0.435
57201,7.63,11.35,0.9,0.503
57204,8.01,14.14,0.88,0.617
57205,11.13,15.78,2.07,1.191
57207,9.14,14.35,1.28,0.618
57216,8.31,11.93,1.1,0.614
57217,6.97,30.88,0.77,0.552
57221,8.21,12.52,0.77,0.629
57225,7.94,18.18,0.96,0.519
57227,10.19,14.33,1.37,0.823
57230,8.41,11.05,0.94,0.54
57235,9.34,10.12,1.2,0.539
57242,7.77,13.9,0.93,0.476
57253,6.85,11.18,0.78,0.136
57269,8.91,20.55,2.38,0.91
57271,7.97,33.03,0.92,0.805
57274,8.97,38.65,1.09,1.111
57285,8.7,11.81,1.11,0.573
57291,7.47,23.81,0.83,0.721
57300,8.29,13.31,1.61,0.554
57319,9.57,15.54,1.38,0.71
57321,9.36,18.94,1.33,0.779
57328,4.84,27.29,0.79,0.174
57331,9.38,11.68,1.31,0.755
57344,7.89,13.71,1.07,0.434
57345,7.81,11.71,0.95,0.539
57346,11.17,26.89,2.01,1.323
57349,8.06,19.17,0.87,0.622
57350,8.78,25.67,0.94,0.79
57351,8.4,11.51,1.33,0.64
57352,7.99,20.61,0.73,0.68
57359,8.84,10.49,1.35,0.686
57360,8.75,12.45,1.19,0.434
57361,11.79,49.63,3.55,1.482
57363,3.63,25.42,0.54,0.16
57367,11.5,216.4,2.11,0.196
57369,8.41,12.32,1.05,0.459
57370,8.07,34.51,1.16,0.835
57375,8.09,11.01,1.01,0.372
57378,7.68,15.76,0.97,0.47
57380,4.04,10.42,0.75,1.501
57387,8.8,36.31,0.95,1.167
57399,3.69,16.64,0.6,1.181
57402,8.51,21.11,1.16,0.592
57421,7.56,10.55,0.78,0.515
57433,7.68,18.82,0.86,0.548
57441,9.23,15.99,1.24,0.695
57443,4.89,108.23,0.7,0.664
57450,9.91,13.61,1.54,0.582
57456,7.57,16.05,0.98,0.396
57460,8.15,18.49,0.94,0.551
57459,11.68,48.95,3.0,1.478
57468,8.16,11.84,1.09,0.556
57477,5.27,15.8,0.59,1.276
57488,6.94,25.77,1.07,0.521
57493,9.51,40.61,1.52,1.252
57494,9.03,40.57,2.66,1.126
57507,6.48,56.26,0.77,0.681
57529,7.36,10.85,1.13,0.495
57532,8.75,16.91,0.86,0.73
57544,10.8,185.48,1.43,1.572
57546,8.32,10.49,0.97,0.468
57548,11.12,299.58,2.2,1.746
57552,8.69,15.13,1.19,0.61
57555,11.4,24.72,2.85,1.294
57559,7.89,11.02,1.03,0.461
57562,5.31,16.97,0.74,0.038
57565,4.5,14.4,0.86,0.547
57571,11.38,18.03,1.91,1.369
57572,8.31,27.96,1.64,0.929
57574,7.1,14.41,0.84,0.756
57580,9.8,13.35,1.18,0.73
57587,6.24,23.49,0.8,0.585
57589,11.13,19.87,2.38,1.663
57591,7.24,11.49,0.9,0.392
57594,7.41,16.75,0.91,0.755
57606,5.9,13.48,0.87,0.303
57608,8.32,12.28,1.08,0.541
57609,10.38,17.18,1.89,0.942
57615,9.16,10.15,1.16,0.496
57617,7.99,15.06,1.17,0.573
57626,8.57,10.86,0.83,0.468
57629,6.15,29.26,0.99,0.518
57632,2.14,90.16,0.89,0.09
57645,9.25,25.43,1.15,0.895
57646,6.05,15.96,0.81,0.278
57658,9.12,23.29,1.65,0.828
57660,9.97,17.91,1.53,1.11
57662,9.03,11.02,1.06,0.632
57668,9.02,14.52,1.34,0.582
57670,5.73,14.39,0.7,0.467
57672,7.95,11.98,1.33,0.543
57676,7.9,10.71,1.02,0.641
57679,11.05,12.14,1.64,0.969
57681,7.77,16.37,0.96,0.513
57683,8.94,31.29,1.5,1.098
57687,8.62,14.95,1.4,0.529
57688,9.47,31.68,1.2,1.078
57693,9.37,12.61,0.96,0.608
57713,9.19,21.01,1.49,0.776
57730,7.71,10.12,0.98,0.485
57734,8.62,11.26,1.13,0.574
57735,9.26,18.37,1.36,0.787
57739,9.33,11.17,1.35,0.678
57744,7.84,11.13,0.92,0.58
57757,3.59,91.74,0.77,0.518
57759,7.36,11.4,0.91,0.701
57779,6.37,18.08,0.74,0.294
57789,7.89,10.41,1.05,0.39
57791,5.62,12.59,1.0,1.058
57796,7.69,11.12,0.76,0.578
57799,9.79,12.85,1.5,0.72
57802,9.76,116.92,1.38,1.477
57805,6.25,15.87,0.7,0.345
57814,7.55,13.65,0.68,0.471
57819,6.34,22.25,0.8,0.41
57821,7.05,18.59,0.92,0.473
57822,7.96,12.05,1.08,0.46
57827,7.56,11.18,0.84,0.427
57835,9.65,19.06,1.39,0.787
57841,5.85,31.81,0.84,0.554
57856,7.93,10.09,0.99,0.49
57858,7.4,10.78,0.9,0.97
57863,9.52,12.01,1.5,0.662
57866,8.4,39.48,1.58,0.86
57868,9.2,15.2,1.62,0.694
57880,9.71,16.21,1.7,0.4
57888,7.61,12.39,0.97,1.055
57894,7.66,14.43,1.03,0.566
57897,7.95,12.76,1.07,0.8
57898,7.26,11.44,1.06,0.47
57918,8.44,10.36,1.2,0.536
57927,8.49,12.14,1.19,0.719
57931,9.4,20.27,1.47,0.86
57939,6.42,109.21,0.78,0.754
57947,8.16,11.67,0.99,0.481
57948,8.78,11.47,1.22,0.74
57949,11.7,33.34,4.05,1.51
57959,11.89,48.63,3.34,1.54
57960,6.62,17.17,0.71,0.333
57966,7.62,10.31,0.92,0.281
57971,6.17,13.23,0.78,0.089
57984,11.24,21.0,2.33,1.316
57992,8.28,32.39,0.69,0.72
57994,6.77,17.49,0.7,0.574
57999,9.15,10.3,0.91,0.51
58001,2.41,38.99,0.68,0.044
58019,10.92,23.17,2.15,1.225
58024,8.08,14.67,0.74,1.044
58026,7.55,10.88,0.73,0.474
58029,8.44,22.42,0.87,0.724
58031,7.97,12.11,1.09,0.931
58034,7.85,11.6,1.1,0.495
58057,6.46,21.5,0.97,0.528
58066,8.23,10.21,0.97,0.452
58067,8.2,27.01,1.29,0.71
58071,9.27,14.3,1.32,0.665
58073,8.43,27.44,1.43,0.76
58079,8.8,19.59,1.05,0.736
58080,7.32,13.91,0.87,0.95
58082,5.26,11.06,0.71,0.883
58083,9.83,25.69,1.63,1.02
58085,6.38,23.09,0.59,0.406
58093,7.6,16.02,0.9,0.69
58098,8.87,13.16,1.29,0.525
58099,10.49,34.85,2.01,1.361
58106,6.7,32.33,1.44,0.646
58110,5.58,19.45,0.73,0.937
58114,11.47,35.78,3.22,1.419
58115,8.19,10.18,0.78,0.449
58121,8.4,24.18,0.84,0.693
58125,9.37,12.95,1.24,0.65
58132,8.77,13.12,1.17,0.617
58133,7.16,12.59,0.91,0.402
58147,8.86,14.03,1.17,0.569
58152,9.29,14.79,1.15,0.792
58167,8.3,11.0,1.01,0.404
58170,12.01,42.82,2.81,1.477
58171,9.21,13.17,1.44,0.703
58172,7.66,11.01,0.89,0.856
58176,9.36,10.21,1.0,0.496
58180,8.59,21.3,0.69,0.705
58181,5.83,10.34,0.63,1.101
58184,6.74,14.12,0.82,0.525
58188,5.17,11.42,0.83,-0.022
58189,8.63,13.65,1.12,0.5
58201,9.11,14.2,1.25,0.629
58212,11.05,26.28,2.48,1.57
58213,6.79,18.27,0.84,0.382
58226,9.16,13.28,1.36,0.69
58237,9.5,22.18,1.41,0.945
58242,6.26,18.52,0.76,0.407
58248,7.41,16.43,0.89,0.453
58253,9.95,11.98,1.52,0.7
58254,7.94,20.99,0.85,0.65
58263,7.13,18.84,0.84,0.503
58264,6.54,18.38,0.79,0.592
58268,6.73,20.02,0.92,0.486
58287,6.6,21.62,0.83,0.513
58289,9.53,26.05,1.34,1.0
58290,8.16,24.54,1.05,0.614
58293,8.93,37.41,1.1,1.024
58298,7.48,13.52,1.74,0.5
58301,6.68,16.79,0.74,0.349
58303,8.44,18.47,1.0,0.664
58305,9.31,11.57,1.29,0.552
58314,8.07,34.39,1.16,0.83
58315,9.05,21.92,1.1,0.802
58317,7.01,18.34,0.86,0.423
58318,9.24,11.21,1.34,0.668
58321,11.81,38.56,3.12,1.46
58327,6.8,10.14,1.01,0.392
58331,6.58,17.42,0.8,0.568
58333,8.0,15.49,0.92,0.531
58345,6.99,98.16,0.88,1.128
58348,10.34,23.15,3.47,1.023
58361,8.74,11.52,0.84,0.638
58363,7.09,18.83,0.86,0.478
58364,8.27,12.15,1.06,0.572
58368,6.93,18.41,0.89,0.413
58369,6.42,21.09,0.82,0.331
58374,8.7,38.44,1.06,0.985
58380,6.76,27.86,0.82,0.527
58384,8.44,15.62,1.56,0.575
58387,9.22,15.24,1.36,0.619
58388,6.77,11.58,0.85,0.963
58393,8.59,12.78,1.06,0.456
58395,9.15,11.94,1.22,0.747
58397,9.47,25.76,1.27,0.919
58401,8.91,31.35,1.05,0.78
58405,8.77,13.53,1.29,0.541
58406,6.93,16.51,0.87,0.413
58408,7.58,12.43,0.84,0.437
58423,8.74,10.01,1.45,0.624
58443,9.01,12.71,1.23,0.581
58451,7.92,48.04,1.03,0.974
58465,6.77,10.34,0.74,0.173
58482,6.65,10.39,0.79,0.558
58483,8.33,12.96,0.81,0.469
58502,8.48,11.14,0.96,0.879
58507,8.72,15.37,1.22,0.639
58510,5.36,11.8,0.75,-0.001
58515,10.78,20.12,1.9,1.17
58517,8.38,11.59,1.09,0.647
58523,8.53,11.74,1.12,0.561
58526,8.27,11.01,0.93,0.418
58528,8.54,11.17,1.13,0.484
58536,8.4,27.81,1.05,0.759
58551,7.84,13.21,1.8,0.307
58558,8.23,23.36,1.09,0.753
58560,9.18,28.73,1.41,0.928
58572,8.06,15.9,0.91,0.529
58576,5.54,77.48,0.8,0.76
58577,8.36,14.26,2.03,0.59
58582,8.12,15.2,1.08,0.523
58591,6.75,11.0,0.83,0.101
58599,9.49,11.06,1.48,0.566
58607,11.67,19.31,2.62,1.252
58608,10.9,22.97,2.2,1.097
58610,7.78,11.89,0.92,0.493
58615,7.84,11.09,1.04,0.563
58619,8.45,16.8,0.73,0.607
58623,9.42,14.84,1.01,0.726
58642,6.16,10.56,0.7,-0.004
58643,8.82,15.86,1.02,0.573
58649,10.03,18.18,2.13,1.072
58656,8.62,15.45,1.06,0.671
58669,6.91,17.8,1.0,0.586
58678,7.79,10.66,1.1,0.338
58684,5.22,29.48,0.8,0.283
58688,10.52,42.0,2.81,1.419
58691,9.22,16.28,1.6,0.694
58699,8.74,10.8,1.12,0.649
58702,10.1,11.11,1.52,0.607
58708,6.64,18.05,0.84,0.86
58714,7.91,13.43,1.96,0.794
58720,5.89,10.57,0.54,-0.08
58722,8.53,20.35,1.22,0.708
58725,8.66,11.84,1.11,0.692
58739,7.72,12.42,0.66,0.51
58751,7.44,17.16,1.0,0.435
58758,4.32,14.19,0.54,0.28
58770,10.05,23.18,1.75,1.098
58799,6.51,21.43,0.98,0.5
58803,5.15,41.32,0.76,0.417
58809,6.39,15.34,0.82,0.476
58813,8.07,17.96,2.07,0.645
58816,7.45,13.04,0.84,0.465
58817,10.76,25.79,1.96,1.29
58818,8.8,12.1,1.31,0.53
58823,7.69,10.55,0.63,0.271
58833,8.29,11.89,1.07,0.477
58840,9.29,13.47,1.47,0.623
58843,9.21,15.97,1.26,0.585
58863,9.85,31.56,1.53,1.072
58868,10.88,13.86,1.39,1.5
58871,9.74,15.63,1.39,0.754
58872,10.85,20.73,2.2,1.224
58874,6.27,13.11,0.5,0.56
58876,7.92,20.86,0.72,0.596
58878,7.47,16.38,0.95,0.427
58880,11.77,37.34,4.85,1.492
58903,10.52,17.72,1.35,1.13
58913,9.2,10.46,1.14,0.657
58918,10.66,18.36,2.03,1.02
58919,8.66,25.26,1.11,0.773
58923,9.69,13.09,1.12,0.689
58924,7.31,16.82,0.63,0.431
58930,9.87,10.86,1.44,0.688
58932,8.93,11.28,1.27,0.465
58936,8.37,11.69,1.09,0.466
58940,7.51,19.73,0.93,0.554
58939,9.66,11.11,1.48,0.717
58945,11.12,24.44,2.47,1.3
58948,4.12,19.08,0.77,0.967
58949,8.16,30.58,1.02,0.754
58950,7.78,27.73,0.94,0.651
58961,8.44,13.35,1.07,0.549
58968,7.91,14.12,1.04,0.463
58985,8.99,11.86,1.11,0.6
58986,10.83,21.25,2.02,1.034
58994,9.09,12.73,1.24,0.587
59000,9.99,44.41,1.51,1.336
59002,7.76,12.86,0.98,0.296
59011,7.97,11.03,1.01,0.884
59014,10.1,17.27,1.47,0.824
59015,7.49,11.11,0.99,0.36
59016,7.03,11.03,0.79,1.065
59021,6.49,19.48,1.01,0.623
59024,7.69,18.29,0.82,0.528
59027,8.76,13.06,1.23,0.594
59029,9.22,14.78,1.23,0.678
59030,7.17,15.86,0.66,0.553
59033,9.99,13.35,1.5,0.69
59051,9.39,10.73,1.16,0.645
59057,9.14,14.31,1.3,0.664
59061,7.27,10.98,0.71,0.387
59068,6.77,13.04,0.88,0.323
59072,4.14,50.79,0.51,0.353
59077,9.35,20.0,2.19,0.773
59080,8.44,22.87,1.72,0.775
59081,8.82,15.92,1.13,0.595
59087,6.93,12.78,0.82,0.513
59089,9.64,10.9,1.42,0.65
59091,9.39,10.41,0.93,0.655
59110,8.4,12.49,1.19,0.661
59111,6.81,16.09,0.63,0.465
59126,9.63,24.08,1.38,0.958
59135,6.72,30.43,0.78,0.532
59141,8.3,14.58,0.99,0.526
59143,6.72,26.07,0.75,0.613
59145,9.73,24.44,1.52,1.049
59150,8.56,12.46,1.03,0.493
59152,9.16,25.27,1.4,0.881
59156,9.03,16.09,1.1,0.704
59164,6.98,15.2,0.94,0.4
59165,8.5,10.83,1.15,0.482
59175,7.33,21.77,0.93,0.515
59176,7.79,19.47,1.95,0.513
59177,9.29,12.12,1.48,0.587
59193,8.06,15.16,1.16,0.521
59197,9.14,11.48,1.15,0.614
59198,11.25,34.6,2.58,1.409
59199,4.02,67.71,0.75,0.334
59203,7.77,10.32,0.85,0.299
59207,7.7,18.75,0.7,0.574
59213,8.69,10.37,1.04,0.459
59227,9.08,15.38,0.92,0.751
59230,9.22,10.42,1.1,0.63
59243,6.85,10.48,0.58,0.254
59247,11.04,24.05,2.13,1.29
59249,8.84,13.05,1.03,0.574
59250,7.78,14.39,0.85,0.522
59253,8.48,18.43,1.06,0.664
59257,7.93,13.17,0.82,0.532
59258,7.51,17.32,0.83,0.348
59259,8.98,19.77,1.25,0.942
59278,8.63,14.98,1.22,0.71
59280,7.46,41.07,0.98,0.794
59285,5.95,11.94,0.84,1.12
59291,6.34,13.85,0.54,0.511
59292,7.23,15.1,0.92,0.397
59294,6.87,12.26,0.59,1.032
59296,8.46,49.72,1.0,1.137
59299,8.33,12.48,1.06,0.538
59305,9.85,10.57,1.5,0.616
59309,5.72,22.81,0.86,0.352
59310,10.06,22.78,1.56,1.1
59313,6.63,13.46,0.8,0.48
59314,8.76,11.78,0.97,0.509
59315,8.16,26.43,1.03,0.707
59316,3.02,10.75,0.71,1.326
59318,9.05,20.09,1.3,0.754
59321,9.22,30.65,1.45,0.962
59330,8.59,12.8,1.01,0.568
59337,9.67,12.38,1.52,0.798
59340,8.08,11.12,0.87,0.42
59353,6.07,13.96,0.72,0.19
59356,10.42,14.3,1.52,0.855
59357,8.65,17.53,1.12,0.618
59360,6.97,10.96,0.78,0.127
59364,6.01,10.6,0.79,0.123
59366,6.85,10.09,0.93,0.28
59370,9.25,10.67,1.39,0.532
59378,10.61,47.05,1.88,1.34
59380,7.52,26.55,0.86,0.57
59382,8.07,23.31,1.09,0.773
59394,5.45,17.82,0.66,0.055
59396,6.08,11.26,0.6,0.398
59399,9.54,10.92,1.32,0.624
59405,8.03,11.98,0.96,0.433
59406,11.67,78.14,2.8,1.558
59410,8.09,10.85,0.99,0.366
59412,8.28,11.62,1.0,0.476
59417,8.2,20.11,1.02,0.626
59419,9.32,22.52,1.26,0.884
59420,8.53,14.48,1.0,0.742
59422,6.95,19.9,0.77,0.45
59425,8.21,12.26,0.89,0.486
59426,6.88,29.09,1.25,0.77
59428,10.05,15.35,1.64,0.731
59431,8.14,31.7,3.95,0.88
59432,7.96,37.72,4.17,0.88
59433,6.59,23.69,0.73,0.467
59437,8.9,11.05,1.27,0.585
59439,6.23,18.73,0.75,0.816
59440,7.3,13.88,0.83,0.406
59446,8.73,15.67,1.01,0.59
59448,6.8,18.9,0.73,0.558
59451,6.93,10.31,0.83,0.146
59455,9.82,16.82,1.29,0.708
59474,8.91,13.37,1.54,0.779
59478,8.54,11.62,1.65,0.43
59486,8.74,22.75,1.16,0.786
59489,6.47,12.4,0.73,0.428
59492,9.62,11.17,1.42,0.521
59496,10.05,35.24,1.24,1.277
59504,5.14,29.7,0.51,0.358
59514,9.71,65.29,1.47,1.38
59519,9.96,22.94,1.63,0.993
59527,8.07,10.88,0.98,0.397
59532,7.43,29.5,0.91,0.701
59533,9.16,22.82,1.02,0.846
59536,7.62,15.67,1.07,0.548
59557,9.75,18.43,1.36,1.065
59558,7.76,13.68,0.86,0.542
59572,7.92,32.3,1.02,0.792
59584,9.65,13.98,1.24,0.794
59589,7.57,29.5,0.85,0.667
59590,8.43,11.23,1.05,0.482
59604,8.9,15.0,1.03,0.672
59608,5.85,20.18,0.72,0.262
59610,7.41,26.71,0.91,0.635
59614,9.45,14.29,1.13,0.714
59616,11.46,42.1,2.48,1.491
59625,7.58,11.38,1.02,0.743
59639,8.63,31.54,0.83,0.892
59642,8.43,17.79,0.96,0.623
59646,6.91,14.16,0.93,0.903
59652,7.38,10.22,0.86,0.758
59655,8.71,21.94,1.22,0.81
59666,8.25,15.23,1.01,0.64
59676,6.56,12.04,0.75,0.277
59690,7.5,19.08,1.79,0.616
59691,9.83,13.11,1.58,0.707
59692,7.34,11.1,0.92,0.661
59707,7.47,35.56,0.83,0.711
59710,7.92,11.7,1.04,0.604
59717,8.52,10.48,1.35,0.604
59726,7.49,32.6,0.86,0.649
59735,8.27,19.65,1.07,0.582
59743,7.34,27.5,1.54,0.815
59748,10.55,43.25,2.0,1.412
59750,6.11,44.34,1.01,0.47
59767,6.27,21.48,0.54,0.346
59772,9.5,24.53,1.39,0.902
59774,3.32,40.05,0.6,0.077
59776,8.8,25.35,1.92,0.931
59778,10.11,17.63,1.21,0.843
59780,9.74,49.62,3.08,1.383
59786,8.3,12.52,1.59,0.642
59793,8.94,17.64,1.2,0.669
59801,6.53,14.39,1.19,0.46
59803,2.58,19.78,0.81,-0.107
59806,9.15,10.92,1.31,0.562
59816,9.45,38.72,3.68,1.215
59819,5.09,16.49,0.78,0.068
59821,8.91,12.69,1.26,0.565
59828,8.82,11.17,1.02,0.633
59829,8.04,13.32,1.28,0.454
59833,8.09,11.43,1.04,0.408
59843,7.46,15.16,0.86,0.411
59846,10.88,17.68,1.71,1.42
59847,4.93,13.12,0.88,0.957
59856,4.99,10.65,0.93,1.14
59862,8.43,10.52,1.03,0.484
59865,6.97,14.9,0.66,0.6
59866,8.32,14.3,0.81,0.625
59868,7.21,10.53,1.1,0.197
59869,9.56,10.51,1.36,0.607
59879,6.33,25.24,0.5,0.437
59887,9.86,13.12,1.53,0.69
59893,10.09,14.55,1.52,0.876
59901,9.11,21.75,1.27,0.835
59904,9.39,24.26,1.46,0.957
59905,10.44,19.08,1.77,1.125
59907,8.4,10.07,0.97,0.423
59913,8.97,15.88,1.07,0.7
59914,9.37,22.88,2.38,0.955
59918,10.1,16.81,1.72,0.78
59923,5.71,18.74,0.75,0.16
59924,8.8,11.02,1.28,0.594
59926,6.81,23.68,0.85,0.574
59925,10.14,29.51,1.7,1.155
59928,8.49,10.47,0.77,0.465
59929,4.06,10.8,0.48,1.603
59931,10.89,14.19,1.95,0.951
59932,9.64,11.61,1.39,0.68
59933,8.17,17.1,0.98,0.543
59937,9.91,19.47,1.26,1.01
59947,11.17,31.0,2.38,1.382
59953,11.62,25.09,2.78,1.7
59957,7.85,11.47,0.96,0.365
59960,7.8,10.89,0.9,0.458
59961,7.81,11.32,0.97,0.473
59968,8.5,12.75,0.92,0.762
59974,8.81,13.51,1.14,0.653
59977,9.38,10.48,1.51,0.646
59984,6.57,16.2,1.87,0.363
60000,4.24,12.05,0.51,-0.123
60007,7.49,16.58,0.84,0.498
60014,6.68,11.85,0.91,0.237
60016,8.76,21.99,1.11,0.841
60018,6.23,18.06,0.82,0.31
60019,7.49,14.35,0.85,0.586
60024,8.41,22.28,1.19,0.685
60025,8.69,14.54,1.23,0.523
60028,9.41,21.81,1.52,0.986
60031,7.56,15.97,0.9,0.451
60035,7.99,10.79,0.77,1.05
60039,8.04,12.14,1.02,0.57
60044,5.47,11.29,0.48,0.054
60048,7.95,22.88,0.96,0.606
60051,9.13,18.27,1.14,0.652
60052,8.25,10.86,1.04,0.435
60060,7.35,10.12,0.77,0.308
60061,8.97,18.85,1.23,0.748
60063,8.79,10.62,1.13,0.513
60066,6.44,13.14,0.71,0.18
60074,7.04,35.07,0.88,0.604
60081,8.01,19.51,1.0,0.707
60087,6.26,11.43,0.82,0.177
60093,10.62,40.58,1.94,1.439
60094,8.38,14.85,1.03,0.665
60096,8.43,12.12,1.08,0.737
60097,9.02,11.88,1.38,0.576
60098,6.38,20.12,0.77,0.523
60101,7.86,13.4,0.84,0.511
60104,10.18,18.86,1.45,1.155
60119,6.85,17.89,0.56,0.445
60121,11.12,38.33,2.21,1.562
60123,6.64,11.01,0.81,0.183
60129,3.89,13.06,0.84,0.026
60134,7.36,12.32,0.81,0.255
60141,9.56,11.01,1.35,0.653
60149,7.67,15.88,0.84,0.546
60152,8.04,15.42,0.92,0.499
60155,8.32,15.19,1.93,0.595
60168,6.16,16.5,0.72,0.306
60170,5.52,20.78,0.69,1.091
60172,4.97,11.43,0.82,1.172
60183,6.2,10.1,0.58,-0.041
60186,11.62,21.26,3.1,1.594
60187,8.49,12.63,1.16,0.571
60194,7.94,13.25,0.97,0.526
60206,9.05,13.61,1.14,0.56
60207,8.99,33.64,1.27,1.009
60217,8.07,13.5,0.87,0.528
60221,5.14,16.61,0.75,1.048
60230,7.31,20.05,0.84,0.88
60239,8.12,14.89,0.95,0.536
60249,8.35,10.53,0.98,0.466
60251,9.0,16.52,2.39,0.54
60260,3.59,14.3,0.56,1.389
60264,8.41,10.21,1.06,0.829
60265,10.95,25.72,2.16,1.572
60266,7.38,11.2,0.86,0.286
60268,8.23,24.27,0.79,0.622
60277,8.26,11.88,0.9,0.724
60286,10.32,17.04,1.51,0.863
60288,7.91,14.65,0.82,0.57
60293,9.31,11.43,1.24,0.586
60303,9.36,62.54,1.26,1.354
60304,8.51,10.76,1.08,0.463
60305,6.33,10.61,0.78,1.115
60310,8.54,41.49,1.23,1.064
60314,8.78,14.23,1.26,0.63
60317,8.27,16.24,1.15,0.596
60321,11.45,17.89,2.43,1.31
60325,9.97,22.37,1.56,1.04
60331,7.97,23.16,0.67,0.744
60336,10.37,17.04,1.78,1.03
60337,7.99,15.91,0.98,0.5
60343,11.35,33.15,2.54,1.35
60346,9.54,24.9,1.43,0.94
60347,8.53,11.47,1.07,0.47
60348,8.8,12.8,1.88,0.49
60351,4.78,11.93,0.72,0.515
60353,6.46,33.53,1.32,0.567
60355,9.53,13.7,1.33,0.8
60357,10.89,32.22,2.04,1.473
60366,8.47,18.82,1.08,0.617
60370,6.7,39.02,0.8,0.639
60388,7.47,12.27,0.92,0.468
60391,9.33,10.69,1.36,0.682
60398,11.63,55.5,2.27,1.61
60406,9.1,11.86,1.22,0.551
60411,8.87,11.27,1.15,0.548
60413,8.79,10.2,1.1,0.435
60417,6.36,19.69,0.59,0.887
60425,5.66,10.32,0.75,1.153
60427,9.76,13.36,1.3,0.845
60433,10.02,22.31,1.54,1.07
60436,7.18,16.25,0.91,0.477
60438,10.84,22.67,2.09,1.527
60440,8.68,14.6,1.13,0.501
60443,11.51,18.02,2.68,1.582
60447,8.38,12.36,1.01,0.863
60448,11.33,30.02,2.58,1.474
60457,7.87,14.17,0.99,0.898
60458,8.37,12.54,1.09,0.448
60459,7.41,10.21,0.67,0.146
60462,9.42,24.35,1.55,0.84
60475,10.39,47.11,1.95,1.442
60480,9.29,12.97,1.31,0.648
60486,7.44,12.21,0.85,0.448
60490,6.71,11.57,0.74,0.244
60497,7.75,20.05,0.88,0.557
60501,10.7,21.36,1.99,1.577
60503,6.88,12.89,0.8,0.272
60504,8.74,11.9,0.94,0.601
60505,8.81,13.41,0.78,0.724
60510,9.65,14.69,1.45,0.734
60512,9.59,16.91,1.57,0.911
60514,5.17,11.47,0.71,0.082
60519,8.06,15.03,0.98,0.475
60525,6.41,10.23,0.94,0.276
60529,8.81,18.39,1.16,0.742
60541,7.97,20.97,0.94,0.578
60543,8.59,11.67,1.16,0.487
60551,8.03,26.94,0.82,0.585
60559,11.28,112.52,2.51,1.574
60561,6.61,10.83,0.57,-0.001
60571,7.12,12.1,0.82,0.368
60574,8.12,19.43,1.03,0.664
60585,8.55,12.04,1.25,1.1
60588,7.38,23.54,0.72,0.569
60591,6.1,18.96,0.75,0.652
60595,5.95,15.49,0.75,0.043
60598,6.85,19.37,0.86,0.397
60601,6.29,20.87,0.66,0.965
60605,8.73,34.64,1.12,0.897
60607,8.82,12.61,1.29,0.573
60620,8.96,19.13,1.56,1.0
60632,9.66,10.95,1.29,0.445
60633,10.05,24.07,1.5,1.13
60635,7.69,15.27,0.89,0.488
60642,10.07,20.14,1.64,0.97
60644,6.99,25.93,0.69,0.537
60645,8.19,14.31,1.19,0.498
60646,5.01,14.35,0.6,0.955
60648,10.26,26.04,1.92,1.202
60649,8.34,11.39,1.09,0.449
60652,9.65,22.65,1.17,0.924
60653,8.72,14.82,1.03,0.636
60658,9.49,12.11,1.4,0.692
60661,10.34,25.08,1.85,1.254
60662,10.73,17.79,2.05,1.12
60665,7.15,16.19,0.81,0.505
60679,9.23,17.65,1.42,0.842
60682,9.02,10.11,1.28,0.488
60689,9.25,15.76,1.45,0.638
60690,8.29,12.51,0.97,0.486
60697,4.92,11.92,0.75,0.277
60704,10.39,26.14,1.8,0.979
60706,9.05,11.97,1.39,0.602
60718,0.77,10.17,0.67,-0.243
60729,6.25,37.5,0.72,0.674
60739,8.47,18.83,0.81,0.658
60742,4.35,19.18,0.83,1.128
60746,4.98,11.56,0.75,0.088
60749,8.45,13.84,1.86,0.657
60750,10.42,13.84,1.86,0.917
60753,7.89,11.35,0.86,0.523
60756,9.43,17.36,1.42,0.703
60759,8.24,36.32,1.93,1.042
60764,10.56,23.99,1.37,1.2
60766,8.44,10.53,1.04,0.436
60773,9.44,14.13,1.24,0.618
60779,9.28,12.99,1.34,0.58
60783,12.08,36.81,5.03,0.7
60788,9.38,19.36,1.04,0.92
60797,6.69,10.9,0.92,0.18
60802,10.67,19.66,1.72,1.13
60803,9.63,10.34,1.49,0.659
60808,8.72,27.42,1.2,0.872
60811,8.71,11.62,1.35,0.562
60813,6.23,10.9,0.86,0.43
60816,6.75,34.41,0.8,0.584
60820,8.11,10.58,0.9,0.465
60825,7.43,20.53,0.63,0.467
60829,8.31,21.67,0.93,0.71
60831,7.5,25.51,2.07,0.58
60845,6.82,20.59,1.19,0.67
60848,9.32,19.64,1.33,0.73
60851,6.05,10.28,0.6,0.022
60852,8.48,14.43,1.09,0.501
60853,9.45,35.3,1.2,0.964
60866,9.24,40.09,1.23,1.218
60870,6.15,23.68,0.72,0.92
60876,8.13,11.12,0.99,0.388
60891,6.63,12.66,0.93,0.212
60902,8.65,19.57,1.12,0.558
60904,5.29,12.06,0.84,-0.056
60910,11.99,73.77,3.67,1.668
60913,9.04,10.48,1.12,0.729
60926,8.12,11.73,0.77,0.521
60927,7.57,10.8,0.87,0.574
60930,9.06,25.66,1.34,0.784
60935,7.76,11.38,0.87,0.451
60941,5.47,15.1,0.86,0.445
60942,7.14,16.7,0.88,0.407
60946,7.73,16.82,0.77,0.635
60953,11.36,20.25,2.62,1.029
60955,9.47,11.05,1.29,0.52
60956,8.99,19.2,1.13,0.703
60957,5.68,12.84,0.77,0.093
60958,8.57,15.93,1.11,0.527
60965,2.94,37.11,0.69,-0.012
60970,11.91,43.42,3.62,0.8
60973,8.9,18.02,1.35,0.772
60976,7.86,14.39,1.12,0.452
60978,5.37,11.88,0.6,0.205
60981,9.15,12.17,1.53,0.759
60987,7.35,14.97,0.83,0.428
60988,6.21,22.15,0.67,0.536
60994,6.37,40.03,0.98,0.591
60995,8.79,10.7,1.13,0.52
61010,7.66,15.31,0.84,0.458
61016,9.08,31.4,1.41,1.015
61028,8.76,14.59,1.24,0.738
61043,11.0,22.52,1.98,1.57
61044,7.91,21.02,0.79,0.697
61052,8.98,13.9,1.35,0.597
61053,6.2,45.58,0.62,0.568
61061,8.49,17.91,1.27,0.667
61067,8.78,13.27,1.0,0.601
61071,5.47,10.49,0.83,0.056
61072,7.33,22.73,0.81,0.534
61074,8.56,12.68,1.01,0.477
61075,7.12,15.52,0.93,0.624
61082,7.88,10.13,0.88,0.261
61084,1.59,37.09,0.67,1.6
61085,9.13,10.27,1.32,0.44
61087,8.0,10.84,0.82,0.504
61088,8.13,11.28,1.16,0.594
61094,9.74,74.58,1.48,1.441
61097,9.79,26.04,1.68,1.13
61099,7.91,39.62,0.95,0.863
61100,8.08,42.13,3.11,0.941
61114,7.45,10.65,0.83,0.412
61120,7.92,12.23,1.08,0.412
61123,9.26,15.69,1.22,0.8
61128,11.09,18.69,2.06,1.104
61129,8.55,17.54,1.11,0.71
61130,10.78,16.98,2.1,1.005
61133,6.73,10.6,0.8,1.061
61135,8.09,11.41,1.06,0.344
61148,9.39,16.64,1.38,0.891
61147,7.55,11.77,0.82,0.35
61151,7.62,11.96,1.02,0.4
61153,8.24,16.44,0.98,0.574
61154,7.09,16.66,0.84,0.418
61157,7.37,11.56,0.64,0.529
61158,5.96,13.56,0.58,0.263
61173,7.31,17.66,0.92,0.644
61174,4.3,54.92,0.66,0.388
61177,8.75,15.24,0.77,0.645
61178,9.85,13.96,1.69,0.778
61189,11.02,15.97,2.19,1.567
61188,8.14,11.52,1.03,0.516
61195,9.85,13.28,1.69,0.755
61198,9.17,22.8,1.21,0.841
61199,3.84,10.07,0.52,-0.157
61203,8.12,15.35,0.82,0.633
61205,9.59,12.48,1.49,0.63
61210,8.74,10.9,1.22,0.53
61212,5.74,27.06,0.76,0.376
61220,7.34,11.68,0.94,0.429
61224,10.12,22.52,1.59,1.0
61227,8.47,13.13,0.84,0.546
61233,7.78,10.47,0.68,0.405
61234,9.54,10.46,1.38,0.504
61240,8.31,10.27,1.17,0.427
61260,7.3,14.18,0.89,0.538
61264,8.14,12.03,0.93,0.517
61272,8.41,19.12,1.41,0.71
61274,9.42,17.91,1.33,0.829
61276,10.05,22.77,1.62,1.002
61277,8.5,11.11,1.11,0.522
61280,6.7,11.81,0.76,0.237
61284,9.47,15.16,1.06,0.76
61289,10.71,20.08,2.01,1.19
61291,7.13,61.83,0.63,0.836
61293,7.5,20.83,0.63,0.571
61296,5.58,20.58,0.8,0.861
61298,8.78,19.21,1.13,0.697
61300,8.04,17.57,0.94,0.658
61308,8.18,10.62,0.92,0.553
61309,5.42,12.26,0.7,1.011
61310,7.48,18.53,0.84,0.536
61313,9.37,26.75,1.31,0.94
61317,4.24,119.46,0.83,0.588
61318,5.48,12.47,0.81,-0.035
61323,8.36,20.53,1.12,0.563
61326,8.07,14.05,0.96,0.524
61327,9.46,11.98,1.53,0.614
61328,6.38,14.85,0.73,0.428
61329,9.1,39.11,1.17,1.103
61331,8.87,19.13,1.19,0.661
61345,7.26,16.57,1.16,0.595
61346,8.39,12.37,1.0,0.44
61347,6.98,13.32,0.8,0.225
61354,8.0,12.98,0.99,0.915
61355,8.31,10.28,1.1,0.409
61357,9.63,14.52,1.45,0.839
61359,2.65,23.34,0.8,0.893
61363,9.79,30.16,1.74,1.118
61379,5.76,35.25,0.79,0.683
61382,8.91,17.35,1.23,0.715
61385,8.75,24.01,1.13,0.84
61391,8.82,31.91,1.19,0.898
61395,9.6,15.68,1.02,0.976
61396,7.21,11.35,0.56,0.249
61398,8.95,16.51,1.12,0.737
61406,9.89,27.52,3.19,1.078
61402,9.04,11.24,1.03,0.57
61413,11.4,55.79,2.75,1.429
61416,9.2,10.76,1.34,0.531
61419,7.75,15.73,1.49,0.576
61428,7.04,10.14,0.78,0.478
61436,10.6,27.56,2.05,1.552
61442,8.09,10.76,0.91,0.605
61443,6.22,21.58,0.61,0.731
61444,6.6,11.96,0.63,0.475
61451,7.84,46.19,0.91,1.024
61460,7.12,14.19,0.79,0.406
61462,9.76,10.35,1.48,0.62
61463,6.68,13.03,1.08,0.377
61464,8.5,13.16,1.11,0.462
61467,8.07,10.01,0.92,0.418
61468,5.12,28.92,0.75,0.224
61476,8.04,27.0,0.91,0.692
61481,8.52,38.08,1.11,0.95
61490,9.68,14.95,1.35,0.866
61494,7.95,15.67,0.95,0.553
61496,6.2,12.98,0.8,0.34
61498,5.78,14.91,0.75,0.003
61502,7.99,11.15,1.04,0.449
61505,7.89,21.23,0.98,0.666
61509,8.55,11.17,1.08,0.534
61517,8.57,15.69,1.27,0.73
61518,8.93,10.07,1.27,0.7
61522,9.18,20.28,0.93,0.76
61527,10.38,20.1,2.12,0.97
61529,8.99,17.41,1.09,0.673
61539,8.71,12.27,1.11,0.59
61558,5.88,14.54,0.82,0.072
61560,7.54,11.52,1.37,0.493
61563,10.98,27.8,1.6,1.306
61578,6.95,21.48,0.86,0.484
61580,8.92,18.13,1.28,0.71
61585,2.69,10.67,0.48,-0.176
61589,9.69,11.52,1.34,0.671
61595,8.08,16.94,1.91,0.714
61597,6.99,27.94,0.58,0.633
61608,8.79,16.95,1.13,0.678
61611,9.5,11.78,1.4,0.743
61619,7.34,18.98,0.88,0.495
61621,5.41,28.91,0.75,0.334
61622,3.85,24.77,0.69,0.049
61629,10.65,103.54,2.1,1.47
61630,11.05,17.16,2.12,0.876
61636,8.99,10.04,1.15,0.507
61654,9.18,12.11,1.43,0.705
61662,7.64,12.34,0.9,0.607
61665,10.28,12.49,1.87,0.884
61672,8.45,12.95,0.99,0.491
61674,7.21,15.9,0.78,0.409
61687,8.52,23.22,2.76,0.894
61688,6.0,16.07,0.74,0.31
61692,6.35,15.27,0.76,0.204
61698,8.34,16.49,1.19,0.583
61702,8.26,15.19,1.01,0.506
61704,11.61,28.18,3.1,1.582
61706,11.49,65.04,2.76,1.475
61714,8.55,10.09,1.14,0.454
61716,9.69,16.12,1.64,0.79
61723,9.29,12.65,1.04,0.644
61724,5.49,11.39,1.05,0.978
61725,8.25,10.07,1.06,0.944
61727,7.58,11.07,1.05,0.451
61729,8.56,10.86,1.21,0.625
61731,7.33,12.98,0.58,0.599
61739,8.99,23.82,1.09,0.865
61740,4.66,10.24,0.88,1.24
61743,8.9,21.66,1.33,0.893
61745,8.29,10.31,1.2,0.383
61746,9.1,10.98,1.19,0.6
61750,10.98,21.68,1.95,0.982
61774,9.39,13.48,1.42,0.71
61775,9.05,21.63,2.74,1.053
61779,8.15,12.01,0.93,0.468
61782,7.99,10.01,0.99,0.148
61788,8.83,13.32,0.94,0.577
61790,10.04,10.66,1.43,0.823
61792,9.05,37.22,2.83,1.154
61794,8.31,13.78,0.99,0.583
61797,11.45,26.02,2.9,1.412
61801,9.69,16.75,1.51,0.772
61804,8.57,17.01,1.09,0.608
61811,7.88,22.25,0.68,0.61
61816,8.94,20.81,1.63,0.816
61823,9.26,13.18,1.31,0.561
61825,9.05,10.9,1.21,0.56
61826,10.0,10.53,1.45,0.733
61832,7.99,10.66,1.09,0.544
61837,9.08,10.28,1.0,0.551
61840,7.03,18.49,0.81,0.604
61854,8.16,17.78,1.67,0.612
61858,7.26,17.06,0.91,0.539
61863,9.31,17.3,1.53,0.834
61867,7.99,11.03,0.93,0.405
61868,9.63,16.35,1.55,0.85
61872,10.41,34.67,2.03,1.299
61874,12.24,130.52,3.87,1.75
61875,7.55,13.1,0.67,0.407
61879,9.67,12.49,1.44,0.627
61881,7.68,12.41,0.97,0.398
61880,8.29,14.38,1.03,0.65
61886,8.79,15.07,0.93,0.562
61893,7.7,11.07,1.0,1.137
61901,7.91,69.94,1.1,1.109
61902,6.94,11.36,0.82,0.286
61907,9.34,21.84,1.36,0.882
61911,8.08,12.42,0.79,0.533
61914,8.56,10.19,1.08,0.429
61917,7.85,13.26,1.2,0.807
61921,8.57,14.18,1.14,0.57
61926,9.23,10.21,1.34,0.529
61928,7.86,14.35,0.97,0.538
61932,2.2,25.01,1.01,-0.023
61937,6.22,14.6,0.8,0.192
61939,9.07,28.84,1.42,0.94
61940,9.11,17.51,1.25,0.737
61941,2.74,84.53,1.18,0.368
61944,9.85,12.44,1.51,0.658
61946,8.27,43.06,0.82,0.955
61947,11.91,26.86,3.27,1.582
61951,6.02,15.08,0.81,0.397
61954,9.72,14.06,1.41,0.695
61960,4.88,27.1,0.82,0.076
61968,5.57,13.37,0.78,0.002
61971,8.06,12.33,1.0,0.747
61974,9.25,15.38,0.94,0.615
61977,8.14,11.22,1.0,0.475
61984,8.72,14.32,1.18,0.6
61985,9.4,15.55,1.33,0.758
61986,9.28,24.34,2.48,1.071
61992,8.01,10.23,0.98,0.51
61995,6.64,17.57,0.82,1.074
61998,8.44,27.45,1.13,0.715
61999,9.48,10.93,1.42,0.616
62012,4.66,17.31,0.65,1.075
62013,7.73,14.27,0.92,0.47
62014,9.32,11.44,1.37,0.592
62016,8.04,32.71,1.09,0.795
62017,7.48,13.63,0.92,0.389
62019,9.05,13.2,1.33,0.625
62034,8.36,12.45,1.82,0.658
62036,9.06,27.14,1.22,0.929
62039,7.83,21.51,0.84,0.675
62042,9.17,12.48,1.43,0.567
62043,7.76,12.69,0.83,0.444
62055,8.72,10.36,0.89,0.511
62057,9.66,17.86,1.38,0.808
62063,8.88,13.61,1.35,0.638
62072,7.64,12.92,0.68,0.388
62081,6.43,13.9,0.81,0.242
62091,8.43,12.32,1.13,0.521
62093,9.13,13.95,1.29,0.73
62095,9.84,15.41,1.28,0.79
62102,7.62,10.16,0.9,0.307
62103,5.91,14.26,0.77,0.85
62107,7.53,37.96,1.01,0.664
62111,9.04,10.88,1.45,0.618
62113,7.72,10.15,0.93,0.353
62118,9.47,21.0,1.23,0.819
62124,8.78,22.9,1.65,0.839
62125,6.96,13.17,0.82,0.309
62127,8.29,19.05,1.12,0.672
62129,8.68,11.89,1.3,0.592
62140,7.09,10.77,1.18,0.315
62141,6.76,12.55,0.82,0.185
62145,7.01,66.4,0.78,0.936
62160,10.62,21.52,1.84,1.278
62162,7.59,15.38,1.17,0.479
62172,6.34,10.94,0.69,0.469
62174,8.18,10.71,1.09,0.513
62175,8.01,22.1,0.81,0.662
62178,8.3,19.23,1.07,0.576
62180,8.56,12.84,1.13,0.498
62190,9.01,13.91,1.16,0.759
62198,9.04,12.4,1.31,0.66
62207,5.95,57.57,0.64,0.557
62209,7.35,10.79,0.67,0.13
62222,8.88,11.85,1.23,0.699
62229,7.82,49.71,0.95,0.937
62246,8.18,14.03,1.04,0.575
62250,8.57,10.88,1.0,1.079
62249,7.72,17.11,1.11,0.43
62252,9.36,15.64,1.46,0.748
62256,8.45,12.62,1.07,0.47
62267,5.22,13.36,0.77,0.322
62268,4.69,26.17,0.59,1.049
62277,7.13,20.35,0.83,0.445
62304,8.05,21.42,1.1,0.654
62322,3.04,10.48,0.65,-0.178
62325,5.65,22.36,1.0,0.989
62329,7.29,14.11,1.07,0.888
62333,8.79,33.82,1.23,1.096
62342,8.7,11.39,1.0,0.59
62345,6.87,32.79,0.93,0.695
62349,6.83,22.98,0.85,0.54
62350,8.66,16.81,1.32,0.63
62352,9.02,10.52,1.52,0.659
62356,5.12,10.13,0.8,1.346
62366,9.52,12.23,1.47,0.6
62371,7.69,12.89,1.18,0.703
62378,7.41,11.39,0.86,0.515
62384,8.38,12.98,1.1,0.589
62394,6.11,13.41,0.93,0.122
62402,5.88,15.85,0.52,0.215
62403,8.52,27.81,1.45,0.798
62406,9.86,34.19,1.61,1.274
62408,7.23,14.53,0.95,0.674
62410,8.82,11.91,1.23,0.637
62421,6.27,15.09,0.77,0.538
62433,7.66,12.58,0.93,0.488
62435,9.7,19.46,1.49,0.999
62437,6.82,15.36,0.74,0.387
62439,7.25,11.79,0.93,0.369
62438,7.73,16.97,0.86,0.505
62452,11.39,121.78,2.9,1.563
62453,8.1,11.46,1.16,0.553
62454,11.38,24.14,2.4,1.567
62467,8.22,13.71,1.12,0.611
62468,7.99,11.71,0.85,0.553
62472,8.9,50.31,3.19,1.149
62474,9.1,10.98,1.5,0.717
62487,8.88,12.58,1.04,0.522
62492,8.02,14.05,1.05,0.502
62500,5.65,10.73,0.74,0.947
62505,7.93,47.19,1.93,0.946
62507,8.77,10.11,1.14,0.6
62509,9.31,19.94,1.66,0.743
62512,5.83,41.39,3.2,0.467
62523,6.29,58.23,0.99,0.703
62527,7.36,26.32,0.65,0.633
62534,7.59,34.63,0.8,0.701
62535,7.79,11.95,1.06,0.584
62536,7.1,27.61,0.96,0.66
62540,9.64,19.27,1.61,0.9
62544,8.84,16.94,1.23,0.617
62556,10.94,98.14,1.67,1.626
62583,8.01,11.96,0.96,0.627
62585,7.56,17.71,1.19,0.579
62598,9.02,12.73,0.87,0.69
62607,8.13,30.12,0.91,0.686
62627,10.04,19.87,1.16,0.995
62632,8.25,10.48,1.05,0.707
62636,6.99,20.64,0.9,0.432
62639,8.42,11.96,1.0,0.533
62645,9.25,15.16,1.25,0.678
62647,10.66,25.08,2.22,1.265
62652,9.32,11.6,1.44,0.652
62659,8.49,15.23,1.09,0.676
62661,7.61,19.56,0.96,0.603
62663,8.94,10.99,1.51,0.66
62665,7.96,15.18,1.0,0.48
62681,8.35,14.19,1.11,0.662
62686,9.2,27.58,3.39,1.02
62687,8.49,92.75,0.96,1.409
62699,8.78,17.28,1.23,0.738
62706,7.89,13.0,1.01,0.434
62724,7.22,14.7,0.84,0.441
62735,11.06,17.65,2.46,1.094
62737,11.28,16.52,1.79,1.57
62739,9.11,21.75,1.4,0.84
62744,9.44,20.23,1.55,0.841
62758,9.09,26.54,1.45,0.889
62763,4.93,10.62,0.9,0.681
62766,8.61,13.16,1.81,0.7
62769,8.14,11.93,1.04,0.71
62772,10.51,23.19,1.84,1.326
62775,9.95,12.19,1.8,0.807
62776,7.83,17.53,0.85,0.539
62787,9.25,15.26,1.38,0.724
62788,6.14,16.62,0.72,0.232
62794,9.91,25.14,1.74,1.182
62800,8.32,15.22,1.17,0.62
62805,8.87,12.48,1.37,0.546
62809,8.48,22.09,1.07,0.616
62816,8.48,18.78,0.98,0.632
62839,8.65,13.8,0.85,0.581
62841,8.37,14.09,0.91,0.574
62847,9.46,28.08,1.44,1.08
62850,9.43,14.97,0.98,0.752
62854,8.9,10.76,1.06,0.501
62857,7.66,18.22,0.9,0.623
62858,9.51,10.99,1.42,0.504
62859,10.21,29.75,1.65,1.11
62860,7.66,17.11,1.02,0.511
62867,4.33,10.77,0.64,1.344
62871,8.76,13.63,1.28,0.576
62872,7.61,15.2,0.95,0.478
62875,6.11,30.75,0.78,0.493
62882,8.36,12.48,1.38,0.55
62886,4.89,10.06,1.1,0.904
62892,9.64,13.23,1.45,0.79
62896,4.25,21.03,0.78,0.224
62904,6.42,22.71,0.9,0.805
62921,8.53,20.29,1.27,0.658
62922,8.43,12.36,1.16,0.494
62923,8.02,15.34,1.56,0.508
62925,7.69,20.9,0.9,0.52
62933,6.25,16.4,0.78,0.282
62935,8.54,11.42,1.02,0.705
62942,8.24,38.12,1.44,0.853
62956,1.76,40.3,0.62,-0.022
62972,6.25,13.43,0.86,0.207
62978,7.34,12.72,1.34,0.57
62979,9.88,20.57,1.36,0.915
62983,6.0,14.98,0.82,0.068
62987,10.95,13.13,1.78,0.821
62988,8.38,10.86,1.18,0.534
63008,6.99,29.19,1.6,0.576
63009,8.93,11.71,1.32,0.728
63023,10.41,24.08,1.66,1.186
63032,9.69,18.88,1.49,0.846
63033,5.89,25.17,0.76,0.633
63041,8.05,10.38,0.81,0.383
63048,7.8,23.84,1.0,0.665
63053,8.97,11.21,1.19,0.47
63059,8.74,10.07,1.02,0.649
63062,7.69,14.34,1.05,0.409
63063,9.93,19.28,1.71,0.809
63070,7.25,16.95,0.83,0.797
63071,8.9,12.66,0.99,0.853
63075,8.39,15.6,1.05,0.58
63076,5.23,34.67,0.53,0.303
63090,3.39,16.11,0.88,1.571
63091,9.19,14.76,1.58,0.708
63099,7.65,19.17,0.84,0.472
63116,8.9,11.17,1.23,0.467
63123,7.0,10.08,0.81,0.103
63125,2.89,29.6,1.04,-0.115
63130,9.77,15.93,1.08,0.794
63132,9.51,16.45,1.52,0.801
63142,7.22,13.09,0.94,0.891
63143,5.84,12.74,0.68,0.204
63147,8.75,17.21,1.58,0.753
63149,9.3,11.86,1.32,0.568
63151,7.24,12.84,1.05,0.332
63155,6.62,13.59,1.93,0.476
63157,10.04,32.79,1.48,1.233
63172,11.1,15.99,2.21,1.565
63181,10.05,24.99,1.55,1.06
63197,8.19,13.47,0.99,0.445
63199,9.71,10.7,1.4,0.587
63205,7.7,19.35,0.87,0.554
63207,9.74,17.52,1.8,0.821
63216,7.7,10.17,0.66,0.387
63229,8.2,12.57,1.55,0.569
63232,8.09,12.16,0.63,0.462
63235,6.91,16.94,0.85,0.454
63239,9.82,13.68,1.59,0.751
63240,7.1,11.23,1.14,0.491
63248,7.95,11.63,1.05,0.516
63249,8.31,11.61,1.03,0.599
63253,10.57,55.27,3.15,1.423
63257,9.11,43.13,1.32,1.118
63280,7.52,11.39,0.92,0.34
63286,6.95,16.71,0.85,0.343
63317,8.67,22.5,1.45,0.738
63319,9.4,11.2,1.42,0.636
63320,6.94,13.39,0.85,0.256
63322,9.28,26.24,1.75,0.852
63330,7.21,17.1,0.84,0.594
63346,8.07,29.07,0.7,0.676
63347,9.59,11.94,1.66,0.649
63353,9.79,30.29,1.72,1.221
63354,8.13,18.99,0.98,0.554
63355,4.76,10.91,0.88,1.568
63366,7.54,47.6,0.86,0.769
63372,7.85,11.06,0.93,0.294
63387,8.01,11.22,1.21,0.605
63388,10.24,18.28,1.7,0.9
63404,9.41,22.66,1.44,1.104
63405,7.16,12.3,0.92,0.449
63406,8.6,41.36,1.48,0.94
63407,8.15,10.5,1.15,0.448
63411,7.65,15.88,0.8,0.486
63414,5.79,10.95,0.85,0.203
63415,9.72,10.5,1.24,0.71
63419,8.7,24.67,1.05,0.779
63421,11.85,30.26,3.66,1.354
63423,7.23,11.88,0.89,0.507
63426,9.33,14.12,1.42,0.686
63440,7.91,17.09,1.0,0.539
63453,7.53,10.79,0.84,0.261
63460,7.49,15.4,0.88,0.501
63467,9.78,38.71,1.61,1.185
63477,7.52,13.53,0.87,0.433
63483,9.07,10.05,0.83,0.464
63490,6.01,24.98,0.94,0.386
63491,6.58,18.23,0.72,0.298
63493,8.24,11.2,1.06,0.451
63496,8.32,13.26,1.21,0.726
63497,6.2,24.49,0.78,0.466
63503,4.93,40.06,0.6,0.368
63506,11.36,24.13,2.36,1.577
63508,8.4,11.98,1.13,0.421
63510,9.76,87.5,1.51,1.448
63522,7.78,10.13,0.74,0.392
63530,7.56,22.44,0.91,0.569
63531,7.23,11.5,0.82,0.253
63532,9.51,15.05,1.56,0.724
63535,9.09,13.17,0.88,0.653
63545,9.67,18.6,1.32,0.874
63548,8.97,18.25,1.18,0.736
63550,10.92,59.46,2.13,1.49
63553,8.51,11.15,1.17,0.435
63559,8.04,18.51,1.12,0.55
63562,7.86,11.1,0.83,0.412
63569,7.2,14.38,0.86,0.411
63577,9.7,10.87,1.41,0.596
63581,10.19,18.4,1.64,0.978
63584,6.01,26.72,0.53,0.427
63593,8.7,10.56,1.02,0.552
63599,7.45,10.37,0.83,0.352
63608,2.85,31.9,0.87,0.934
63613,3.61,35.91,0.73,1.19
63618,8.35,56.87,1.11,1.216
63622,8.1,10.15,0.94,0.523
63625,7.82,14.8,0.69,0.465
63636,7.51,31.86,0.84,0.655
63644,9.19,11.28,1.43,0.589
63645,9.58,12.99,1.37,0.735
63651,7.84,11.31,0.95,0.435
63664,8.7,10.2,0.99,0.865
63673,8.65,12.53,1.09,0.52
63694,10.48,18.04,1.79,0.94
63702,9.1,11.96,0.95,0.547
63708,7.43,16.96,0.97,0.493
63724,4.83,14.97,0.68,0.029
63732,7.88,12.98,0.94,0.623
63734,7.74,18.11,1.02,0.573
63738,5.58,34.89,1.33,0.554
63739,10.52,18.29,1.49,0.876
63742,7.69,45.2,1.27,0.847
63754,8.49,18.31,1.84,0.807
63759,8.93,31.61,1.6,1.05
63762,8.77,41.12,0.76,1.102
63774,8.07,10.56,0.89,0.617
63778,8.56,16.26,1.17,0.595
63784,10.62,18.01,1.5,0.95
63792,8.97,15.05,1.13,0.59
63797,8.48,10.59,1.04,0.735
63798,8.69,15.63,1.15,0.585
63809,11.44,29.28,3.88,1.44
63810,7.07,14.07,0.79,0.979
63816,10.7,31.44,3.62,1.577
63831,9.72,19.53,1.45,0.95
63833,9.05,63.66,1.34,1.362
63839,6.64,10.52,0.64,0.006
63840,8.09,14.87,1.08,0.626
63851,7.71,11.13,0.97,0.854
63857,9.8,11.86,1.34,0.8
63862,8.33,22.11,1.15,0.678
63878,7.95,11.48,0.9,0.458
63880,9.25,16.64,1.5,0.877
63881,8.8,14.59,1.1,0.683
63890,9.04,14.59,1.33,0.67
63893,8.53,10.41,0.74,0.572
63894,9.26,45.69,1.25,1.168
63901,5.2,11.55,0.67,-0.059
63902,8.02,13.79,1.14,0.478
63903,7.06,11.33,0.85,0.458
63905,8.37,21.98,1.13,0.692
63909,9.09,14.67,1.08,0.616
63912,8.93,10.26,0.94,0.41
63920,11.09,19.52,1.56,1.6
63931,8.9,11.58,1.24,0.63
63942,9.44,53.78,2.38,1.29
63948,6.0,20.03,1.35,0.393
63951,6.83,10.6,1.07,0.313
63953,9.54,12.74,1.38,0.634
63970,10.07,12.74,1.66,0.518
63973,8.48,30.6,1.22,0.813
63977,8.48,19.94,1.12,0.6
63983,9.83,13.07,1.73,0.732
63989,9.16,10.3,1.34,0.664
63995,8.77,19.09,0.87,0.717
63998,10.49,14.0,1.17,1.121
64003,5.63,14.22,0.8,0.05
64005,8.81,12.02,1.19,0.625
64006,7.31,20.66,0.95,0.469
64011,8.49,15.93,1.05,0.602
64012,9.68,10.43,1.23,0.58
64020,9.08,12.34,1.15,0.629
64022,4.8,10.75,0.75,1.482
64026,8.65,12.46,1.23,0.482
64028,8.14,18.92,1.06,0.712
64035,8.46,16.37,1.07,0.632
64038,8.79,11.67,1.17,0.61
64041,8.15,15.12,1.06,0.574
64043,11.21,19.47,2.26,1.223
64048,9.28,41.9,1.52,1.178
64051,7.46,13.49,1.0,0.446
64053,5.7,10.06,0.65,-0.061
64056,7.74,14.64,0.91,0.465
64057,8.15,27.3,1.2,0.689
64058,8.75,22.58,1.3,0.746
64059,8.55,26.15,1.31,0.77
64064,8.62,12.08,1.08,0.464
64076,8.5,20.75,0.75,0.634
64078,5.15,10.66,0.84,1.138
64079,9.44,14.52,1.21,0.689
64080,9.86,15.4,1.19,0.683
64091,8.76,23.7,1.22,1.035
64103,9.67,14.41,1.48,0.702
64104,8.37,14.6,1.7,0.756
64109,8.2,27.1,0.69,0.721
64111,6.85,10.67,0.78,0.325
64113,11.83,39.12,4.13,1.575
64119,8.09,10.58,0.69,0.617
64125,9.39,19.08,1.28,0.811
64128,10.32,19.67,1.59,0.989
64131,8.56,20.43,1.09,0.606
64134,10.57,19.1,1.82,1.009
64135,7.53,11.07,0.83,0.488
64142,8.66,10.97,1.53,0.513
64150,6.78,38.07,0.88,0.667
64158,10.16,15.8,1.49,0.796
64166,4.94,14.14,0.8,1.048
64167,10.09,11.65,1.66,0.895
64175,8.32,14.65,1.98,0.64
64177,8.06,11.2,0.91,0.484
64180,10.57,33.94,1.87,0.879
64182,8.13,16.9,1.09,0.616
64184,8.2,12.04,0.95,0.445
64185,9.82,23.84,1.15,1.099
64186,9.8,15.92,2.07,0.73
64203,10.3,19.8,2.18,1.125
64206,8.73,15.65,1.04,0.567
64208,7.03,18.57,0.64,0.6
64212,6.01,10.89,0.76,1.169
64214,8.36,14.81,1.04,0.53
64219,7.36,36.82,0.85,0.718
64233,8.55,13.05,1.3,0.502
64235,9.6,12.04,1.45,0.623
64246,5.91,16.12,0.81,0.294
64250,9.16,14.3,1.13,0.745
64254,9.04,14.17,1.45,0.61
64259,9.15,11.38,1.25,0.809
64262,9.31,35.87,1.44,1.022
64264,8.55,12.23,1.16,0.559
64275,8.88,29.73,0.87,0.923
64292,9.1,19.24,1.24,0.777
64295,8.73,35.66,1.32,0.982
64297,9.8,12.88,1.34,0.732
64302,6.89,12.71,0.79,0.486
64303,7.84,27.12,1.51,0.756
64310,8.0,12.92,0.95,0.445
64323,8.54,10.78,1.17,0.516
64326,7.12,10.32,0.83,0.345
64332,5.78,10.89,0.94,0.521
64344,9.17,13.63,1.17,0.66
64345,8.72,16.36,1.15,0.622
64347,7.49,10.53,0.64,0.475
64348,5.24,14.76,0.68,1.049
64368,8.32,10.11,0.95,0.427
64372,8.59,10.42,1.54,0.3
64384,8.4,18.05,1.17,0.632
64386,9.86,14.3,1.92,1.06
64390,5.92,22.67,0.59,0.415
64394,4.23,109.23,0.72,0.572
64405,6.71,12.82,1.48,0.48
64408,4.85,48.83,0.79,0.693
64407,5.04,30.72,0.8,0.46
64412,8.22,10.04,0.98,0.402
64420,8.42,10.47,1.07,0.468
64426,7.3,24.65,1.44,0.525
64428,9.77,26.75,1.45,1.031
64436,10.16,14.71,1.66,0.961
64441,9.52,33.89,1.49,1.04
64443,9.76,21.3,2.53,0.748
64444,7.76,13.3,1.24,0.53
64446,8.87,11.64,1.3,0.586
64451,8.66,12.63,1.62,0.5
64453,7.39,13.71,0.78,0.35
64457,7.56,48.95,1.06,0.93
64459,6.68,28.57,0.97,0.591
64461,8.07,16.9,0.99,0.573
64466,5.91,11.45,0.61,0.048
64469,8.54,15.72,0.96,0.594
64475,8.03,37.45,1.1,0.923
64478,6.18,25.12,0.72,0.592
64484,6.83,16.41,0.75,0.474
64496,6.1,10.98,1.17,1.201
64497,8.92,14.16,1.19,0.684
64499,8.28,20.23,1.21,0.735
64500,9.35,12.56,1.09,0.721
64498,7.56,16.02,1.53,0.539
64502,8.41,11.54,0.94,0.545
64511,7.57,13.22,0.91,0.47
64527,6.57,11.36,0.52,0.088
64532,6.82,38.92,0.67,0.603
64535,8.68,12.33,1.36,0.648
64538,8.55,17.43,0.96,0.64
64537,9.14,15.44,1.38,0.798
64544,8.62,12.98,1.1,0.649
64550,6.93,40.87,0.84,0.643
64551,7.3,12.55,0.9,0.466
64566,8.59,10.86,1.31,0.83
64570,9.08,10.4,1.5,0.575
64573,8.18,21.74,2.08,0.817
64575,9.24,10.17,1.28,0.508
64577,5.31,25.89,0.73,0.862
64583,4.9,55.49,0.65,0.489
64594,9.04,13.11,1.27,0.66
64597,7.81,11.64,1.06,0.512
64599,9.42,12.39,1.19,0.606
64600,11.21,25.04,1.64,1.4
64615,8.68,11.9,1.39,0.455
64621,8.81,11.88,0.86,0.605
64623,5.84,12.58,0.94,1.061
64626,9.72,17.87,1.19,0.813
64638,7.02,25.81,1.17,0.683
64639,8.99,10.57,1.04,0.471
64655,7.27,18.64,0.53,0.53
64656,8.53,10.05,1.06,0.66
64659,7.79,12.41,1.06,0.795
64668,9.05,16.01,1.1,0.6
64670,8.32,12.49,0.89,0.468
64673,8.33,16.12,1.2,0.63
64679,9.74,15.48,1.09,0.747
64680,9.02,11.73,1.07,0.614
64682,6.37,10.65,0.62,1.21
64685,9.81,13.95,1.47,0.768
64690,7.11,40.52,0.56,0.71
64688,8.06,22.7,0.96,0.705
64692,5.77,13.32,0.78,0.198
64694,10.22,12.11,1.6,0.82
64695,9.44,11.68,1.68,0.65
64698,8.42,18.8,1.16,0.667
64701,7.94,13.76,0.85,0.503
64703,9.56,16.2,1.3,0.8
64713,9.26,14.34,1.17,0.664
64714,9.49,16.18,1.38,0.725
64721,8.74,16.05,1.72,1.0
64725,5.21,25.68,0.75,1.011
64726,8.39,20.58,0.96,0.616
64738,8.11,10.18,0.9,0.59
64747,8.29,22.39,0.98,0.64
64751,6.46,10.63,0.79,0.972
64761,8.24,22.69,1.11,0.717
64763,11.78,26.53,2.99,1.397
64765,8.86,10.91,1.36,0.342
64779,6.43,11.65,0.91,0.274
64780,9.36,17.87,1.32,0.747
64783,7.84,19.6,1.12,0.588
64790,6.06,25.74,1.18,0.431
64792,5.19,55.71,0.85,0.585
64794,8.42,18.34,1.3,0.63
64797,6.49,89.07,0.99,0.926
64799,7.44,14.57,0.82,0.374
64803,5.1,13.21,0.76,0.959
64804,8.06,22.67,1.57,0.74
64819,8.14,10.89,1.05,0.466
64822,5.82,17.12,0.83,0.187
64823,5.33,10.94,1.0,1.304
64826,7.67,16.33,0.89,0.526
64834,6.89,12.61,0.76,0.338
64837,8.28,12.37,1.08,0.478
64838,6.36,13.45,0.77,0.26
64844,4.72,11.39,0.69,0.306
64848,9.12,18.43,1.2,0.747
64861,9.68,21.71,0.91,0.872
64865,7.25,10.21,0.91,0.516
64872,8.69,25.82,1.14,0.817
64880,11.28,46.25,2.12,1.356
64882,7.04,11.81,0.63,0.267
64890,7.96,15.36,0.79,0.423
64895,10.88,36.04,2.22,1.344
64898,9.26,10.52,1.13,0.529
64900,9.31,13.38,1.32,0.573
64901,7.57,12.63,0.57,0.413
64905,9.57,14.98,1.68,0.864
64906,5.14,11.85,0.63,-0.049
64921,7.07,11.71,0.6,0.205
64922,8.47,10.49,0.96,0.455
64923,9.33,10.19,1.22,0.737
64924,4.74,117.3,0.71,0.709
64928,8.1,14.98,1.83,1.068
64934,9.43,24.54,1.78,0.907
64939,8.44,13.37,1.09,0.63
64941,8.6,11.08,1.27,0.654
64944,7.46,14.05,0.87,0.611
64949,10.24,11.94,1.61,0.73
64950,8.13,13.2,0.95,0.425
64955,8.52,16.57,1.11,0.71
64957,8.96,16.64,1.4,0.746
64962,2.99,24.69,0.7,0.92
64965,10.84,27.87,2.53,1.009
64966,8.96,12.54,1.29,0.652
64970,8.12,11.86,1.03,0.561
64972,8.38,11.07,0.79,0.852
64976,7.19,11.18,0.82,0.573
64979,6.01,15.34,0.74,0.277
64982,7.79,10.59,1.14,0.483
64984,7.69,29.57,1.01,0.671
64993,8.86,14.76,1.23,0.63
64996,8.26,17.13,1.0,0.511
65010,7.63,16.11,1.51,0.491
65011,9.48,75.96,3.31,1.47
65016,10.62,57.52,2.3,1.469
65018,9.6,11.69,1.67,0.7
65026,8.48,96.41,2.02,1.469
65034,9.01,12.65,1.24,0.536
65036,7.43,23.05,0.7,0.742
65040,9.77,15.43,1.32,0.654
65042,8.34,11.78,0.97,0.684
65046,6.73,18.25,0.85,0.519
65049,8.01,19.81,0.96,0.708
65057,7.96,13.83,0.73,0.635
65069,7.17,13.07,0.87,0.569
65070,8.15,12.17,0.69,0.451
65077,9.45,10.52,1.39,0.605
65078,8.75,18.06,1.35,0.654
65083,11.6,48.18,3.05,1.51
65085,7.3,17.27,0.87,0.416
65091,8.12,29.08,0.95,0.817
65100,8.54,21.87,1.02,0.667
65101,7.59,11.68,0.85,0.423
65109,2.75,55.64,0.74,0.068
65114,8.4,16.84,0.98,0.576
65116,8.37,24.36,1.23,0.645
65120,11.62,25.43,3.64,1.49
65121,8.58,32.83,1.08,0.939
65126,8.72,12.36,1.26,0.569
65133,9.9,26.22,1.68,1.14
65135,6.51,20.6,0.84,0.424
65137,9.67,11.67,1.46,0.71
65141,9.32,12.78,1.38,0.642
65143,10.62,62.13,1.76,1.512
65146,9.65,14.9,1.59,0.747
65155,8.58,10.43,1.24,0.605
65163,7.2,10.1,0.91,0.872
65165,8.48,25.29,0.82,0.76
65174,8.99,13.36,1.02,0.558
65176,7.37,18.86,1.49,0.582
65183,6.21,11.28,0.68,0.098
65198,5.69,15.32,0.8,0.045
65201,8.8,15.54,1.44,0.45
65208,7.44,13.43,0.92,0.338
65216,8.27,16.67,1.15,0.571
65218,7.12,16.68,0.88,0.621
65222,9.24,10.04,1.24,0.6
65224,7.08,11.11,0.85,0.243
65232,8.71,14.98,1.32,0.594
65241,5.89,15.7,0.72,0.109
65257,7.1,14.32,0.88,0.434
65264,10.02,10.63,1.49,0.71
65265,6.63,16.9,0.88,0.692
65268,7.64,19.04,0.95,0.485
65275,8.07,17.4,0.91,0.721
65276,9.26,18.15,1.19,0.79
65287,8.72,11.14,0.76,0.524
65291,9.61,11.25,1.42,0.716
65301,5.36,10.2,0.73,0.987
65302,7.88,29.33,0.64,0.667
65308,8.7,15.57,1.12,0.557
65312,7.81,10.27,1.04,0.531
65327,9.69,39.84,1.44,1.262
65333,8.71,13.02,1.13,0.552
65336,8.12,12.39,0.68,0.52
65343,8.88,53.97,2.13,1.321
65346,9.28,16.96,1.35,0.749
65352,7.06,62.41,1.41,0.78
65355,7.35,59.56,2.59,0.869
65356,8.18,18.68,1.04,0.661
65362,11.78,28.56,3.16,1.362
65363,7.86,20.59,0.93,0.576
65377,8.5,13.09,1.11,0.518
65378,2.23,41.73,0.61,0.057
65383,9.51,11.05,1.35,0.698
65387,4.52,12.69,0.52,0.822
65390,9.33,15.51,1.28,0.684
65403,9.09,11.5,1.25,0.738
65407,9.38,15.37,1.29,0.804
65420,5.76,33.23,1.33,0.415
65423,9.59,10.28,1.5,0.657
65427,11.11,17.9,2.11,1.115
65429,7.24,21.62,0.56,0.7
65433,7.25,18.68,0.67,0.849
65459,7.73,10.11,0.95,0.324
65462,8.75,13.75,0.99,0.566
65466,5.75,12.82,0.88,0.09
65468,5.04,14.51,0.51,1.11
65469,10.0,25.49,1.52,1.02
65470,7.89,15.28,0.69,0.452
65472,8.4,18.19,0.99,0.609
65474,0.98,12.44,0.86,-0.235
65477,3.99,40.19,0.57,0.169
65479,5.32,25.45,0.54,0.411
65485,9.31,20.54,1.13,0.777
65500,11.11,27.42,2.29,1.392
65508,9.14,11.33,1.25,0.557
65515,7.29,45.76,0.72,0.804
65518,8.26,20.4,1.53,0.721
65520,11.04,61.5,2.29,1.522
65530,6.5,46.86,0.55,0.739
65535,5.11,15.73,0.76,1.181
65539,6.85,12.62,1.03,0.356
65545,5.97,13.3,0.84,0.183
65548,9.35,10.35,1.33,0.763
65553,8.86,12.13,1.39,0.556
65557,6.87,17.6,0.85,0.944
65574,8.77,32.95,1.31,0.92
65579,9.38,13.4,1.36,0.641
65583,8.01,13.56,0.99,0.51
65589,8.25,11.77,1.41,0.63
65595,5.74,11.15,0.46,0.769
65598,8.94,13.04,1.22,0.598
65602,8.72,34.38,1.08,0.911
65603,6.64,14.83,0.55,0.383
65613,7.01,15.3,0.59,0.407
65626,9.64,21.3,1.37,0.936
65627,9.13,12.06,1.14,0.64
65632,11.42,25.48,2.71,1.33
65636,9.93,27.43,1.58,1.092
65639,4.76,12.63,0.75,1.096
65640,8.76,36.27,1.12,0.999
65641,8.42,19.26,1.11,0.692
65645,8.2,10.78,1.06,0.541
65646,10.72,18.9,2.38,0.977
65651,10.79,19.69,2.01,1.203
65654,9.56,11.33,1.46,0.552
65669,11.76,48.04,2.95,1.515
65674,10.19,26.85,1.93,1.21
65678,6.34,10.03,0.61,0.259
65683,8.86,11.68,1.1,0.499
65696,7.76,12.94,1.01,0.434
65701,8.18,17.03,1.06,0.563
65706,11.21,20.74,1.97,1.577
65708,7.44,21.79,0.9,0.651
65711,8.04,16.7,0.95,0.568
65714,11.23,70.62,2.4,1.539
65718,7.31,11.86,0.91,0.404
65721,4.97,55.22,0.73,0.714
65726,7.33,10.17,0.84,0.461
65725,7.37,18.07,1.51,0.54
65728,5.4,13.79,0.55,-0.01
65737,7.2,28.02,0.99,0.583
65742,7.7,12.03,0.96,0.415
65747,8.34,15.1,1.11,0.682
65750,10.26,13.54,1.57,0.753
65754,6.42,12.87,0.61,0.404
65756,7.94,13.88,0.99,-0.2
65758,9.19,17.94,0.94,0.75
65759,8.29,13.11,1.04,0.488
65771,7.91,11.28,0.7,0.408
65775,7.64,25.0,0.87,0.594
65780,8.46,18.34,1.51,0.82
65781,8.11,14.71,1.24,0.588
65779,8.54,12.32,1.08,0.551
65783,6.09,11.33,0.63,0.117
65785,9.11,13.09,1.41,0.541
65789,7.79,13.31,0.97,0.553
65790,5.65,11.99,0.77,1.052
65808,7.26,30.29,0.92,0.724
65816,8.73,12.58,1.16,0.529
65817,8.65,11.27,1.1,0.523
65839,6.59,11.84,0.85,0.284
65859,9.05,131.12,1.29,1.493
65861,8.71,12.38,1.13,0.523
65864,9.61,10.9,0.89,0.632
65867,7.23,10.57,0.95,1.022
65870,7.87,16.33,0.95,0.533
65875,8.08,10.3,1.19,0.498
65877,12.31,55.5,3.77,0.026
65882,8.76,12.72,1.25,0.494
65884,10.01,13.22,1.39,0.674
65892,6.1,18.47,0.73,0.341
65899,8.58,13.11,1.08,0.507
65900,8.35,16.56,1.04,0.641
65906,9.56,32.33,1.58,1.286
65921,7.61,15.28,0.88,0.43
65924,11.47,27.86,2.65,1.35
65940,10.41,16.86,1.56,0.92
65949,6.93,10.78,0.94,0.337
65951,6.07,12.38,0.68,1.075
65956,9.95,24.22,1.78,1.07
65963,8.87,21.41,1.2,0.721
65969,6.48,11.48,0.83,0.09
65971,8.07,22.19,0.72,0.585
65982,7.32,32.35,1.77,0.781
65986,9.41,18.14,1.38,0.838
65992,9.11,10.78,0.96,0.611
65996,8.73,10.45,1.01,0.558
65998,7.53,13.87,0.9,0.433
66002,8.62,12.31,1.2,0.496
66005,6.62,12.14,0.68,0.29
66007,8.01,12.59,0.99,0.566
66008,10.44,32.05,2.96,1.486
66014,8.93,16.99,1.2,0.623
66015,6.01,13.94,0.87,0.196
66018,8.85,17.34,1.13,0.668
66026,9.31,15.06,1.48,0.82
66032,9.17,24.81,1.55,0.889
66047,7.17,26.3,0.93,0.603
66051,7.96,16.67,0.91,0.59
66055,8.75,14.14,1.12,0.665
66060,6.45,21.17,0.86,0.438
66065,5.69,15.25,0.76,0.037
66066,7.13,10.95,0.84,0.356
66067,10.93,16.58,2.28,1.006
66072,9.64,21.55,1.95,1.03
66074,10.25,27.88,1.16,1.286
66075,8.13,11.28,1.03,0.418
66090,7.98,12.86,1.8,0.581
66095,8.95,14.16,2.09,0.66
66098,5.21,12.36,0.78,0.964
66108,9.34,11.01,1.31,0.634
66110,9.33,30.52,1.93,1.08
66115,7.35,31.04,0.9,0.624
66118,9.01,14.01,1.2,0.558
66121,6.52,28.45,1.13,0.455
66123,9.09,10.28,1.23,0.67
66127,9.89,18.42,1.4,0.82
66131,7.02,13.3,0.78,0.309
66132,9.23,12.75,1.46,0.564
66135,7.84,14.17,0.81,0.448
66139,6.65,25.54,0.88,0.469
66144,10.51,16.31,1.83,0.888
66147,7.98,54.15,1.03,1.026
66164,9.21,11.72,1.32,0.7
66169,10.11,15.19,1.84,0.7
66170,8.74,10.96,1.03,0.63
66175,7.81,13.6,0.86,0.693
66188,8.92,10.54,1.2,0.723
66192,8.05,11.29,0.82,0.699
66193,9.19,43.66,1.2,1.08
66194,9.94,27.65,1.48,1.1
66195,8.56,15.4,1.75,0.613
66197,8.79,12.75,1.2,0.623
66198,5.6,11.77,0.55,-0.014
66200,4.92,17.79,0.8,0.029
66209,8.45,22.34,1.19,0.649
66212,7.37,41.03,1.87,1.521
66216,7.1,15.23,0.88,0.458
66218,8.56,13.28,1.23,0.557
66219,9.41,28.97,1.38,1.025
66222,9.95,48.78,1.62,1.385
66223,6.37,14.64,0.64,0.241
66229,9.27,26.51,1.4,0.98
66230,7.53,18.44,0.83,0.642
66234,4.68,17.12,0.61,0.132
66238,7.29,33.08,0.84,0.669
66244,8.84,11.31,1.44,0.66
66249,3.38,44.55,0.9,0.114
66252,9.24,50.54,0.99,1.21
66257,4.91,22.46,0.62,0.404
66262,10.19,22.61,1.47,1.165
66263,7.95,10.12,0.65,0.451
66267,9.8,22.27,1.34,1.29
66274,9.06,10.17,1.41,0.606
66283,8.9,30.76,1.14,1.075
66287,8.81,20.0,1.07,0.705
66290,6.91,22.79,0.86,0.466
66292,6.77,15.07,0.83,0.368
66304,8.96,10.43,1.27,0.534
66305,7.5,10.58,0.85,0.371
66309,9.48,22.98,0.98,1.059
66315,10.85,24.02,3.49,1.039
66318,10.01,17.06,1.83,0.874
66319,7.97,16.17,1.1,0.569
66322,7.11,20.14,0.92,0.483
66328,8.93,10.96,1.33,0.485
66333,7.64,11.75,0.81,0.441
66334,8.12,10.92,0.98,0.408
66363,9.8,14.34,1.55,0.807
66367,7.05,20.25,0.92,0.531
66376,6.82,10.99,0.86,0.245
66381,7.58,11.48,0.91,0.875
66386,8.19,17.43,0.74,0.67
66388,8.25,10.43,1.55,0.476
66413,10.0,31.52,1.66,1.067
66418,8.53,13.29,1.11,0.657
66428,7.91,11.33,1.04,0.485
66433,7.14,11.41,0.91,0.27
66438,5.63,28.18,1.21,0.493
66448,9.78,13.67,1.39,0.833
66453,9.75,10.65,1.42,0.681
66458,4.82,17.01,0.7,0.239
66459,9.06,91.72,1.23,1.391
66464,8.41,16.2,1.01,0.507
66481,8.55,11.1,1.23,0.526
66486,7.19,29.78,1.18,0.689
66487,9.33,21.47,1.33,0.958
66492,9.77,45.66,2.72,1.384
66497,8.8,11.18,0.99,0.581
66501,8.55,10.81,0.8,0.495
66510,9.29,11.31,1.31,0.549
66509,8.81,18.98,1.22,0.668
66511,6.99,11.96,0.84,0.958
66514,7.77,20.97,1.06,0.698
66522,6.49,13.95,0.85,0.274
66526,8.47,15.98,0.96,0.595
66530,8.19,20.57,0.99,0.652
66533,9.9,11.64,1.59,0.744
66547,9.15,17.9,1.14,0.723
66557,8.55,10.09,1.26,0.689
66560,8.49,14.56,1.07,0.541
66563,5.81,20.42,0.8,0.431
66568,9.27,12.63,1.42,0.639
66578,12.79,40.33,2.89,-0.112
66586,8.06,10.61,0.98,0.348
66587,10.73,40.27,2.1,1.419
66593,10.47,20.91,1.82,1.1
66618,6.97,30.36,0.81,0.618
66621,8.89,13.56,1.03,0.661
66625,10.24,75.43,1.59,1.368
66632,8.44,12.46,1.09,0.475
66634,5.46,19.27,0.65,0.113
66637,7.97,16.4,1.08,0.561
66640,5.57,18.68,0.91,0.348
66643,11.7,33.04,3.31,1.447
66648,10.34,16.74,1.75,0.796
66660,7.22,11.87,0.64,0.422
66675,9.61,68.8,1.43,1.376
66676,8.34,17.09,1.16,0.588
66678,10.35,30.19,1.49,1.337
66681,5.79,14.44,0.62,0.401
66693,9.14,15.84,1.45,0.699
66700,6.28,11.32,0.63,0.111
66704,6.31,39.64,0.71,0.537
66708,8.21,14.44,1.13,0.567
66712,7.73,20.19,0.87,0.564
66721,8.42,15.09,1.03,0.541
66727,5.73,10.77,0.9,0.017
66730,7.65,16.3,0.96,0.533
66729,7.36,10.14,0.87,0.252
66741,9.1,11.33,1.38,0.655
66749,7.89,10.72,0.95,0.45
66753,5.56,12.71,0.49,0.183
66754,8.46,22.95,1.06,0.646
66763,5.63,10.13,0.8,1.009
66765,6.92,64.08,0.81,0.855
66774,8.7,10.52,0.96,0.847
66781,7.77,42.12,0.76,0.83
66798,5.85,14.74,0.51,0.073
66804,9.55,16.13,1.21,0.786
66807,9.5,16.7,1.09,0.759
66813,9.18,11.19,1.15,0.595
66814,9.14,23.62,1.16,0.921
66815,8.83,17.57,1.11,0.55
66821,4.99,12.05,0.89,-0.055
66823,7.98,11.5,1.13,0.88
66828,10.89,26.47,2.11,1.33
66837,7.55,13.21,0.93,0.363
66840,9.76,42.19,1.63,1.288
66846,9.26,10.9,1.13,0.664
66854,9.15,21.59,1.25,0.78
66860,6.16,27.96,0.75,0.418
66865,8.96,19.57,1.4,0.922
66874,6.66,12.65,1.76,0.424
66881,8.97,11.53,1.22,0.488
66885,9.29,14.23,1.2,0.636
66886,9.24,41.22,1.41,1.186
66901,7.45,16.77,0.86,0.44
66903,5.91,10.24,0.49,1.0
66905,9.39,12.1,1.47,0.663
66906,12.03,109.89,3.18,2.4
66908,7.28,10.05,0.9,0.18
66915,8.15,14.54,1.03,0.74
66918,10.11,29.22,1.81,1.237
66919,8.55,16.89,0.71,0.552
66934,9.63,14.25,1.5,0.84
66936,5.35,15.01,0.86,1.091
66954,9.23,36.27,1.19,1.101
66963,9.31,10.16,1.49,0.689
66974,6.92,16.55,0.93,0.631
66982,8.6,10.1,1.16,0.559
66987,9.59,25.68,1.45,0.982
66989,9.07,18.36,1.21,0.707
66990,8.25,14.96,1.03,0.735
66993,11.8,36.75,2.99,1.44
67009,7.88,19.05,1.04,0.584
67013,7.64,13.13,1.34,1.068
67023,7.93,16.4,0.65,0.464
67027,11.45,21.06,2.72,1.31
67031,9.12,24.8,1.12,0.87
67035,9.09,10.66,1.29,0.739
67038,9.87,12.82,1.51,0.783
67041,8.85,10.41,1.18,0.709
67045,8.63,12.34,0.77,0.758
67052,9.44,13.58,0.89,0.66
67058,11.62,25.39,1.95,1.59
67055,9.21,22.11,1.28,0.876
67068,8.45,10.98,1.02,0.401
67069,6.9,30.87,0.82,0.542
67084,9.82,14.28,1.58,0.719
67090,9.79,76.7,1.46,1.42
67092,10.54,38.97,1.8,1.344
67093,10.06,15.66,1.98,1.117
67102,8.83,11.89,1.17,0.535
67103,6.47,29.74,0.61,0.486
67105,8.47,47.63,1.16,1.051
67109,7.96,22.67,0.7,0.552
67112,8.6,12.65,1.26,0.629
67115,7.44,18.87,1.08,0.3
67117,8.68,12.67,1.45,0.765
67120,8.3,22.14,1.14,0.657
67121,8.56,19.84,1.67,0.67
67125,6.76,17.64,0.81,0.54
67126,9.86,22.26,1.88,1.112
67133,11.03,32.05,1.56,1.57
67143,5.81,11.35,0.78,0.023
67146,9.44,10.25,0.98,0.58
67152,10.51,22.94,2.02,1.22
67153,4.23,51.91,0.75,0.39
67155,8.46,184.13,1.27,1.435
67156,9.02,16.42,1.37,0.76
67164,11.81,87.73,4.26,1.542
67169,7.67,12.07,0.99,0.51
67170,8.95,10.78,1.26,0.506
67171,10.08,13.55,1.47,0.874
67175,8.72,17.19,1.24,0.685
67177,7.59,16.53,0.85,0.558
67182,8.05,12.16,1.49,0.485
67191,8.27,10.6,1.04,0.461
67194,5.88,19.48,0.7,0.211
67195,6.51,22.26,0.75,0.491
67205,8.66,21.42,1.18,0.784
67203,8.21,20.68,1.07,0.612
67211,9.31,29.64,1.54,0.928
67223,8.97,11.2,1.23,0.52
67231,5.68,11.58,0.6,-0.039
67234,4.64,12.68,0.87,0.955
67237,8.64,27.76,1.1,0.856
67239,5.97,11.97,0.78,0.523
67240,8.1,13.36,1.15,0.529
67242,8.29,12.54,1.06,0.584
67246,6.33,32.66,0.83,0.63
67248,8.89,14.94,1.2,0.677
67250,5.51,10.74,0.65,1.036
67252,9.74,10.6,1.55,0.787
67258,9.73,10.16,1.19,0.63
67264,8.81,12.64,1.43,0.501
67270,6.73,10.35,0.81,0.323
67273,8.42,13.63,0.73,0.516
67275,4.5,64.12,0.7,0.508
67282,8.7,28.76,1.08,0.797
67285,10.27,23.52,1.7,1.002
67289,6.99,10.33,0.85,0.254
67292,5.92,16.64,0.72,0.279
67293,8.25,10.63,0.68,0.462
67291,10.02,33.4,1.78,1.201
67301,1.85,32.39,0.74,-0.099
67308,8.13,61.07,2.93,1.322
67309,11.58,35.81,3.99,1.51
67314,9.23,10.85,1.17,0.563
67333,7.71,13.73,0.94,0.545
67344,8.32,31.78,1.06,0.827
67348,9.48,11.54,1.36,0.663
67349,10.19,15.06,1.76,0.821
67366,8.76,14.19,1.31,0.555
67367,9.84,16.98,2.01,0.905
67368,7.94,10.06,1.14,0.739
67377,8.91,13.28,1.33,0.581
67379,6.81,16.69,0.85,0.34
67384,5.61,10.49,0.67,1.032
67388,8.55,13.6,0.93,0.67
67389,6.73,21.69,0.81,0.434
67391,7.67,12.4,0.82,0.631
67400,9.1,14.95,1.25,0.737
67401,7.93,16.31,0.96,0.558
67406,8.14,11.42,1.06,0.461
67408,6.56,35.35,0.97,0.561
67412,8.47,25.08,1.32,0.73
67415,8.86,12.57,1.21,0.675
67422,7.05,73.25,1.33,1.11
67438,6.95,17.63,0.84,0.383
67446,8.37,10.75,1.02,0.424
67457,4.19,18.39,0.74,1.52
67458,7.92,23.06,0.96,0.709
67459,4.05,13.29,0.81,1.52
67460,9.02,14.33,1.09,0.56
67461,6.76,10.54,0.9,0.083
67470,6.66,17.51,0.87,0.491
67483,6.43,15.41,0.8,0.256
67487,8.16,70.49,1.01,1.257
67493,8.15,22.86,1.05,0.594
67494,4.96,13.48,0.72,1.059
67495,6.65,10.06,0.83,0.218
67501,10.11,21.24,1.67,1.02
67502,9.02,11.69,1.18,0.664
67505,9.88,16.62,1.25,0.788
67514,9.61,12.14,1.52,0.6
67521,6.84,11.82,0.8,0.335
67527,8.27,17.49,1.39,-0.4
67529,7.0,10.39,0.76,0.373
67534,8.34,14.24,1.05,0.739
67548,6.45,12.12,0.59,0.094
67549,11.35,15.34,1.68,1.555
67551,8.87,13.07,1.18,0.645
67555,6.54,11.11,0.84,0.51
67572,8.85,17.61,1.33,0.67
67575,7.94,10.21,1.09,0.466
67588,7.79,11.62,0.95,0.377
67589,6.39,10.52,0.52,1.179
67590,6.88,16.79,0.64,0.47
67596,6.66,11.24,0.68,0.116
67600,7.14,11.93,0.96,0.423
67601,9.53,37.12,1.41,1.112
67620,6.43,50.2,0.85,0.703
67623,11.0,20.99,2.33,1.37
67628,9.17,10.56,0.91,0.632
67630,7.12,12.73,0.71,0.303
67639,7.37,14.37,0.93,0.8
67644,9.07,10.41,1.45,0.602
67645,7.47,14.98,0.94,0.487
67648,6.34,16.69,0.78,0.484
67652,7.17,15.23,0.91,0.518
67655,7.97,40.02,1.0,0.663
67661,10.02,14.52,1.58,0.81
67669,4.32,10.96,0.88,-0.146
67672,9.23,11.15,0.91,0.566
67673,6.9,16.66,0.98,0.432
67682,8.53,14.18,1.1,0.644
67685,8.14,15.03,0.98,0.56
67691,8.82,71.39,0.95,1.317
67696,6.11,18.66,1.0,0.478
67714,6.1,10.03,0.91,0.042
67742,7.37,60.86,0.95,0.891
67755,7.2,10.64,0.96,0.441
67756,11.92,37.82,2.14,1.57
67761,11.79,41.19,3.43,1.496
67762,8.71,10.23,1.17,0.604
67772,8.54,10.24,0.97,0.59
67773,8.37,34.99,1.01,0.815
67776,10.12,12.82,1.57,0.835
67782,5.91,15.46,0.79,0.202
67784,7.96,11.78,1.05,0.484
67795,12.51,43.23,5.22,1.5
67794,9.2,14.28,1.48,0.66
67798,12.08,27.0,3.66,1.467
67808,9.78,47.95,1.77,1.369
67818,7.43,15.42,0.67,0.446
67819,5.53,19.97,1.46,0.444
67825,7.69,11.15,1.18,0.55
67828,8.61,11.88,1.26,0.724
67837,9.28,17.52,1.0,0.768
67838,8.55,10.87,1.27,0.48
67840,8.69,11.13,1.09,0.526
67842,10.63,41.25,1.31,1.421
67845,8.15,12.27,1.01,0.642
67851,6.17,15.53,0.83,1.009
67857,7.53,11.86,0.68,0.44
67863,9.02,16.73,1.35,0.605
67870,8.72,10.59,1.3,0.515
67875,8.32,14.03,1.03,0.554
67879,8.21,13.33,1.09,0.543
67882,9.01,20.43,1.46,0.729
67890,6.05,15.8,0.85,1.129
67894,8.36,10.5,1.04,0.448
67900,9.52,13.06,1.22,0.765
67901,9.17,10.8,1.35,0.55
67902,7.47,10.79,1.42,0.315
67904,7.89,30.2,0.99,0.687
67907,8.52,10.81,1.11,0.576
67919,7.27,10.95,0.79,0.275
67918,6.83,18.95,0.81,0.415
67921,7.45,19.0,0.83,0.454
67927,2.68,88.17,0.75,0.58
67928,7.17,13.44,0.94,0.363
67929,5.16,12.84,0.8,1.093
67934,11.16,23.43,2.25,1.305
67939,8.66,10.52,1.43,0.606
67941,8.88,15.26,1.16,0.675
67945,8.3,10.7,0.95,0.498
67953,6.19,29.57,1.75,0.53
67960,9.53,59.57,2.65,1.414
67961,8.58,14.83,1.24,0.641
67967,10.34,20.58,2.87,1.091
67986,8.33,37.5,0.79,0.913
67998,9.04,10.96,1.34,0.537
68000,8.09,13.86,1.03,0.59
68004,8.46,11.52,1.19,0.491
68030,6.16,41.28,0.79,0.518
68036,8.76,10.15,1.11,0.426
68038,6.85,16.19,1.15,0.477
68057,10.28,11.43,1.26,0.634
68065,6.31,13.81,0.78,0.401
68066,8.37,17.14,0.8,0.713
68074,8.95,11.49,1.27,0.522
68076,8.45,22.52,0.73,0.77
68077,8.26,11.3,0.88,0.501
68079,5.82,11.48,0.76,1.14
68083,8.63,13.91,1.26,0.491
68085,7.59,18.56,0.62,0.664
68090,9.32,16.28,1.66,0.807
68091,8.74,12.6,1.11,0.713
68101,6.0,26.24,0.67,0.78
68105,9.09,12.24,0.89,0.613
68107,7.68,20.43,1.41,0.541
68110,7.06,10.49,0.87,0.236
68116,9.45,25.76,1.45,0.953
68134,7.65,22.47,0.85,0.612
68154,9.79,16.31,1.44,0.842
68160,8.53,26.17,1.18,0.82
68162,7.54,22.54,0.91,0.593
68165,9.98,21.33,1.93,0.88
68170,6.65,14.0,0.79,0.79
68174,8.58,10.16,1.15,0.461
68184,6.49,98.97,0.56,1.04
68191,4.71,15.61,0.57,1.075
68193,8.27,18.54,1.79,0.665
68194,8.26,16.32,1.13,0.517
68199,9.59,10.91,1.55,0.608
68204,10.4,19.88,1.16,1.056
68251,7.97,13.3,1.37,0.475
68255,9.06,11.17,1.25,0.624
68257,8.38,11.68,1.1,0.505
68263,7.03,11.99,1.3,0.98
68265,7.14,10.43,0.88,0.481
68273,8.16,27.46,1.0,0.686
68277,9.72,17.29,1.74,0.828
68310,8.19,16.01,1.1,0.564
68323,7.38,15.85,0.86,0.508
68337,9.05,41.97,1.17,1.16
68342,10.75,24.23,2.09,1.447
68348,7.39,20.78,0.93,0.493
68367,8.67,15.29,1.05,0.57
68369,7.8,10.4,0.79,0.916
68375,7.58,10.51,0.94,1.199
68377,8.87,11.96,0.72,0.533
68380,6.36,12.89,0.94,0.486
68382,7.8,12.9,0.66,0.687
68390,5.77,17.43,0.78,0.48
68394,8.34,13.17,1.06,0.63
68403,10.27,34.15,1.65,1.297
68413,6.49,15.34,0.86,0.333
68414,6.57,13.03,0.77,0.24
68423,8.16,10.54,1.11,0.471
68434,6.73,22.8,0.78,0.473
68452,8.88,11.94,1.39,0.456
68455,5.96,13.01,0.63,0.352
68458,8.64,10.68,1.26,0.518
68461,8.93,12.61,1.07,0.703
68462,11.03,31.41,2.37,1.404
68469,9.71,98.26,1.61,1.461
68468,9.39,10.59,1.4,0.654
68472,8.37,13.92,0.8,0.526
68498,5.98,11.33,0.76,0.089
68504,9.38,12.69,1.11,0.689
68506,7.92,12.2,1.02,0.455
68507,7.57,15.89,1.15,0.485
68513,7.53,10.02,0.88,0.84
68519,8.96,19.94,1.12,0.771
68520,4.23,14.94,0.88,0.121
68539,8.32,15.6,1.32,0.54
68547,7.93,18.15,0.98,0.614
68552,9.51,20.61,1.78,0.926
68563,8.04,15.09,0.83,0.578
68570,10.68,51.21,2.17,1.559
68573,8.71,18.09,1.41,0.707
68576,7.23,11.75,0.86,0.466
68578,7.69,17.59,1.1,0.962
68586,8.31,11.11,0.96,0.692
68587,8.14,15.37,1.39,0.685
68593,7.16,26.87,0.84,0.563
68595,8.6,11.92,1.17,0.791
68598,9.7,17.76,1.43,0.797
68602,8.57,19.35,1.1,0.716
68619,7.54,16.44,1.02,0.594
68628,8.11,10.92,1.47,0.59
68629,10.69,20.09,2.76,0.876
68631,7.93,11.15,1.05,0.524
68634,7.12,38.28,0.88,0.74
68637,6.16,10.4,0.56,0.026
68641,6.18,26.13,1.22,0.48
68642,8.59,12.55,1.08,0.619
68645,8.33,11.0,0.92,0.563
68646,7.66,13.01,1.03,0.387
68661,8.0,12.15,1.12,0.417
68664,9.01,15.48,0.95,0.707
68680,9.8,10.12,1.47,0.651
68682,6.27,60.24,0.78,0.733
68688,9.28,17.7,1.31,0.853
68689,11.43,23.05,3.08,1.3
68691,10.81,18.41,2.0,0.833
68696,9.38,11.25,1.66,0.586
68697,7.56,13.4,0.9,0.463
68705,6.3,12.93,1.55,0.452
68707,6.24,15.91,0.8,0.406
68714,10.16,12.17,1.71,0.681
68716,8.71,17.52,1.31,0.747
68732,10.18,25.77,1.83,1.07
68734,8.63,20.34,1.14,0.741
68736,7.0,18.15,0.87,0.49
68739,6.39,11.06,1.02,1.321
68745,10.76,29.75,1.71,1.577
68755,10.36,14.81,1.93,0.892
68756,3.67,10.56,0.52,-0.049
68762,9.21,13.66,1.31,0.735
68770,7.65,16.1,0.92,0.42
68772,9.88,27.86,1.81,1.086
68774,9.29,15.2,1.36,0.6
68778,10.59,10.23,1.28,0.897
68779,7.79,10.52,0.82,0.584
68783,8.52,22.97,1.04,0.673
68785,6.95,22.98,0.87,0.484
68792,7.58,20.94,0.64,0.635
68796,8.21,22.84,0.68,0.59
68799,8.77,18.78,1.26,0.707
68801,8.77,19.99,1.16,0.859
68802,7.99,10.85,0.91,0.405
68805,8.08,20.62,1.2,0.612
68811,7.7,11.63,0.82,0.355
68819,8.18,12.4,1.11,0.548
68830,8.15,11.68,1.24,0.58
68839,9.17,10.05,1.39,0.597
68869,9.29,10.34,1.31,0.682
68881,9.32,11.8,1.46,0.792
68882,9.32,12.98,1.33,0.573
68889,10.29,22.6,2.9,1.177
68890,8.45,10.68,1.2,0.493
68895,3.25,32.17,0.77,1.091
68900,10.06,22.81,1.66,1.023
68903,8.1,11.81,0.88,0.379
68904,7.58,10.4,0.84,1.029
68914,8.75,16.25,1.59,0.587
68933,2.06,53.52,0.79,1.011
68936,8.35,26.14,1.18,0.827
68940,5.46,18.22,1.07,0.347
68950,8.38,16.02,1.09,0.571
68967,7.82,12.18,1.12,0.496
68969,8.42,10.73,0.92,0.484
68986,9.17,12.1,1.39,0.638
68990,9.92,15.0,1.3,0.68
68991,9.04,17.12,1.29,0.7
68994,7.76,15.05,1.05,0.441
68999,8.8,10.55,1.46,0.541
69012,6.45,24.74,1.26,0.66
69026,9.43,10.1,1.44,0.67
69028,11.17,24.26,2.51,1.447
69039,8.4,11.79,0.98,0.483
69040,6.8,19.65,0.68,0.372
69046,10.58,14.4,2.02,0.879
69054,7.61,16.06,1.72,0.62
69064,10.31,60.4,5.38,1.379
69063,8.88,14.91,1.28,0.621
69066,7.78,12.3,1.57,0.53
69074,9.2,18.74,1.31,0.658
69075,9.5,28.79,1.36,0.941
69090,6.02,34.87,0.57,0.581
69093,9.13,11.75,1.19,0.66
69094,8.1,12.05,1.14,0.477
69109,11.07,23.4,2.36,1.147
69114,8.71,12.95,0.97,0.55
69124,9.08,16.92,1.21,0.711
69128,7.7,11.33,1.16,0.908
69129,9.25,22.06,1.32,0.875
69136,8.94,10.17,1.29,0.615
69137,8.51,13.25,1.08,0.649
69143,7.77,18.41,1.09,0.516
69150,10.36,11.55,1.03,0.877
69151,9.42,15.11,1.48,0.661
69152,9.25,10.7,1.55,0.79
69157,7.77,11.14,0.98,0.52
69160,7.95,16.37,1.09,0.656
69163,11.81,26.49,3.21,1.5
69166,8.95,10.44,1.12,0.624
69171,7.45,16.24,0.84,0.46
69178,6.87,18.19,0.85,0.442
69184,7.59,11.8,0.87,0.357
69185,7.28,10.89,0.84,0.835
69191,4.74,17.93,0.61,0.938
69195,9.4,10.93,1.59,0.655
69201,9.68,20.95,1.65,0.776
69202,8.19,18.64,1.18,0.572
69206,8.33,13.81,1.74,0.623
69210,8.98,14.46,0.92,0.606
69214,8.75,13.78,1.05,0.58
69218,8.92,11.44,1.11,0.542
69220,8.29,20.49,1.1,0.69
69224,9.63,20.63,1.7,0.897
69226,4.82,27.27,0.78,0.541
69227,7.97,11.54,1.13,0.983
69228,8.28,11.24,1.21,0.515
69230,8.55,20.58,1.03,0.65
69237,9.69,11.45,1.65,0.979
69238,8.29,14.0,0.95,0.529
69240,8.8,18.84,1.24,0.773
69249,11.23,21.02,2.48,1.25
69256,7.54,15.88,0.93,0.594
69265,6.85,10.76,0.89,0.13
69281,8.28,17.39,1.54,0.69
69282,7.32,14.72,0.91,0.506
69283,7.42,13.54,0.94,0.448
69298,6.07,13.6,0.66,0.19
69299,6.61,12.75,0.82,0.917
69303,10.31,33.01,1.08,1.26
69311,10.03,28.26,1.13,1.172
69313,8.94,13.48,1.04,0.512
69322,7.88,17.36,0.72,0.652
69333,10.31,19.8,1.8,1.173
69340,6.42,21.78,0.85,0.479
69345,10.46,22.05,1.7,1.16
69347,8.98,12.99,1.18,0.6
69357,7.93,43.35,1.4,0.865
69359,10.59,19.54,2.1,1.086
69374,8.97,10.88,1.29,0.474
69389,4.99,12.45,0.9,-0.118
69390,8.47,10.46,1.27,0.651
69400,8.52,25.89,1.04,0.84
69403,7.15,15.27,0.96,0.333
69406,8.25,10.08,0.88,0.445
69410,8.88,30.62,1.16,0.96
69411,8.56,11.81,1.01,0.542
69413,7.51,10.75,0.84,0.533
69414,7.05,44.89,1.01,0.733
69415,5.07,14.22,0.98,1.13
69427,4.18,14.59,0.95,1.323
69431,8.82,10.11,1.27,0.486
69437,8.23,13.89,1.01,0.511
69441,7.89,11.6,1.1,0.529
69442,8.33,26.43,1.75,0.946
69443,8.59,13.69,1.09,0.546
69446,10.97,15.14,1.57,1.595
69454,10.2,85.02,1.79,1.5
69457,8.91,17.32,0.93,0.659
69483,4.53,21.03,0.83,0.233
69485,10.15,51.06,1.74,1.418
69488,9.15,23.89,1.13,0.958
69493,5.89,17.94,0.81,0.489
69508,7.28,13.69,0.96,0.372
69514,10.1,17.21,1.63,1.03
69518,7.17,26.22,0.71,0.53
69524,8.11,12.86,1.24,0.515
69526,8.03,57.78,1.05,1.064
69528,8.09,20.78,1.23,0.561
69536,5.53,30.06,0.74,0.537
69535,7.63,16.08,0.7,0.502
69549,7.97,11.36,0.92,0.603
69555,8.71,14.82,1.77,0.65
69558,8.52,10.79,1.28,0.464
69564,6.36,24.09,1.07,0.593
69566,8.56,10.31,1.11,0.512
69569,6.23,22.4,0.63,1.071
69570,8.23,27.62,1.12,0.67
69592,6.38,16.95,0.75,0.194
69595,8.57,28.11,1.13,0.837
69596,7.73,14.01,1.14,0.519
69601,10.0,17.52,1.0,0.96
69612,5.29,12.79,0.87,1.007
69643,7.59,17.95,1.07,0.564
69645,9.41,11.0,1.56,0.665
69646,7.53,11.88,0.92,0.378
69650,6.56,10.83,0.63,0.096
69653,7.03,23.46,1.93,0.57
69658,5.53,12.49,0.85,0.001
69660,8.76,13.01,1.31,0.61
69668,10.07,14.97,1.79,0.856
69671,6.31,47.51,0.78,0.596
69673,-0.05,88.85,0.74,1.239
69676,8.88,10.1,0.77,0.677
69682,8.89,16.3,1.36,0.675
69684,9.75,18.61,2.74,0.84
69694,8.81,11.29,1.16,0.494
69699,6.68,21.01,0.66,0.58
69701,4.07,46.74,0.87,0.511
69709,7.78,22.15,0.77,0.615
69713,4.75,33.54,0.56,0.236
69715,7.62,16.97,0.87,0.46
69721,8.54,10.04,0.75,0.435
69722,6.57,13.4,0.98,0.294
69724,8.94,14.12,1.35,0.735
69727,6.44,19.19,1.75,0.275
69732,4.18,33.58,0.61,0.087
69735,6.38,20.72,0.63,0.376
69738,8.07,16.13,0.7,0.594
69742,9.66,13.36,1.51,0.808
69743,8.36,12.87,1.06,0.465
69744,8.32,12.19,0.67,0.456
69751,6.25,30.99,0.83,0.504
69767,11.07,23.57,2.97,1.3
69775,6.88,11.07,0.96,0.341
69780,8.66,10.02,1.1,0.573
69781,8.67,15.36,1.12,0.65
69783,8.65,23.53,1.37,0.782
69785,9.05,10.18,1.26,0.486
69790,8.48,12.03,1.61,0.631
69793,7.0,18.35,0.59,0.745
69796,7.29,22.05,0.79,0.59
69804,8.56,10.3,1.31,0.5
69811,8.35,11.98,0.73,0.51
69815,8.78,11.82,1.13,0.56
69822,8.93,10.95,1.25,0.673
69824,10.19,53.64,1.33,1.391
69828,6.95,12.49,0.91,0.244
69838,7.26,17.85,1.12,0.486
69855,7.53,14.28,0.61,0.395
69862,6.32,14.1,0.59,0.466
69867,7.54,13.93,0.82,0.548
69872,8.65,14.66,1.09,0.705
69879,4.8,14.63,0.69,1.057
69881,6.47,30.47,1.0,0.723
69884,8.44,13.86,1.1,0.537
69886,8.2,13.0,1.02,0.766
69896,4.89,23.36,0.5,0.243
69901,8.93,22.72,2.39,0.92
69903,10.35,12.37,1.67,0.962
69904,6.54,10.2,0.96,0.284
69905,9.8,15.63,1.6,0.796
69913,10.36,19.59,1.72,0.98
69922,7.66,14.77,0.84,0.473
69923,7.21,12.07,0.99,0.318
69929,5.86,11.08,0.91,0.013
69939,8.35,14.2,1.15,0.48
69941,8.16,13.04,1.22,0.92
69946,8.77,14.04,1.05,0.609
69951,7.1,13.61,0.63,0.294
69962,9.1,46.46,1.73,1.29
69963,11.51,26.9,2.72,1.39
69965,5.87,56.23,0.94,0.518
69967,9.28,10.83,1.32,0.635
69971,8.73,11.44,1.43,0.559
69972,6.66,84.5,0.79,1.017
69974,4.52,17.47,0.94,0.128
69982,8.31,24.66,1.05,0.793
69989,5.41,38.33,0.81,0.385
69992,9.49,10.57,1.05,0.613
69995,5.93,14.6,0.83,0.082
69997,8.01,15.61,1.15,0.516
69999,10.36,23.61,1.71,1.08
70011,7.39,16.65,2.45,0.6
70012,5.14,11.9,0.95,1.023
70015,8.62,10.26,1.22,0.411
70016,7.58,48.12,1.11,0.867
70017,10.23,12.27,1.73,0.934
70022,6.18,14.29,0.78,0.201
70024,9.81,14.11,1.52,0.616
70025,8.17,19.22,1.32,0.619
70027,4.84,17.12,0.68,1.228
70033,8.12,10.97,0.98,0.448
70035,5.22,20.69,0.63,0.281
70038,6.42,10.82,0.81,0.915
70049,10.1,23.47,1.77,0.975
70051,6.45,11.52,0.7,0.156
70066,7.4,14.05,1.49,0.549
70088,9.07,13.95,0.87,0.642
70090,4.05,13.19,0.86,-0.03
70096,8.76,11.98,1.31,0.558
70098,9.51,22.45,1.64,0.873
70100,10.51,14.25,1.8,1.006
70102,8.3,11.8,1.59,0.87
70103,7.33,20.0,0.78,0.437
70104,4.78,21.95,0.8,0.31
70105,8.26,10.09,0.74,0.581
70109,9.55,10.25,1.4,0.496
70118,7.72,10.94,1.24,0.418
70123,8.31,18.93,1.4,0.628
70127,8.01,12.89,0.97,0.414
70132,7.64,10.28,0.85,0.343
70140,8.12,16.2,1.0,0.574
70142,8.9,23.65,1.14,0.877
70152,10.6,15.13,1.87,0.969
70157,10.31,16.92,2.11,0.945
70159,7.97,11.03,1.26,0.401
70163,8.15,15.37,1.07,0.725
70170,9.03,36.43,1.21,1.107
70178,10.03,14.06,1.7,0.809
70181,8.67,19.86,1.14,0.73
70193,8.59,16.85,1.08,0.592
70202,8.44,11.06,1.14,0.601
70216,8.81,10.62,1.21,0.466
70218,8.56,69.43,1.08,1.275
70219,9.23,14.14,1.48,0.794
70227,9.36,11.32,1.52,0.628
70235,8.13,20.43,1.27,0.59
70238,8.37,10.5,1.25,0.558
70239,7.35,17.19,0.75,0.455
70252,7.4,23.48,0.6,0.609
70253,8.22,24.37,0.71,0.647
70255,10.34,20.13,1.21,1.188
70257,7.97,10.19,1.08,0.44
70259,8.14,12.13,0.97,0.427
70269,6.82,22.81,1.89,0.584
70278,7.51,11.83,1.36,0.408
70279,9.73,13.01,1.38,0.627
70292,9.41,14.04,1.23,0.723
70304,10.09,13.34,1.12,0.875
70306,4.78,18.67,0.76,1.3
70308,10.25,42.29,1.47,1.429
70310,6.22,28.0,0.77,0.411
70317,9.86,28.23,1.66,1.137
70319,6.25,56.82,1.04,0.639
70324,9.33,12.96,1.3,0.64
70327,4.86,15.17,0.93,0.01
70330,7.76,17.28,0.99,0.658
70338,7.36,12.77,0.74,0.397
70341,8.81,15.41,1.04,0.68
70344,7.21,14.27,1.08,0.587
70351,9.16,10.99,1.16,0.687
70353,9.3,16.34,1.28,0.719
70354,9.33,14.42,0.97,0.64
70356,6.72,15.26,0.7,0.593
70359,8.31,12.07,0.71,0.48
70371,9.26,17.09,1.65,0.73
70382,7.32,12.73,1.04,1.028
70387,7.22,12.31,0.63,0.39
70386,6.76,27.9,2.0,0.575
70393,7.93,15.57,0.79,0.559
70394,9.56,12.55,1.22,0.635
70400,5.1,21.56,0.9,0.124
70424,9.07,15.01,1.64,0.679
70426,9.6,22.2,1.07,1.03
70434,8.26,12.48,1.23,0.556
70435,8.48,13.35,0.88,0.657
70452,6.49,11.13,1.04,0.417
70459,7.26,27.44,0.85,0.595
70467,9.65,10.11,1.25,0.621
70470,8.36,24.84,0.95,0.757
70472,10.71,30.13,2.0,1.257
70473,9.34,10.14,0.87,0.59
70474,7.33,11.41,0.62,0.46
70475,12.23,69.73,4.28,1.613
70487,10.75,16.04,1.66,1.119
70496,9.23,11.31,1.53,0.656
70497,4.04,68.63,0.56,0.497
70499,7.11,23.59,0.61,0.526
70500,8.47,31.0,1.0,0.853
70510,8.48,10.36,1.1,0.379
70512,9.56,16.09,1.55,0.926
70515,9.21,12.71,1.29,0.611
70520,7.27,21.32,0.83,0.581
70525,8.16,17.17,1.16,0.566
70529,9.77,59.54,1.73,1.419
70536,9.98,63.35,1.81,1.452
70538,6.48,12.99,1.09,0.941
70556,8.14,10.19,0.96,0.352
70557,8.06,29.28,0.94,0.75
70560,10.26,16.96,1.58,0.814
70561,8.24,10.74,1.33,0.859
70562,8.03,13.68,1.02,0.5
70564,8.88,11.11,1.24,0.659
70573,8.17,11.01,1.05,0.543
70576,4.33,10.38,0.72,0.434
70580,6.33,10.38,0.87,1.215
70588,8.6,11.62,1.22,0.558
70602,5.4,11.38,0.69,0.231
70608,8.86,22.29,1.46,0.84
70609,8.06,13.1,0.91,0.521
70610,9.68,27.57,1.09,1.016
70616,7.2,17.53,0.86,1.039
70618,7.22,16.27,0.54,0.454
70623,8.81,14.63,1.15,0.81
70627,9.48,12.0,1.43,0.653
70638,4.31,11.7,0.49,1.3
70648,7.86,14.91,0.9,0.488
70649,8.02,11.89,1.18,0.686
70653,9.59,10.81,1.45,0.703
70656,10.0,27.34,1.26,1.11
70663,5.83,17.16,0.83,0.311
70668,8.3,10.26,1.05,0.436
70674,7.97,13.68,0.7,0.587
70677,7.31,21.29,0.99,0.487
70680,6.18,13.83,0.83,0.093
70681,9.28,19.16,1.44,0.606
70685,6.64,13.07,0.63,0.369
70689,8.53,11.68,1.05,0.373
70693,6.89,10.78,1.06,0.571
70695,7.85,26.28,0.94,0.682
70705,9.91,17.29,1.58,1.007
70714,6.65,23.41,0.87,0.425
70715,10.93,22.67,2.38,1.238
70724,8.85,16.08,1.25,0.676
70745,9.97,11.74,1.48,0.858
70755,4.81,24.15,1.0,0.693
70756,9.8,29.76,1.55,1.125
70758,8.87,10.4,1.14,0.62
70760,7.43,15.6,0.97,0.71
70767,9.87,13.55,1.63,0.753
70768,7.91,14.81,1.33,0.506
70773,8.4,10.51,1.05,0.617
70776,7.82,12.39,1.12,0.516
70782,7.02,24.65,1.0,0.549
70791,5.58,10.59,0.61,0.864
70792,9.74,19.72,1.26,0.87
70799,9.38,11.37,1.32,0.619
70805,9.16,16.56,1.11,0.799
70823,8.58,11.97,0.92,0.3
70829,8.93,19.47,1.3,0.685
70831,8.57,21.45,1.61,0.644
70836,9.17,27.4,2.62,0.944
70839,7.1,17.69,0.91,0.511
70849,10.36,41.71,2.02,1.427
70853,8.35,15.51,1.0,0.604
70857,6.88,51.04,0.58,0.774
70861,7.56,13.52,1.39,0.47
70865,10.67,70.06,2.25,1.471
70868,7.84,14.79,1.1,0.626
70873,6.36,42.43,0.59,0.702
70886,9.08,12.49,1.33,0.59
70889,8.93,10.93,1.2,0.574
70890,11.01,772.33,2.42,1.807
70894,5.96,13.1,1.28,0.159
70897,9.43,10.2,1.45,0.582
70906,7.05,17.95,0.92,0.408
70922,8.21,17.71,1.03,0.527
70923,7.08,16.2,1.0,0.446
70924,10.15,31.38,4.57,1.185
70931,5.38,14.66,0.89,0.056
70950,8.68,45.46,1.03,1.031
70951,9.1,11.27,1.18,0.615
70952,6.1,31.51,0.5,0.428
70955,9.69,15.6,1.96,0.827
70956,9.4,60.53,1.57,1.403
70957,8.71,13.43,1.3,0.582
70973,7.68,26.04,1.04,0.775
70975,11.92,89.76,3.47,1.591
70982,8.25,10.98,0.65,0.397
70991,8.14,12.53,0.95,0.615
71000,8.67,11.02,0.92,0.584
71001,9.54,19.31,1.41,0.926
71002,5.84,11.88,0.68,1.006
71006,7.97,22.85,1.65,0.71
71017,9.34,10.28,1.51,0.618
71018,7.18,10.06,0.87,0.947
71019,8.88,11.42,1.32,0.768
71032,8.81,11.02,1.24,0.686
71034,7.56,18.52,1.04,0.519
71047,9.34,15.62,1.51,0.668
71050,8.21,22.86,1.02,0.637
71053,3.57,21.92,0.81,1.298
71054,7.46,10.25,0.7,0.392
71062,8.39,13.41,1.0,0.564
71076,7.81,16.95,1.04,0.509
71075,3.04,38.29,0.73,0.191
71077,7.51,10.08,0.99,0.292
71081,8.9,10.99,1.12,0.657
71094,6.0,14.03,0.92,0.23
71103,8.53,14.48,1.21,0.569
71104,8.19,13.25,0.83,0.544
71108,10.65,24.95,3.58,1.21
71115,5.91,19.44,0.77,0.391
71117,9.32,14.39,0.93,0.75
71122,10.7,18.97,1.97,1.195
71132,7.03,10.13,0.93,0.485
71135,10.53,27.68,1.83,1.27
71141,7.4,14.78,1.14,0.447
71142,7.43,11.33,1.12,0.916
71147,9.65,12.5,1.13,0.623
71162,8.75,14.03,1.41,0.632
71165,9.74,22.79,1.12,1.055
71168,6.39,13.67,0.83,0.521
71177,7.7,17.28,1.01,0.544
71181,7.24,74.5,0.69,0.997
71184,5.86,11.42,0.68,0.482
71188,10.54,25.74,1.97,1.26
71190,8.83,30.35,1.31,0.923
71192,6.6,33.92,0.63,0.504
71193,7.61,25.4,1.45,0.752
71201,8.35,11.59,1.09,0.523
71206,6.75,12.9,0.73,0.16
71218,9.14,16.21,1.35,0.724
71232,9.41,13.79,1.65,0.635
71243,6.32,23.72,0.77,0.45
71247,10.78,21.9,2.09,1.095
71248,8.55,14.5,0.77,0.609
71251,6.46,34.46,0.54,0.526
71252,9.33,12.83,1.52,0.753
71253,11.32,163.51,2.77,1.633
71262,9.37,13.3,1.38,0.673
71270,8.71,13.09,1.49,0.523
71276,9.93,19.11,2.55,1.01
71284,4.47,64.66,0.72,0.364
71289,7.32,11.93,1.14,0.491
71291,8.95,16.03,1.03,0.58
71293,8.34,11.82,1.31,0.579
71296,8.76,13.78,1.28,0.802
71311,9.54,49.11,1.27,1.283
71316,7.21,10.85,0.88,0.192
71322,8.41,14.76,1.11,0.652
71336,9.14,10.07,1.03,0.599
71340,9.55,18.98,1.61,0.88
71343,8.0,12.4,0.97,0.509
71347,7.73,14.22,0.97,0.461
71351,9.09,11.07,1.26,0.563
71352,2.33,10.57,0.83,-0.157
71358,9.29,10.59,1.49,0.724
71360,7.65,13.63,1.74,0.455
71366,9.48,10.15,1.22,0.673
71368,8.09,12.82,1.13,0.504
71369,7.95,13.84,1.66,0.576
71387,7.97,11.67,0.96,0.475
71391,9.45,12.1,1.3,0.645
71395,7.48,60.35,0.99,0.973
71407,7.22,13.43,1.37,0.368
71409,8.86,10.64,0.95,0.509
71423,9.09,12.62,1.25,0.631
71425,8.32,15.92,0.74,0.568
71431,8.19,10.53,0.83,0.594
71440,8.07,19.31,0.71,0.674
71462,7.79,19.12,1.43,0.755
71466,6.59,16.94,0.59,0.505
71469,6.2,29.97,0.95,0.464
71470,8.87,10.13,1.13,0.541
71481,8.29,38.52,1.1,0.685
71491,8.55,11.36,0.89,0.502
71510,6.45,11.16,1.04,0.56
71515,8.73,24.14,1.08,0.95
71516,9.19,17.5,1.63,0.721
71526,8.55,12.34,1.2,0.72
71527,8.97,21.05,1.72,0.729
71530,6.03,35.5,0.66,0.506
71536,4.05,10.51,0.71,-0.152
71541,8.38,12.67,0.75,0.49
71548,6.95,11.67,1.36,0.468
71552,8.24,11.37,1.03,0.456
71559,7.48,16.82,0.98,0.651
71566,8.78,10.6,1.19,0.715
71572,8.26,20.29,1.3,0.707
71588,8.07,16.16,0.96,0.5
71602,7.44,15.21,0.62,0.453
71601,8.94,10.63,0.9,0.545
71618,5.39,16.56,0.55,0.03
71619,8.89,19.24,1.61,0.77
71625,7.43,19.57,0.86,0.463
71629,6.53,15.93,0.71,0.512
71631,7.6,29.46,0.61,0.626
71635,9.17,10.46,1.33,0.581
71637,9.74,12.5,1.84,0.744
71639,6.06,27.76,0.76,0.508
71640,8.9,13.99,1.4,0.652
71654,8.42,12.15,1.16,0.529
71658,6.37,17.91,0.72,0.44
71657,8.54,12.25,1.1,0.452
71664,9.09,12.44,1.52,0.704
71673,10.21,16.33,1.62,0.763
71681,1.35,742.12,1.4,0.9
71679,7.38,18.87,0.65,0.602
71683,-0.01,742.12,1.4,0.71
71682,6.99,25.06,0.92,0.466
71684,9.12,11.98,1.38,0.571
71685,9.37,10.98,1.43,0.637
71686,9.79,25.11,2.43,1.081
71693,8.27,13.6,1.44,0.478
71697,7.13,11.11,0.95,0.943
71711,8.51,15.36,1.09,0.6
71718,7.88,19.8,0.66,0.511
71719,8.12,13.83,1.17,0.568
71720,9.24,25.1,1.59,0.833
71723,7.86,10.02,1.1,0.0
71726,7.7,17.98,0.87,0.637
71734,7.82,14.58,1.22,0.462
71735,7.39,36.43,0.96,0.672
71737,7.98,19.82,1.04,0.62
71741,8.89,15.6,0.83,0.719
71743,7.24,42.43,0.97,0.71
71748,11.74,18.23,2.71,1.184
71755,7.82,17.41,0.84,0.528
71759,5.93,18.83,0.85,0.238
71762,4.49,10.28,0.91,-0.002
71774,7.45,14.99,0.94,0.591
71776,9.15,11.57,1.27,0.612
71777,7.42,15.16,0.71,0.437
71778,7.87,11.95,1.05,0.961
71782,7.03,18.88,0.91,0.844
71785,8.38,16.94,1.04,0.564
71788,9.37,18.22,1.59,0.95
71795,3.78,18.07,1.24,0.044
71796,10.44,17.33,2.0,0.954
71803,8.19,18.46,1.41,0.682
71805,9.0,14.04,1.17,0.625
71809,8.29,14.88,1.09,0.521
71810,8.5,10.63,1.06,0.49
71813,7.81,21.22,1.02,0.642
71814,9.84,17.43,1.53,0.797
71818,9.02,11.41,1.64,0.566
71819,8.37,14.04,1.19,0.603
71823,8.69,11.79,1.23,0.537
71824,12.03,34.89,3.84,1.494
71825,8.21,11.05,1.1,0.7
71834,8.04,15.4,1.09,0.521
71843,7.66,16.9,0.86,0.493
71846,9.17,11.09,1.19,0.715
71848,8.44,12.39,0.95,0.55
71850,8.25,12.49,1.08,0.496
71855,6.73,49.15,0.64,0.707
71858,9.59,10.39,1.44,0.558
71859,8.14,11.66,1.18,0.487
71861,6.21,22.58,0.74,0.454
71865,4.01,10.69,0.72,-0.157
71872,7.55,14.69,0.64,0.4
71876,6.24,23.47,0.57,0.409
71886,8.94,11.53,1.47,0.383
71887,8.79,13.43,1.07,0.461
71890,6.63,15.88,1.07,0.912
71898,10.88,101.34,12.77,1.615
71899,7.47,21.91,0.85,0.533
71902,9.53,10.31,1.3,0.617
71904,10.08,38.62,2.01,1.34
71908,3.18,60.97,0.58,0.256
71914,9.1,44.54,2.57,1.29
71930,9.12,11.49,1.23,0.602
71929,8.45,17.95,1.0,0.63
71931,6.59,14.73,0.96,0.366
71932,8.85,15.06,1.28,0.657
71933,8.48,11.97,1.23,0.606
71938,8.9,13.33,1.39,0.718
71939,8.81,14.31,1.49,0.477
71943,7.79,15.95,0.98,0.664
71957,3.87,53.54,0.95,0.385
71970,8.16,10.1,0.97,0.461
71981,9.67,14.36,2.01,0.733
71984,9.11,10.26,1.25,0.581
71989,8.22,20.79,0.7,0.659
71999,7.73,10.55,1.29,0.51
72010,4.06,15.89,0.71,1.356
72014,9.1,14.42,1.61,0.62
72017,8.75,12.85,1.36,0.594
72020,8.73,13.26,1.77,0.509
72029,6.87,11.19,0.82,0.409
72030,8.73,11.64,1.27,0.616
72041,8.68,10.79,1.07,0.607
72042,8.6,10.29,1.18,0.598
72043,7.52,23.87,0.85,0.636
72044,9.89,37.91,1.47,1.25
72045,9.11,13.44,1.25,0.73
72047,6.64,24.18,1.38,0.431
72048,6.99,28.2,0.68,0.553
72053,8.39,16.48,1.32,0.6
72058,9.05,14.58,1.79,0.762
72060,7.65,11.11,1.13,0.368
72061,8.32,10.7,0.68,0.631
72066,6.73,15.6,0.57,0.292
72069,7.58,13.96,0.98,0.408
72076,8.84,16.26,1.5,0.674
72077,8.71,11.4,0.77,0.628
72082,6.86,14.11,1.03,0.427
72095,8.49,10.75,0.98,0.561
72104,4.92,15.76,0.74,0.013
72105,2.35,15.55,0.78,0.966
72110,9.02,10.44,1.02,0.598
72119,8.4,34.98,1.16,0.936
72120,8.98,10.24,1.47,0.63
72125,4.6,14.48,0.79,0.972
72126,8.92,12.67,1.39,0.576
72130,7.22,20.7,0.56,0.495
72131,5.36,21.75,0.61,0.308
72134,8.22,17.48,1.07,0.563
72138,7.99,18.83,1.18,0.576
72145,10.33,17.4,1.78,1.079
72146,7.87,51.2,0.98,0.931
72151,10.18,11.96,1.18,0.753
72153,7.32,11.81,1.26,0.465
72155,8.37,16.01,1.04,0.609
72176,8.65,10.18,1.18,0.473
72177,8.48,12.81,1.12,0.69
72182,8.72,13.29,1.08,0.575
72190,7.52,17.87,0.97,0.612
72197,5.15,32.86,0.92,0.315
72200,7.98,37.93,1.1,0.87
72203,8.8,14.79,1.13,0.756
72217,6.43,23.64,1.07,0.603
72220,3.73,25.35,0.87,-0.005
72221,7.26,23.15,1.84,0.624
72223,7.38,25.5,0.98,0.562
72235,8.3,23.44,1.84,0.71
72236,8.67,14.67,1.26,0.71
72237,9.23,56.87,1.29,1.261
72247,7.34,12.16,0.9,0.434
72248,9.35,13.89,1.45,0.734
72249,8.03,10.94,1.02,0.542
72253,7.78,15.87,0.62,0.533
72263,8.76,10.2,0.92,0.765
72267,10.15,16.21,1.87,0.811
72275,9.52,13.68,2.05,0.838
72287,12.0,30.11,3.9,2.4
72290,5.22,12.58,0.66,0.984
72293,7.32,10.22,0.57,0.265
72309,8.41,12.27,1.13,0.558
72312,7.76,50.84,1.04,0.893
72315,9.71,21.04,1.51,0.901
72322,8.11,15.84,1.06,0.918
72325,7.88,11.82,0.72,0.602
72328,8.41,12.48,1.03,0.54
72336,7.46,20.56,0.81,0.509
72339,8.04,33.6,1.51,0.781
72353,7.55,19.67,0.99,0.541
72358,7.86,14.09,0.7,0.415
72365,9.18,13.15,1.07,0.812
72369,7.55,12.25,0.81,0.412
72380,8.5,17.46,1.65,0.679
72387,9.73,41.26,1.47,1.308
72389,10.04,10.01,1.1,0.787
72398,7.66,12.22,1.01,0.49
72407,9.74,10.49,0.93,0.63
72408,7.89,12.54,0.83,0.412
72412,6.15,12.36,1.13,0.506
72415,8.25,10.83,1.06,0.544
72420,7.03,19.35,0.89,0.491
72423,6.87,19.56,1.5,0.621
72447,6.83,17.23,1.78,0.458
72455,7.13,12.79,0.93,0.521
72456,8.65,12.63,1.2,0.602
72458,8.46,15.72,0.98,0.682
72461,9.73,10.28,1.42,0.437
72463,10.52,19.55,2.31,1.447
72469,6.15,24.39,0.66,0.389
72470,10.64,21.81,1.45,1.552
72471,6.21,10.45,0.81,1.107
72479,8.42,24.21,1.29,0.866
72486,8.11,18.33,1.14,0.57
72487,5.76,21.34,0.55,0.482
72489,5.32,13.86,1.3,0.066
72493,7.26,41.69,1.24,0.836
72507,8.52,20.07,1.15,0.648
72508,6.49,19.41,0.67,0.401
72511,11.72,235.24,22.43,1.48
72513,7.53,13.3,0.67,0.532
72522,9.76,10.47,1.52,0.777
72524,5.68,14.22,0.87,0.501
72528,7.12,19.86,0.78,0.455
72530,8.66,16.11,0.74,0.707
72531,7.65,13.26,1.09,0.518
72540,8.51,10.92,0.7,0.486
72545,8.29,11.96,0.65,0.533
72552,5.8,11.06,0.65,0.046
72553,7.98,11.45,1.01,0.432
72555,8.28,12.49,1.08,0.589
72559,7.85,15.52,1.02,0.495
72562,8.94,10.9,1.11,0.721
72563,7.14,18.31,0.57,0.542
72567,5.86,55.73,0.8,0.576
72571,4.42,10.68,0.83,1.366
72573,5.63,23.08,0.5,0.671
72577,9.08,32.53,1.56,0.957
72582,5.47,16.31,0.61,1.03
72600,7.46,22.09,1.1,0.507
72604,7.5,26.79,0.88,0.643
72603,5.15,42.26,1.04,0.401
72606,8.19,11.18,1.01,0.47
72607,2.07,25.79,0.52,1.465
72611,9.14,12.07,1.42,0.64
72618,7.86,10.33,1.31,0.986
72622,2.75,42.25,1.05,0.147
72631,4.93,15.09,1.09,0.988
72634,7.4,36.73,1.26,0.76
72656,8.68,10.99,1.16,0.503
72659,4.54,149.26,0.76,0.72
72663,8.47,21.93,1.73,0.666
72666,7.7,17.45,1.62,0.634
72669,9.01,12.65,0.79,0.607
72672,8.0,11.96,0.99,0.447
72673,7.16,20.94,0.88,0.452
72675,9.52,13.23,1.96,0.63
72677,6.55,17.94,0.94,0.483
72681,8.39,21.83,1.83,1.3
72682,7.84,16.46,0.8,0.456
72688,7.81,58.96,1.05,1.036
72703,8.36,25.68,1.29,0.654
72706,7.6,11.82,0.93,1.031
72726,10.85,21.76,1.5,1.592
72738,7.2,11.44,0.88,0.546
72742,8.7,29.13,1.48,0.913
72749,7.63,13.72,0.98,0.669
72753,10.27,22.72,1.48,1.447
72754,8.19,10.08,1.2,0.543
72764,8.28,19.46,1.56,0.613
72766,8.72,15.24,1.35,0.63
72772,6.3,24.99,0.8,0.605
72779,7.89,17.72,1.02,0.707
72797,9.33,17.81,1.64,0.84
72798,8.41,11.95,1.08,0.564
72799,8.87,11.5,1.44,0.57
72803,8.42,10.32,0.76,0.769
72804,7.7,10.79,1.17,0.48
72807,6.87,13.62,0.74,0.432
72808,7.83,12.89,0.98,0.519
72809,8.95,12.66,0.95,0.731
72811,8.03,10.5,1.36,0.551
72814,7.03,10.08,0.92,0.172
72819,6.52,14.19,0.76,1.2
72821,8.15,21.63,1.45,0.699
72830,7.96,13.97,0.88,0.896
72833,5.59,10.19,0.69,0.82
72835,7.79,17.87,0.75,0.465
72846,6.41,20.4,1.43,0.569
72848,6.0,86.69,0.81,0.841
72875,8.65,43.66,1.2,0.934
72888,7.36,14.71,1.1,0.913
72911,10.74,17.32,1.28,1.081
72921,6.98,23.05,2.02,0.58
72939,7.91,11.53,0.79,0.44
72940,7.04,10.63,1.25,0.093
72944,10.11,101.91,1.67,1.5
72945,8.41,10.16,1.42,0.549
72953,6.84,10.72,0.81,0.43
72957,8.03,13.48,1.2,0.491
72978,8.19,11.53,1.18,0.699
72981,11.28,44.46,2.6,1.377
72986,7.15,22.23,0.93,0.506
72998,9.51,20.29,1.51,0.716
73001,9.22,10.02,1.32,0.495
73005,7.77,41.83,0.63,0.785
73012,8.4,18.9,1.24,0.633
73018,8.66,15.76,1.05,0.563
73036,5.18,18.87,0.8,1.161
73039,7.82,15.94,0.64,0.974
73049,5.32,13.2,0.81,0.046
73052,7.79,15.79,0.83,0.495
73056,11.29,27.8,2.62,1.414
73061,8.37,11.01,1.11,0.783
73065,7.66,14.8,0.84,1.06
73066,9.0,35.39,1.26,1.005
73068,6.12,10.41,0.72,0.109
73075,8.75,17.89,0.94,0.676
73078,7.91,14.78,0.86,0.807
73080,8.05,11.05,1.02,0.544
73091,7.71,13.42,0.98,0.409
73094,9.87,18.53,2.22,0.913
73095,5.38,15.08,0.72,0.142
73096,7.69,14.07,0.94,0.496
73100,5.63,40.25,0.54,0.533
73106,7.78,12.86,1.06,0.596
73108,7.34,16.24,1.35,0.534
73114,8.58,14.29,1.21,0.655
73121,9.41,23.4,1.52,1.035
73123,8.01,10.85,1.21,0.364
73128,8.11,16.98,1.05,0.636
73132,9.03,12.89,1.35,0.625
73135,8.31,16.57,2.05,0.601
73138,8.64,26.05,1.67,0.816
73139,8.2,24.71,1.04,0.747
73146,8.45,14.09,0.77,0.65
73159,7.44,12.65,0.93,0.403
73160,7.36,11.25,0.75,0.398
73163,7.67,11.66,0.7,0.72
73165,4.47,35.83,0.91,0.318
73173,8.86,11.16,1.35,0.542
73178,7.32,12.69,0.78,0.687
73181,7.95,13.34,1.12,0.553
73183,10.59,28.2,1.23,1.555
73184,5.72,169.32,1.67,1.024
73193,5.51,11.06,0.87,1.131
73194,11.43,38.48,4.72,1.408
73208,7.53,11.37,1.14,0.561
73220,8.28,11.71,1.01,0.483
73221,8.96,10.86,1.37,0.569
73224,9.84,14.79,1.69,0.768
73229,8.25,10.21,0.98,0.484
73239,8.38,17.9,0.79,0.832
73241,6.34,40.79,0.86,0.708
73244,8.63,19.1,1.06,0.651
73245,8.15,30.18,1.55,0.78
73252,10.2,39.95,0.92,1.565
73257,8.44,12.89,1.33,0.2
73258,10.49,28.41,3.01,1.564
73262,10.26,13.35,1.78,0.898
73269,7.66,20.41,0.98,0.554
73271,7.81,14.03,1.01,0.432
73293,8.98,15.64,0.96,0.691
73297,9.87,10.68,1.53,0.748
73302,8.8,22.96,0.96,0.79
73309,6.08,28.67,0.92,0.509
73310,5.88,10.32,0.85,1.274
73314,8.45,25.66,1.59,0.834
73316,8.49,15.73,1.28,0.527
73321,7.82,15.88,1.05,0.651
73330,8.55,19.01,0.74,0.669
73353,6.7,16.77,0.59,0.403
73358,8.31,11.95,1.17,0.571
73360,10.62,29.29,1.52,1.585
73362,10.17,39.27,1.5,1.318
73365,8.64,30.48,0.88,0.896
73369,5.64,19.83,0.57,0.336
73370,10.1,24.78,1.6,1.08
73372,8.71,17.94,0.9,0.66
73383,6.59,26.81,0.72,0.48
73385,8.55,10.85,1.14,0.51
73390,7.75,12.76,0.99,0.435
73408,8.13,17.48,0.9,0.667
73418,10.0,18.44,1.61,0.9
73427,9.92,33.65,1.59,1.253
73428,9.84,20.55,1.69,0.89
73434,7.88,21.07,1.18,0.594
73438,7.57,13.37,0.83,0.6
73440,6.64,29.67,0.78,0.631
73449,7.26,25.94,0.91,0.691
73457,9.49,51.26,1.76,1.372
73458,7.32,10.24,0.95,0.496
73470,9.15,85.48,1.56,1.427
73473,4.91,10.72,0.91,0.0
73480,6.72,14.89,1.06,0.553
73481,9.74,34.58,0.96,1.552
73485,7.4,12.8,0.94,0.481
73512,9.13,32.93,1.51,1.043
73513,9.1,11.03,1.51,0.644
73518,6.68,10.25,0.99,1.196
73519,9.11,12.09,1.4,0.753
73530,8.95,12.12,1.04,0.563
73532,8.72,10.52,1.26,0.536
73535,7.72,11.9,1.12,0.249
73544,8.48,13.37,1.58,0.719
73547,7.74,36.84,0.98,0.721
73555,3.49,14.91,0.57,0.956
73560,8.95,13.91,1.44,0.604
73563,8.26,12.21,1.06,0.575
73566,5.83,10.04,0.9,0.164
73577,8.76,17.74,1.18,0.724
73582,8.29,11.59,0.62,0.463
73587,6.59,10.56,1.01,0.18
73592,8.38,10.26,1.36,0.493
73593,7.01,28.29,0.93,0.599
73600,9.06,12.37,0.75,0.601
73608,6.6,10.68,0.96,0.201
73611,8.86,12.38,1.18,0.719
73614,8.33,12.73,1.19,0.435
73620,4.39,17.78,0.9,1.026
73623,7.33,24.91,0.55,0.574
73631,9.87,40.22,1.54,1.188
73633,8.98,41.07,2.11,1.145
73634,5.52,11.85,0.6,1.023
73637,6.59,17.45,0.67,0.449
73639,10.0,21.19,1.96,1.171
73650,7.77,21.34,0.94,0.613
73659,9.99,20.82,1.12,1.106
73674,7.66,21.13,1.74,0.622
73677,8.85,18.21,0.92,0.624
73686,9.98,21.77,1.76,1.209
73695,4.83,78.39,1.03,0.647
73700,7.29,14.95,0.76,0.559
73714,3.25,11.17,0.98,1.674
73715,7.68,14.26,0.63,0.475
73716,7.15,12.65,1.85,0.306
73717,7.72,28.63,1.7,0.752
73722,9.7,15.69,1.84,0.91
73725,9.71,20.3,1.26,0.911
73734,11.0,56.94,1.44,1.5
73739,9.8,11.47,1.59,0.845
73745,4.52,13.04,0.68,1.24
73754,7.18,29.47,0.93,0.573
73758,7.92,10.11,0.9,1.123
73765,7.49,21.31,0.71,0.503
73770,7.79,14.35,0.87,0.456
73772,8.67,13.27,1.29,0.591
73773,9.46,17.81,0.88,0.814
73776,5.16,12.2,0.59,0.935
73786,9.83,52.11,1.97,1.3
73787,9.5,28.11,3.08,1.21
73798,9.93,15.57,1.73,0.633
73805,9.79,15.89,1.85,0.67
73814,9.99,20.9,1.88,1.12
73815,8.18,19.12,1.11,0.656
73833,8.22,15.04,1.01,0.673
73834,7.67,10.94,0.67,0.401
73841,5.59,12.55,0.52,-0.005
73845,9.12,14.62,1.04,0.626
73846,7.56,22.04,1.96,0.596
73847,9.61,13.35,1.52,0.742
73850,6.48,31.4,1.01,0.489
73852,8.31,12.38,1.23,0.524
73859,9.1,10.19,1.21,0.551
73869,8.4,22.59,0.68,0.677
73877,7.22,10.39,1.11,0.23
73883,8.27,12.52,0.77,0.477
73893,9.42,10.3,1.54,0.633
73899,8.28,10.49,1.07,0.94
73909,5.24,12.53,0.53,0.958
73914,7.22,11.17,0.92,0.33
73927,6.13,16.69,0.84,1.04
73934,8.54,30.62,1.0,0.87
73937,5.97,10.44,0.96,-0.076
73938,8.82,10.52,1.46,0.467
73941,6.35,33.91,0.62,0.537
73956,7.91,13.16,0.68,0.43
73958,8.86,14.75,0.99,0.59
73963,10.35,13.57,1.91,0.887
73967,8.8,10.31,1.28,0.95
73983,8.11,12.25,0.84,0.49
73990,8.14,10.29,1.16,0.362
73996,4.93,50.7,0.76,0.429
74000,6.03,13.35,0.77,0.073
74001,7.63,12.7,1.19,0.903
74007,7.78,10.24,0.94,0.426
74014,8.95,12.48,1.48,0.7
74016,6.72,31.21,1.77,0.68
74028,8.63,11.14,1.39,0.592
74033,8.26,15.4,1.37,0.575
74034,11.14,13.84,1.91,1.592
74037,6.82,11.01,0.87,0.413
74045,8.72,33.97,0.69,0.952
74049,7.75,24.27,0.86,0.73
74059,7.66,16.21,1.34,0.727
74065,7.97,10.46,0.93,0.913
74067,8.0,28.29,1.04,0.598
74075,8.78,18.55,1.4,0.653
74078,8.48,13.34,1.14,0.446
74079,7.67,16.8,1.11,0.565
74088,9.18,10.53,1.55,0.57
74092,7.84,21.16,0.61,0.602
74097,8.03,14.44,0.66,0.529
74118,8.28,26.65,1.16,0.852
74126,8.84,20.18,1.25,0.662
74129,7.51,11.02,1.15,0.5
74135,8.87,24.58,0.98,0.799
74144,7.24,12.47,0.95,0.253
74145,7.47,10.92,0.89,0.353
74148,9.32,29.57,1.33,1.07
74149,7.67,10.59,1.09,0.31
74159,9.76,11.0,1.51,0.632
74161,11.68,27.53,2.06,1.417
74164,11.15,22.26,3.13,1.249
74172,8.38,14.38,1.15,0.551
74178,10.82,11.42,1.63,0.882
74182,7.07,10.83,0.98,0.344
74183,7.41,17.84,0.83,0.471
74188,7.12,12.17,1.0,1.057
74190,11.46,68.99,2.63,1.511
74203,7.22,11.55,1.16,0.483
74207,9.33,12.28,1.53,0.664
74210,8.21,12.47,1.23,0.505
74211,8.18,15.95,1.23,0.579
74217,8.68,14.17,1.07,0.655
74218,10.48,14.9,1.96,0.853
74223,9.36,11.85,0.89,0.666
74234,9.44,33.68,1.67,0.85
74235,9.07,34.14,1.36,0.77
74240,7.38,13.58,0.65,0.432
74243,9.41,26.92,1.47,0.99
74255,9.25,27.97,1.41,0.828
74258,8.91,12.91,1.2,0.587
74259,8.88,14.55,1.64,0.722
74261,10.63,39.99,2.41,1.406
74264,8.78,24.06,1.39,0.752
74267,8.34,11.0,1.01,0.596
74268,7.01,32.96,0.95,0.619
74271,7.6,32.26,1.02,0.72
74273,6.29,41.41,0.77,0.623
74286,7.26,16.92,0.8,0.458
74289,8.66,14.65,0.97,0.678
74296,5.88,10.24,0.48,-0.031
74302,7.66,10.6,1.02,0.364
74310,11.14,17.82,2.65,1.121
74326,9.08,13.75,0.82,0.651
74329,7.38,10.19,1.03,1.084
74330,8.5,14.61,0.95,0.561
74331,10.7,30.51,3.73,1.554
74335,9.34,12.44,1.28,0.677
74338,7.21,12.47,1.05,0.344
74341,8.85,13.65,1.2,0.678
74343,8.97,10.56,0.75,0.446
74344,9.86,15.69,1.96,0.756
74346,9.56,18.24,0.99,0.938
74374,9.62,22.63,1.53,1.005
74376,3.88,17.89,1.26,-0.029
74381,7.27,19.03,0.71,0.844
74384,9.36,13.27,1.2,0.77
74388,9.66,14.28,0.97,0.708
74389,7.76,25.31,1.15,0.662
74395,3.41,28.06,0.71,0.918
74396,8.58,32.76,0.95,0.86
74405,9.42,19.96,1.11,0.837
74407,9.19,12.7,0.83,0.725
74417,8.34,19.86,1.28,0.645
74422,7.85,11.59,0.71,0.406
74423,9.22,17.37,1.57,0.906
74431,8.08,10.57,1.38,0.424
74432,6.69,35.14,1.91,0.68
74438,7.55,10.7,1.4,0.475
74439,9.35,16.01,1.53,0.704
74442,8.38,14.69,1.07,0.601
74443,9.28,24.37,1.45,0.772
74464,8.01,12.11,1.17,0.699
74467,9.65,16.47,1.68,0.863
74488,6.65,12.24,0.96,0.238
74493,6.07,14.89,0.93,0.124
74500,6.47,38.98,0.98,0.691
74505,6.31,11.58,0.71,0.064
74525,9.55,14.09,1.82,0.605
74537,6.58,57.8,0.85,0.763
74540,7.76,13.78,1.16,0.929
74544,9.26,13.71,1.38,0.558
74548,8.02,18.06,1.05,0.516
74555,9.84,36.12,1.78,1.117
74566,9.42,13.8,1.42,0.768
74568,8.5,14.14,1.15,0.616
74585,8.25,10.48,1.47,0.716
74593,6.76,14.86,0.9,0.429
74596,5.28,14.4,0.65,0.062
74602,7.99,16.53,0.96,0.552
74605,5.15,39.51,0.47,0.55
74611,9.71,10.85,1.57,0.618
74651,9.21,12.2,1.6,0.547
74653,6.86,37.16,0.72,0.74
74666,3.46,27.94,0.61,0.961
74670,7.11,14.61,0.86,0.336
74672,9.68,14.82,1.58,0.752
74674,7.8,27.61,0.91,0.624
74682,10.7,28.9,2.52,1.35
74684,8.95,12.31,1.34,0.55
74685,8.7,10.44,1.28,0.504
74689,5.62,20.2,0.95,0.181
74690,6.47,16.52,0.58,0.854
74691,7.91,12.77,1.22,0.443
74696,5.96,19.32,0.76,0.21
74702,6.92,64.19,0.97,0.83
74705,8.18,10.86,1.23,0.649
74710,8.52,17.3,1.15,0.64
74713,8.27,12.43,1.01,0.62
74730,7.1,28.65,0.69,0.601
74734,7.66,23.18,1.25,0.5
74746,9.73,10.82,1.51,0.657
74757,10.01,14.17,1.75,0.701
74771,7.85,26.34,2.35,0.748
74773,8.32,14.86,1.11,0.597
74775,6.44,18.75,0.82,0.514
74781,8.57,14.52,1.18,0.572
74782,6.86,21.7,0.91,0.433
74785,2.61,20.38,0.87,-0.071
74788,8.31,10.11,1.12,0.652
74792,9.25,10.16,1.44,0.6
74815,11.08,41.21,3.88,1.366
74818,6.67,10.41,0.52,1.027
74821,7.84,20.86,0.97,0.578
74824,4.07,33.75,0.75,0.088
74825,7.31,14.27,0.9,0.36
74831,7.97,17.31,1.14,0.588
74832,7.88,12.03,1.07,0.407
74840,7.78,11.51,1.23,0.448
74842,7.28,12.05,1.06,0.947
74856,7.72,18.45,1.05,0.617
74857,4.35,10.59,1.0,1.1
74867,10.4,18.04,1.74,0.958
74868,6.86,11.49,0.73,1.022
74875,6.3,12.45,0.8,0.176
74876,6.98,13.2,0.92,0.504
74884,9.19,13.53,1.58,0.611
74888,8.77,16.52,1.21,0.725
74890,7.05,11.9,0.87,1.05
74893,6.59,26.1,1.27,0.566
74896,5.68,11.23,0.85,0.972
74899,8.61,12.33,1.07,0.774
74904,7.77,11.72,1.09,0.835
74911,4.27,11.22,0.96,-0.086
74915,6.87,11.22,0.96,0.093
74916,8.68,10.25,0.81,0.49
74930,7.11,21.07,2.35,0.497
74933,8.6,13.15,1.19,0.569
74946,2.87,17.85,0.52,0.014
74948,6.93,19.13,0.85,0.553
74951,8.69,11.14,1.13,0.451
74954,7.99,29.75,1.05,0.737
74975,5.04,40.46,0.81,0.54
74976,7.39,15.49,0.58,0.587
74981,10.25,34.86,2.02,1.26
74989,8.98,16.9,1.24,0.711
74995,10.57,159.52,2.27,1.6
75000,6.33,11.72,0.6,0.234
75004,8.3,11.05,1.1,0.45
75011,9.03,22.27,1.23,0.83
75015,8.58,13.2,0.78,0.549
75019,9.46,10.62,1.5,0.772
75021,10.18,19.94,1.79,1.118
75024,8.8,18.31,0.8,0.681
75027,7.06,15.4,0.98,0.475
75028,9.24,10.11,1.34,0.528
75029,7.72,16.52,0.8,0.503
75035,9.15,12.08,1.7,0.593
75037,7.74,10.79,0.71,0.395
75038,7.53,22.28,1.04,0.545
75039,6.9,24.81,0.59,0.51
75043,5.65,15.32,0.52,0.122
75048,7.76,12.49,0.9,0.48
75049,5.51,11.9,0.74,1.015
75053,8.65,13.09,1.24,0.524
75055,9.15,14.81,0.79,0.661
75059,8.58,20.89,1.09,0.668
75066,8.4,12.67,0.99,0.508
75069,9.24,22.43,1.4,0.8
75082,8.63,10.5,1.16,0.597
75088,8.01,11.27,1.07,0.51
75090,8.8,32.69,2.02,0.948
75092,7.11,12.24,1.09,1.029
75093,6.14,18.6,0.61,0.369
75096,7.17,14.83,0.92,0.451
75100,7.82,12.52,0.93,0.507
75101,6.34,27.08,0.84,1.062
75104,6.9,22.71,0.75,0.532
75118,6.14,18.31,1.04,0.393
75119,5.35,13.38,0.86,1.191
75122,6.77,22.47,0.89,0.44
75124,10.91,22.17,2.2,1.313
75127,5.54,12.14,0.89,1.047
75132,8.99,24.87,1.36,0.95
75134,7.37,14.7,1.0,0.491
75139,8.49,10.48,1.12,0.438
75152,7.38,16.81,0.58,0.422
75154,8.69,11.23,1.29,0.634
75158,7.45,15.95,1.27,0.475
75164,6.21,10.23,0.78,0.068
75166,8.72,17.13,1.2,0.581
75178,5.38,13.2,0.59,-0.051
75181,5.65,68.7,0.79,0.639
75185,9.24,17.69,1.93,0.847
75187,10.66,87.79,1.93,2.1
75189,8.12,12.28,1.45,0.503
75198,9.94,10.35,1.18,0.694
75201,9.46,52.95,1.55,1.31
75206,4.99,29.27,0.76,0.515
75218,9.47,17.76,0.88,0.82
75220,7.25,13.34,0.82,0.444
75236,8.42,11.03,1.05,0.708
75238,8.64,10.58,1.12,0.67
75239,9.18,10.34,1.39,0.689
75246,8.8,18.41,1.02,0.708
75249,8.45,15.15,1.22,0.712
75252,7.52,11.76,1.12,0.319
75253,7.97,45.83,1.41,0.97
75255,7.68,29.62,2.39,0.657
75266,8.28,39.35,1.37,0.992
75269,8.18,17.31,0.95,0.635
75271,8.4,11.25,1.46,0.492
75274,8.17,10.97,1.39,0.439
75277,7.16,49.67,0.92,0.804
75281,7.91,21.53,1.19,0.656
75283,8.63,12.25,1.06,0.55
75284,8.87,12.69,1.56,0.541
75303,8.04,14.46,0.98,0.526
75308,5.65,24.0,0.75,0.489
75310,8.39,15.37,1.39,0.644
75312,4.99,53.7,1.24,0.577
75317,9.14,17.18,1.47,0.782
75325,7.29,10.51,1.0,1.051
75331,7.59,15.66,0.94,1.076
75332,7.99,12.53,1.02,0.624
75337,10.45,27.21,1.6,1.44
75342,6.11,18.2,0.78,0.264
75363,7.52,35.34,1.23,0.721
75370,8.73,21.91,1.59,0.685
75379,4.92,30.9,0.99,0.453
75383,8.81,12.56,1.87,0.6
75387,10.12,21.77,1.81,0.9
75389,7.33,19.69,1.16,0.794
75390,7.57,10.05,0.73,0.963
75398,10.05,25.41,2.1,1.022
75401,9.88,21.11,2.2,0.909
75407,7.72,25.56,0.61,0.583
75411,4.31,26.96,0.65,0.309
75413,9.63,11.55,1.5,0.665
75416,10.27,26.94,3.14,1.298
75415,6.51,26.82,0.89,0.6
75431,8.6,12.27,0.72,0.647
75432,9.64,13.25,1.51,0.529
75445,8.82,13.62,1.21,0.616
75446,8.98,22.37,1.44,0.723
75448,7.17,14.77,0.95,0.448
75449,8.87,10.12,0.88,0.522
75451,9.16,12.19,1.36,0.757
75458,3.29,31.92,0.51,1.166
75473,9.66,12.46,1.73,0.521
75475,9.63,12.94,1.62,0.567
75479,6.79,16.62,0.6,0.607
75487,8.13,13.45,1.43,0.511
75488,7.89,10.58,1.05,0.377
75495,9.42,32.41,1.42,2.4
75508,7.27,12.06,0.66,0.615
75511,9.34,10.95,1.32,0.614
75521,7.11,17.26,0.89,0.427
75522,6.66,18.08,0.79,0.27
75529,8.8,15.6,0.86,0.797
75528,9.77,11.53,1.11,0.676
75535,6.26,23.95,0.94,0.618
75542,8.82,40.92,1.57,1.045
75554,8.45,10.4,1.13,0.399
75555,8.51,15.7,1.14,0.52
75559,9.24,10.07,1.33,0.554
75569,8.05,14.15,1.0,0.491
75580,7.49,11.15,1.04,0.563
75591,8.35,11.89,1.1,0.494
75595,7.16,19.2,0.61,0.516
75604,9.22,15.37,1.13,0.774
75614,9.77,11.17,1.49,0.641
75618,9.74,13.22,1.61,0.561
75623,8.66,11.4,1.53,0.583
75637,8.69,13.86,1.51,0.61
75638,7.41,12.0,0.95,0.188
75645,7.93,10.3,1.05,0.61
75653,8.01,11.57,1.08,0.544
75654,8.77,11.28,1.13,0.553
75672,9.9,38.38,1.68,1.554
75675,11.58,30.14,2.25,1.605
75676,7.48,31.1,0.71,0.676
75678,6.53,12.01,0.49,0.134
75684,8.81,10.39,1.27,0.54
75686,10.2,39.03,1.7,1.334
75692,7.61,11.46,0.71,1.091
75695,3.66,28.6,0.69,0.319
75700,9.69,11.15,0.95,0.699
75703,9.06,24.04,0.88,0.774
75710,11.07,36.0,2.53,1.61
75718,6.89,50.34,1.11,0.788
75719,9.48,14.76,1.46,0.806
75722,7.57,48.06,1.14,0.868
75728,8.04,11.88,1.67,0.742
75729,7.75,11.09,1.01,0.261
75736,6.49,15.54,0.5,0.303
75752,6.69,17.18,0.65,0.37
75753,10.88,28.77,2.31,1.378
75755,9.14,11.0,1.57,0.499
75761,5.15,26.68,0.75,0.245
75762,6.79,24.49,0.91,0.821
75767,7.64,15.2,0.93,0.47
75776,8.59,10.15,1.34,0.724
75783,6.91,23.2,0.53,0.49
75788,6.45,10.89,0.51,0.079
75794,9.36,11.55,1.45,0.646
75798,10.53,39.78,2.0,1.423
75801,9.56,12.1,1.35,0.664
75802,8.84,11.82,1.25,0.554
75809,6.57,45.32,0.57,0.665
75813,11.6,18.24,2.02,1.13
75819,7.68,18.55,1.04,0.77
75818,6.44,15.88,0.75,0.351
75829,7.3,46.05,0.69,0.803
75831,8.06,12.27,0.99,0.453
75836,8.64,11.15,1.49,0.736
75848,6.69,11.21,0.85,0.398
75852,8.42,11.72,1.15,0.535
75862,7.96,16.09,0.82,0.503
75870,6.93,14.83,0.54,0.378
75894,7.63,13.93,0.7,0.554
75922,9.0,11.77,1.49,0.61
75923,9.16,15.22,1.38,0.648
75939,6.2,13.93,1.02,0.192
75948,7.79,13.06,1.16,0.637
75971,6.57,19.73,0.92,0.38
75974,5.74,10.24,0.51,0.976
75978,10.81,23.03,2.71,1.4
76003,7.71,11.64,1.47,0.574
76006,6.39,14.47,1.04,0.529
76020,8.43,11.07,1.28,0.564
76031,7.42,19.67,2.14,0.646
76033,6.28,13.65,1.64,0.22
76035,7.7,15.07,0.77,0.743
76040,7.92,11.48,0.61,0.516
76042,10.51,31.79,1.32,1.585
76045,10.4,20.06,1.27,1.456
76046,8.41,15.11,1.11,0.624
76058,8.72,19.94,1.21,0.653
76061,7.54,18.38,0.94,0.9
76063,6.23,18.64,0.78,0.212
76074,9.31,168.52,1.42,1.524
76090,9.05,12.47,1.22,0.711
76106,5.5,14.39,0.82,0.197
76114,7.22,32.35,0.85,0.656
76121,9.82,13.35,1.9,0.721
76125,9.85,16.27,1.13,0.907
76127,4.14,10.49,0.66,-0.127
76130,8.98,14.9,1.04,0.625
76131,8.48,10.78,1.15,0.695
76133,5.5,12.06,0.72,1.092
76147,8.97,31.18,1.13,1.01
76150,8.31,10.26,1.12,0.87
76156,8.14,19.21,0.81,0.72
76178,9.02,12.09,0.92,0.548
76186,9.06,15.21,1.22,0.629
76189,8.41,17.09,1.14,0.613
76198,6.49,15.92,0.86,0.341
76200,7.96,30.19,1.08,0.717
76201,7.62,11.47,1.04,0.585
76202,11.37,34.28,1.81,1.475
76203,8.14,26.47,2.1,0.838
76219,4.61,34.54,0.78,1.0
76228,8.74,15.02,1.26,0.745
76233,6.52,39.78,0.83,0.577
76251,7.04,11.38,0.93,0.161
76256,6.98,20.77,0.75,0.793
76267,2.22,43.65,0.79,0.032
76275,8.92,19.93,2.51,0.7
76276,3.8,15.54,0.78,0.268
76277,8.23,10.3,1.11,0.573
76280,8.02,24.38,1.1,0.708
76282,10.89,26.96,2.42,1.564
76291,6.55,16.95,0.76,0.281
76292,8.63,24.36,1.21,0.829
76300,9.93,11.49,1.08,0.763
76304,8.13,12.56,1.12,0.589
76315,8.39,52.43,0.74,1.063
76327,7.44,10.09,0.88,0.478
76328,8.77,17.17,1.45,0.889
76330,8.61,33.37,0.88,0.866
76333,3.91,21.42,0.9,1.007
76338,8.18,12.7,1.17,0.642
76345,9.1,10.46,0.93,0.629
76346,8.91,12.39,1.2,0.615
76351,8.71,26.01,1.88,0.891
76363,9.03,10.69,1.4,0.565
76365,6.7,12.71,0.77,0.325
76368,7.59,12.19,1.66,0.591
76374,11.63,26.52,3.17,1.32
76375,7.65,44.93,0.73,0.946
76376,5.77,13.24,0.53,0.051
76379,8.44,10.16,1.13,0.916
76382,6.78,45.85,0.79,0.906
76384,6.7,16.77,0.59,0.329
76391,8.2,12.69,1.17,0.538
76398,7.49,19.0,0.71,0.633
76400,7.91,16.52,0.95,0.693
76407,6.51,12.49,0.67,0.334
76408,8.51,17.08,1.1,0.74
76418,9.18,10.63,1.41,0.558
76419,8.26,10.41,1.09,0.533
76424,5.93,20.4,0.81,0.354
76425,5.26,13.89,0.7,0.925
76431,7.74,12.67,1.19,0.412
76440,4.11,15.09,0.62,1.161
76446,8.38,16.5,1.81,0.67
76452,11.22,18.21,1.65,1.372
76456,6.46,27.77,0.72,0.433
76461,8.02,10.68,1.02,0.285
76466,8.7,18.82,0.93,0.798
76470,3.6,16.76,0.84,1.361
76484,8.3,12.73,1.49,0.586
76487,8.43,12.01,1.05,0.62
76521,9.58,14.89,1.7,0.904
76528,8.0,10.74,0.99,0.559
76532,5.79,11.97,1.03,1.074
76534,5.25,20.0,0.56,0.886
76540,7.72,22.35,0.67,0.58
76543,7.07,21.13,0.91,0.531
76545,7.39,12.25,1.07,0.387
76548,8.81,13.7,1.31,0.653
76550,11.23,29.21,3.31,1.228
76552,4.34,14.19,0.73,1.412
76556,8.12,13.91,0.71,0.574
76568,5.76,27.98,0.55,0.353
76569,5.82,11.17,0.9,1.077
76575,9.63,14.61,1.44,0.863
76582,6.65,19.03,0.98,0.448
76590,8.67,12.58,1.34,0.473
76602,6.56,44.21,4.72,0.52
76603,6.45,40.19,3.62,0.505
76604,7.45,16.98,0.59,0.455
76615,7.97,10.38,1.14,0.454
76621,8.75,12.07,1.27,0.521
76626,9.09,20.17,1.32,0.854
76629,8.14,25.15,1.09,0.817
76635,7.5,18.14,0.88,0.548
76638,8.54,13.22,1.23,0.518
76639,8.16,11.04,1.22,0.545
76641,8.65,12.63,0.81,0.658
76650,9.74,20.58,1.56,0.976
76666,6.33,10.67,0.89,0.023
76670,9.3,12.38,1.51,0.513
76674,8.99,20.65,1.3,0.729
76675,8.74,13.61,1.16,0.563
76676,8.05,14.11,1.15,0.536
76700,8.14,13.56,1.12,0.515
76701,8.63,24.63,1.48,0.686
76705,4.66,13.32,0.81,0.964
76710,8.4,16.58,1.07,0.581
76713,9.48,19.69,1.85,0.922
76716,5.95,32.34,0.76,0.505
76726,10.2,13.67,1.92,0.781
76736,6.45,12.94,0.62,0.077
76745,7.54,13.86,0.66,0.451
76747,9.52,21.14,1.38,0.903
76748,7.78,16.16,0.66,0.493
76752,7.16,14.02,0.74,0.325
76751,8.11,15.44,1.23,0.7
76757,8.69,13.71,0.72,0.605
76758,9.69,21.03,2.11,0.879
76772,9.5,16.27,1.44,0.646
76779,8.92,63.56,1.36,1.296
76780,8.39,11.7,1.16,0.49
76782,7.96,10.54,1.15,0.408
76786,9.45,12.54,0.8,0.65
76793,8.83,35.44,1.78,0.973
76797,7.58,10.08,1.02,0.293
76799,6.88,11.55,0.8,0.183
76804,7.96,17.93,0.95,0.623
76814,8.23,13.52,0.74,0.433
76829,4.64,57.09,0.72,0.413
76832,12.22,76.57,2.27,1.65
76834,8.03,12.18,1.21,0.45
76837,8.5,18.07,1.93,0.733
76843,6.98,13.43,0.71,0.351
76852,4.51,16.97,0.77,0.062
76853,8.63,10.93,0.81,0.536
76866,5.34,14.28,0.84,0.033
76867,8.62,17.0,0.81,0.63
76875,8.37,10.36,1.29,0.397
76878,5.8,18.78,0.82,0.207
76882,8.27,10.24,0.84,0.593
76899,8.27,15.47,1.25,0.656
76906,7.33,12.79,0.88,0.582
76907,9.06,15.67,1.24,0.775
76910,7.69,10.98,1.07,0.417
76911,8.57,19.19,1.13,0.663
76912,10.03,20.77,2.28,1.092
76915,9.12,16.62,1.33,0.656
76916,8.23,10.09,1.11,0.558
76917,8.81,15.23,1.77,0.84
76926,7.89,15.18,1.09,0.45
76929,10.3,14.66,1.29,0.775
76931,9.77,14.31,1.58,0.677
76939,5.23,12.04,0.78,0.987
76941,10.89,17.86,1.97,1.3
76952,3.81,22.48,0.67,0.02
76953,9.52,10.45,1.39,0.768
76954,7.05,15.23,1.42,0.519
76957,5.48,10.3,0.5,-0.042
76963,7.41,18.1,0.98,0.602
76965,8.32,15.08,1.12,0.574
76976,7.2,17.44,0.97,0.484
76982,6.64,18.56,0.88,0.543
76984,8.5,12.02,1.23,0.684
76990,8.72,27.3,2.64,0.985
76993,7.26,13.69,0.78,0.455
76996,5.57,15.02,0.51,0.118
76997,8.52,12.17,1.38,0.475
76998,9.9,21.47,1.58,1.11
77000,9.0,12.03,1.53,0.582
77019,7.77,17.45,0.99,0.498
77021,7.22,14.84,0.81,0.521
77033,7.67,13.28,0.92,0.389
77048,5.57,13.11,0.58,1.076
77052,5.86,68.16,0.87,0.684
77059,6.62,12.7,0.88,0.962
77060,5.41,22.21,0.86,0.238
77061,8.3,12.59,0.76,0.82
77067,6.83,10.4,0.91,0.353
77070,2.63,44.54,0.71,1.167
77083,8.2,21.23,1.56,0.655
77084,7.36,23.74,0.65,0.624
77088,8.17,10.29,0.89,0.684
77089,8.46,10.8,1.15,0.388
77094,7.26,16.9,0.97,0.415
77098,7.53,34.12,1.62,0.611
77108,8.14,10.81,0.99,0.43
77109,8.05,13.6,0.65,0.498
77110,7.36,15.03,0.61,0.381
77111,6.15,10.16,0.79,0.002
77120,10.14,17.56,1.99,0.896
77122,8.95,11.53,0.78,0.58
77126,10.12,10.96,1.34,0.96
77129,7.49,16.98,0.99,0.451
77138,6.41,10.15,0.95,0.163
77141,10.17,19.16,1.36,1.147
77149,7.09,14.85,0.84,0.401
77152,8.06,20.85,1.04,0.612
77158,8.87,26.13,1.21,0.763
77159,8.03,14.66,1.13,0.661
77179,9.24,21.11,1.32,0.814
77184,10.07,14.86,1.94,0.77
77189,8.41,10.37,1.07,0.499
77199,9.37,24.44,1.39,1.041
77203,7.67,13.53,1.06,0.478
77208,9.28,11.21,1.51,0.491
77210,9.15,20.73,1.36,0.834
77226,9.55,16.19,1.75,0.711
77233,3.65,21.31,0.86,0.073
77235,6.49,14.69,1.68,0.332
77244,7.93,13.67,1.11,0.685
77247,7.64,12.69,1.13,0.695
77252,7.56,12.41,1.33,0.495
77257,4.42,85.08,0.8,0.604
77262,9.43,17.5,1.45,0.841
77263,8.76,17.63,1.05,0.838
77268,10.63,39.78,2.62,1.309
77275,7.78,12.79,0.63,1.055
77277,5.19,12.0,0.5,0.062
77282,8.08,20.74,1.21,0.659
77290,7.76,17.07,0.59,0.49
77291,8.37,10.86,1.0,0.666
77292,9.01,23.3,1.56,0.816
77293,10.23,16.75,1.87,0.95
77301,7.21,27.52,0.61,0.77
77305,8.71,15.79,1.27,0.725
77310,7.1,25.2,0.83,0.497
77316,9.25,10.97,1.27,0.804
77327,9.74,16.3,2.17,0.972
77325,7.38,17.67,0.91,0.66
77326,10.48,12.85,1.74,0.85
77333,9.15,10.94,1.3,0.623
77335,6.94,20.72,0.9,0.512
77336,5.71,12.95,1.01,0.094
77338,7.85,15.75,1.16,0.599
77348,8.05,13.54,1.25,0.789
77349,11.27,64.16,2.49,1.565
77358,6.01,65.6,0.77,0.715
77370,5.85,12.56,0.52,0.249
77372,7.0,19.6,0.99,0.468
77373,7.43,10.81,0.87,0.471
77408,7.44,46.84,1.05,0.801
77409,9.24,37.95,0.83,1.252
77410,8.1,11.73,0.99,0.641
77421,7.85,15.95,1.05,0.537
77427,7.68,13.66,1.04,0.429
77432,8.96,10.09,1.42,0.434
77435,6.71,11.81,0.99,0.13
77438,9.98,18.05,1.13,0.829
77439,8.65,10.92,1.36,0.595
77444,8.48,29.35,1.29,0.898
77451,11.17,24.54,1.87,1.42
77459,7.82,18.22,1.37,0.546
77463,6.65,15.22,0.79,0.423
77464,5.53,20.34,0.7,0.12
77466,9.18,14.11,0.89,0.65
77470,7.81,16.4,0.7,0.483
77482,7.92,10.66,0.65,0.526
77496,10.02,12.45,1.1,0.723
77512,4.59,19.71,0.73,0.794
77514,12.84,57.78,3.37,2.2
77516,3.54,20.94,0.82,-0.036
77517,9.36,19.92,1.49,0.935
77518,11.15,37.46,2.49,1.415
77528,8.59,14.81,0.81,0.743
77532,7.15,12.21,0.83,0.329
77534,6.82,23.06,0.95,0.407
77536,7.54,10.74,1.23,0.584
77542,7.11,10.1,0.83,0.095
77547,8.13,15.13,1.09,0.588
77554,7.62,12.21,1.1,0.423
77574,6.11,22.24,0.77,0.299
77578,5.21,12.4,0.73,1.019
77584,8.28,15.69,1.13,0.623
77598,8.69,11.36,0.85,0.622
77599,9.84,11.54,1.7,0.983
77610,7.46,19.27,1.24,0.495
77617,8.76,17.6,1.47,0.712
77622,3.71,46.39,0.74,0.147
77634,3.97,15.86,0.84,-0.045
77641,8.19,21.56,1.17,0.757
77642,7.69,10.57,1.23,0.546
77643,10.71,20.63,2.22,1.184
77649,9.91,13.56,1.82,0.784
77655,4.79,32.13,0.61,0.996
77660,5.09,20.47,0.82,0.135
77675,7.75,13.55,0.86,0.453
77686,7.95,12.61,1.16,0.601
77707,8.93,27.91,1.27,0.883
77718,7.31,31.8,0.93,0.611
77723,8.93,11.19,1.22,0.622
77725,9.34,44.27,1.56,1.385
77728,8.55,11.55,1.14,0.602
77729,6.39,12.41,0.93,0.991
77731,7.64,13.01,1.01,0.542
77740,7.25,29.89,1.08,0.628
77749,7.85,24.07,0.99,0.67
77760,4.6,63.08,0.54,0.563
77774,8.99,13.66,0.88,0.637
77779,7.06,15.86,0.89,0.526
77790,8.28,33.54,0.77,0.835
77794,9.1,11.47,1.45,0.74
77801,6.07,57.27,0.88,0.598
77807,9.2,18.82,0.9,0.842
77810,8.08,24.68,1.35,0.627
77813,9.25,11.12,1.37,0.739
77816,7.4,18.94,0.95,0.471
77818,8.17,19.7,1.01,0.578
77831,10.65,15.85,1.43,0.963
77835,6.21,11.32,0.88,0.413
77838,6.76,21.7,0.5,0.544
77839,9.17,15.13,1.18,0.727
77843,8.74,12.68,1.36,0.585
77844,9.65,10.59,1.36,0.94
77851,9.95,14.12,1.15,0.765
77853,4.13,20.02,0.88,1.003
77868,8.14,13.76,1.1,0.508
77872,10.68,19.79,2.13,1.022
77879,7.2,12.76,0.83,0.409
77881,9.7,29.29,1.57,1.07
77883,8.72,14.78,1.4,0.672
77893,6.87,11.43,1.02,1.041
77896,8.17,13.29,1.09,0.501
77903,9.93,10.15,1.08,0.553
77910,6.28,13.54,1.05,0.171
77917,7.96,16.49,1.04,0.579
77921,7.55,20.54,1.09,0.621
77930,8.22,15.15,1.11,0.614
77931,8.53,20.29,1.42,0.667
77936,9.32,11.57,0.9,0.644
77938,8.34,13.21,0.77,0.589
77952,2.83,81.24,0.62,0.315
77958,6.68,22.63,0.85,0.402
77960,8.4,11.13,1.34,0.383
77963,8.68,28.23,1.27,0.973
77973,8.13,11.62,0.99,0.472
77979,9.92,11.89,1.77,0.7
77990,5.78,19.09,0.87,0.355
78002,7.33,14.76,1.19,0.498
78007,10.04,10.36,1.16,0.65
78008,9.4,13.1,1.74,0.612
78010,7.78,15.43,0.92,0.526
78012,5.43,24.12,0.59,0.352
78024,6.77,26.54,1.08,0.61
78028,8.63,17.85,0.93,0.643
78030,8.63,10.76,1.27,0.744
78039,10.12,12.15,1.82,0.846
78045,5.76,15.15,0.8,0.087
78048,7.85,11.6,0.8,0.412
78049,9.89,12.19,1.49,0.684
78058,6.29,19.81,0.87,0.462
78059,6.32,15.64,0.79,0.485
78063,9.54,22.93,0.91,0.89
78067,8.45,13.24,1.18,0.502
78072,3.85,89.92,0.72,0.478
78074,10.52,21.59,1.38,1.204
78078,6.11,18.89,0.78,0.243
78085,9.52,11.49,1.34,0.594
78103,8.66,10.93,1.53,0.518
78105,5.14,16.35,2.04,0.129
78113,10.0,15.13,1.91,0.82
78117,6.31,20.22,0.87,0.381
78123,8.82,13.33,1.35,0.569
78125,7.99,14.48,1.36,0.476
78128,9.44,12.66,1.45,0.663
78130,7.29,14.49,0.99,0.448
78132,5.54,14.36,0.8,1.141
78136,8.05,16.32,1.1,0.546
78139,11.19,21.06,2.42,1.9
78143,8.74,10.07,1.25,0.395
78151,8.94,14.17,1.49,0.629
78159,4.14,14.2,0.7,1.231
78161,8.65,16.67,1.02,0.655
78165,9.04,20.66,0.7,0.86
78169,7.33,28.93,0.84,0.621
78170,8.06,68.18,1.02,1.118
78180,4.96,29.57,0.5,0.269
78184,10.31,30.75,1.21,1.267
78186,9.85,11.01,1.62,0.721
78193,7.81,13.3,0.93,0.521
78195,8.3,11.9,1.04,0.433
78204,8.4,14.01,1.1,0.632
78217,7.26,34.35,1.08,0.654
78222,7.33,14.6,0.65,0.399
78225,8.5,17.21,1.39,0.637
78237,9.65,19.93,1.03,0.85
78239,8.89,15.74,1.22,0.637
78241,8.02,38.34,0.96,0.757
78242,9.66,18.28,1.75,0.857
78251,8.96,20.84,1.61,0.637
78259,8.19,11.39,0.96,0.995
78264,8.5,13.03,1.05,0.507
78267,8.0,27.11,0.95,0.581
78282,8.82,11.47,1.4,0.394
78283,7.79,15.13,1.06,0.517
78286,6.04,20.4,0.53,0.289
78296,9.07,14.05,1.15,0.563
78303,8.27,10.26,1.12,0.495
78312,8.94,10.22,1.2,0.657
78313,9.61,19.23,1.75,0.872
78330,7.34,27.71,0.91,0.606
78336,9.04,30.24,1.36,0.935
78343,7.65,32.77,0.96,0.686
78353,10.49,71.84,1.91,1.497
78356,10.53,22.27,1.33,1.547
78360,6.4,11.82,0.95,0.387
78372,9.77,18.26,1.76,0.93
78382,9.6,13.38,0.93,0.748
78393,9.26,15.1,1.6,0.747
78395,10.28,31.67,1.81,1.244
78399,8.05,23.04,1.03,0.643
78400,5.47,30.49,0.94,0.517
78408,7.52,15.33,0.93,0.78
78423,9.99,29.13,1.03,1.292
78425,7.95,17.26,0.92,0.622
78430,9.12,27.26,1.38,0.905
78442,5.82,13.62,0.79,1.003
78450,7.97,16.16,0.98,0.605
78456,9.0,15.62,1.17,0.699
78459,5.39,57.38,0.71,0.612
78461,8.43,14.53,0.75,0.497
78465,7.62,12.01,1.15,0.406
78466,8.01,21.99,1.31,0.639
78474,8.01,10.42,0.7,0.426
78479,7.88,14.13,0.99,0.74
78481,5.1,10.58,0.85,0.992
78505,8.02,17.22,0.79,0.657
78513,6.87,18.14,0.93,0.395
78516,7.67,13.1,0.81,0.597
78519,8.61,16.81,0.75,0.724
78521,9.2,16.85,1.28,0.773
78524,7.85,13.81,0.65,0.667
78527,4.01,47.79,0.54,0.528
78531,8.7,11.49,1.13,0.512
78532,8.42,12.77,1.12,0.484
78547,6.91,25.65,0.83,0.501
78550,8.73,23.1,0.96,0.683
78551,8.26,22.3,1.31,0.7
78553,6.68,14.93,0.65,0.236
78554,4.82,18.42,0.71,0.066
78557,8.78,12.88,1.38,0.557
78562,6.51,28.94,0.78,0.526
78567,11.65,31.38,3.98,1.467
78576,8.64,12.65,1.07,0.714
78581,9.07,11.41,1.21,0.574
78583,7.64,10.3,0.89,0.317
78594,8.11,10.13,1.07,0.558
78597,10.72,13.98,1.8,1.102
78601,7.78,10.47,1.0,0.55
78614,8.75,11.11,1.17,0.628
78615,7.12,13.99,0.99,0.427
78630,9.74,14.67,0.97,0.73
78639,4.65,14.97,0.76,0.902
78647,6.96,19.93,0.99,0.505
78650,4.96,15.39,0.91,1.234
78653,7.84,12.22,0.91,0.533
78656,9.42,10.74,0.85,0.663
78662,4.63,23.26,0.98,0.252
78665,6.0,18.28,0.9,0.47
78674,7.54,11.29,0.91,0.48
78678,10.36,23.84,1.25,1.25
78679,8.07,10.89,0.9,0.471
78680,8.21,21.39,0.86,0.658
78687,9.22,15.63,1.43,0.692
78688,9.11,23.67,2.8,0.974
78697,8.49,18.44,1.28,0.578
78700,9.42,17.45,1.3,0.765
78703,6.85,18.65,0.58,0.488
78704,9.14,15.28,1.47,0.715
78708,8.64,23.73,2.1,0.91
78709,7.1,46.56,0.89,0.771
78711,9.3,11.04,1.49,0.575
78716,7.86,25.24,0.99,0.6
78734,10.08,43.0,1.95,1.345
78738,7.44,35.25,2.56,0.75
78742,6.81,19.25,0.9,0.451
78747,5.91,25.1,0.71,0.409
78752,7.28,15.3,1.29,0.985
78769,9.06,14.3,1.51,0.774
78770,8.65,10.32,1.06,0.826
78775,6.66,69.61,0.57,0.734
78784,9.64,17.93,0.82,0.969
78785,6.74,13.48,0.93,0.465
78788,10.2,13.59,1.54,0.866
78817,7.07,10.54,1.07,0.251
78822,7.86,12.12,1.15,0.453
78825,8.47,18.29,1.08,0.631
78827,8.0,11.48,1.21,0.407
78833,8.68,18.75,1.26,0.674
78839,7.23,12.35,0.88,0.593
78842,7.84,23.85,1.91,0.818
78843,7.39,53.93,1.11,1.043
78849,6.35,12.81,1.22,0.413
78859,8.04,17.1,0.84,0.569
78864,8.31,24.81,1.58,0.803
78866,7.83,11.95,0.63,0.412
78868,5.7,11.31,0.6,1.169
78878,8.45,10.97,1.14,0.593
78883,9.69,27.34,1.63,0.98
78885,8.9,16.08,1.1,0.753
78889,11.27,15.2,2.23,1.125
78892,8.35,13.57,0.73,0.58
78893,5.44,11.92,0.48,-0.019
78897,7.94,13.54,1.16,0.442
78914,4.73,26.41,0.8,0.23
78913,8.58,42.57,0.86,0.963
78916,8.73,12.58,1.15,0.599
78917,8.08,11.14,1.31,0.745
78921,9.9,27.48,1.15,1.17
78923,8.55,21.24,1.01,0.677
78931,10.44,22.91,2.44,1.237
78937,7.84,11.08,1.07,0.358
78947,9.16,26.6,1.37,0.95
78952,9.85,12.05,1.56,0.512
78955,6.32,34.6,1.0,0.66
78970,5.72,19.22,2.0,0.298
78975,9.4,10.36,1.53,0.635
78983,9.25,27.82,1.45,0.915
78986,8.42,14.85,0.78,0.536
78990,4.31,12.32,0.89,0.831
78991,6.61,12.46,0.76,0.147
78993,7.32,12.71,1.15,0.344
78999,10.34,27.86,2.8,1.205
78998,8.61,11.3,1.29,0.682
79002,8.15,11.75,1.13,0.497
79007,5.63,12.12,0.83,0.2
79008,9.77,19.79,2.38,1.0
79027,9.28,11.51,1.06,0.587
79036,7.01,10.47,1.17,0.273
79041,8.39,10.4,1.24,0.46
79048,7.02,29.62,1.03,0.562
79059,7.51,13.1,0.94,0.586
79066,8.7,35.04,1.25,0.963
79067,8.98,19.72,1.16,0.799
79068,8.37,18.31,0.87,0.644
79071,6.69,18.75,1.42,0.507
79101,4.23,14.27,0.52,-0.045
79117,10.16,19.99,1.76,0.85
79119,4.73,28.84,0.54,1.015
79122,7.25,15.22,0.92,0.349
79126,10.24,58.53,1.06,1.585
79127,8.21,19.58,1.42,0.593
79137,5.93,32.84,0.96,0.988
79138,7.45,18.01,1.0,0.506
79139,7.67,15.81,1.11,0.417
79143,7.23,37.3,1.02,0.714
79149,8.66,12.02,1.56,0.648
79152,6.69,27.2,0.61,0.53
79153,5.57,12.02,0.68,-0.024
79165,7.45,30.29,0.97,0.604
79166,7.04,11.23,0.85,0.387
79169,7.89,16.58,1.06,0.64
79170,10.65,15.24,1.94,1.08
79180,9.24,12.82,0.77,0.74
79186,8.31,18.34,0.85,0.676
79190,7.11,69.66,0.9,0.856
79193,8.52,16.14,1.01,0.584
79196,8.33,12.75,1.78,0.627
79203,6.43,20.25,0.91,0.447
79211,8.74,14.19,1.57,0.527
79214,7.16,13.71,1.08,0.596
79226,8.66,11.39,0.78,0.489
79234,7.71,18.37,0.77,0.548
79242,7.7,27.88,0.68,0.79
79248,6.61,55.11,0.59,0.877
79265,9.56,13.25,1.89,0.73
79270,7.53,13.18,0.94,0.43
79276,8.12,24.45,0.67,0.688
79285,7.42,18.44,0.82,0.706
79286,9.12,16.8,1.51,0.573
79292,8.09,13.35,0.68,0.506
79296,8.36,15.36,1.2,0.767
79302,5.09,12.77,0.92,1.131
79304,8.67,16.98,1.28,0.675
79305,7.52,11.11,0.84,0.445
79306,8.17,10.27,1.16,0.485
79307,8.37,15.03,1.09,0.623
79308,8.31,25.7,0.76,0.714
79315,10.29,18.66,1.73,0.97
79320,5.86,14.44,0.95,0.273
79322,6.65,26.24,0.85,0.482
79327,7.59,22.15,0.78,0.555
79346,8.12,18.12,1.1,0.623
79359,9.41,28.62,1.06,1.015
79361,10.5,23.49,2.03,1.158
79375,4.93,19.79,0.94,0.087
79377,7.41,29.78,1.02,0.616
79387,5.43,13.05,1.02,0.118
79396,8.2,20.14,1.01,0.612
79398,7.8,13.7,0.65,0.558
79399,5.67,10.94,0.91,0.012
79406,8.17,10.95,1.08,0.957
79419,9.88,26.57,2.56,1.21
79429,7.74,10.21,0.9,0.41
79431,11.34,67.13,3.55,1.486
79434,8.12,12.27,0.68,0.524
79441,6.48,13.68,0.81,0.391
79448,8.57,15.31,0.85,0.709
79451,7.98,10.75,1.14,0.472
79456,11.01,33.08,2.4,1.321
79472,6.69,11.21,0.83,0.182
79480,7.08,13.55,0.66,0.363
79482,10.48,19.35,2.01,1.155
79487,7.52,13.96,1.07,0.326
79491,8.19,16.38,0.66,0.664
79492,6.68,41.05,1.58,0.764
79497,5.78,14.13,0.69,0.365
79499,7.9,11.62,1.42,0.559
79503,6.96,11.95,1.08,0.296
79512,9.62,34.38,1.02,1.178
79520,7.54,10.93,1.08,0.598
79522,6.45,10.05,0.97,0.997
79524,6.68,25.58,0.85,0.617
79526,8.32,11.89,1.18,0.686
79537,7.53,72.75,0.82,0.815
79545,8.25,14.6,1.08,0.593
79546,8.9,11.47,1.17,0.658
79556,8.38,10.1,0.97,0.478
79559,8.29,11.09,1.07,0.499
79569,8.16,13.42,1.1,0.513
79576,8.65,26.04,1.34,0.661
79578,6.55,45.73,0.95,0.646
79585,7.97,16.89,1.41,0.77
79586,9.34,12.53,1.26,0.6
79588,7.28,12.2,1.39,0.495
79593,2.73,19.16,1.02,1.584
79594,11.4,22.56,2.71,1.333
79595,6.93,10.18,0.94,0.543
79605,6.32,11.56,0.97,1.085
79607,5.23,46.11,0.98,0.599
79613,8.39,12.7,0.69,0.639
79619,7.83,24.58,0.65,0.722
79629,7.67,32.72,0.6,0.659
79633,8.14,10.98,1.09,0.344
79634,7.55,10.03,1.04,0.331
79636,7.8,24.13,0.98,0.603
79653,5.13,11.06,0.73,-0.114
79658,7.53,27.64,0.91,0.614
79661,6.14,13.33,0.87,1.114
79665,9.33,11.5,1.5,0.727
79666,5.72,10.31,0.73,1.126
79667,7.48,10.68,1.05,0.155
79669,7.9,10.91,1.3,0.725
79670,10.43,16.86,2.2,1.0
79672,5.49,71.3,0.89,0.652
79675,8.97,12.66,1.02,0.515
79677,8.19,15.56,0.87,0.53
79678,8.85,10.26,0.82,0.661
79682,8.74,19.72,0.86,0.62
79684,7.74,14.48,1.02,0.767
79685,6.95,11.64,0.56,0.403
79697,8.01,13.22,0.66,0.5
79698,9.65,32.39,1.11,1.227
79702,8.7,38.84,2.96,1.116
79715,8.35,18.07,1.16,0.653
79720,7.8,22.1,0.96,0.522
79730,7.07,21.47,1.01,0.521
79735,9.0,21.08,1.29,0.756
79741,9.19,15.33,1.32,0.673
79749,8.14,12.75,1.41,0.7
79755,8.61,93.79,1.21,1.409
79759,8.12,10.15,0.83,0.461
79762,10.69,93.14,1.38,1.5
79776,8.2,16.65,0.68,0.766
79777,7.63,35.85,1.02,0.76
79779,8.68,10.06,1.19,0.457
79781,6.18,21.0,0.93,0.326
79787,6.4,13.84,1.16,0.793
79789,9.7,12.85,1.65,0.754
79792,8.32,16.44,1.05,0.697
79796,9.87,48.36,1.16,1.251
79797,5.95,18.13,0.69,0.159
79807,9.06,13.41,0.88,0.64
79808,9.8,15.59,1.52,0.824
79812,6.3,12.91,0.92,0.273
79822,4.95,33.52,0.47,0.393
79823,8.19,12.25,0.66,0.427
79833,8.51,10.57,1.15,0.488
79835,7.65,11.26,0.92,0.451
79836,7.21,13.32,1.0,0.511
79837,6.84,34.81,0.82,0.605
79862,7.5,27.71,0.76,0.631
79872,10.54,12.98,1.29,1.038
79881,4.8,23.23,0.8,0.008
79882,3.23,30.34,0.79,0.966
79884,7.76,15.16,1.0,0.544
79888,9.03,20.09,1.62,0.836
79895,7.36,12.77,0.95,0.415
79898,8.71,10.5,1.21,0.451
79917,9.62,15.89,1.57,0.686
79924,9.65,10.15,1.47,0.56
79941,9.83,30.69,0.98,1.143
79946,7.68,24.28,1.02,0.616
79958,9.25,36.13,1.34,1.062
79967,7.09,22.82,0.86,0.642
79969,8.16,27.26,1.11,0.727
79975,7.59,15.3,0.91,0.626
79980,5.53,24.1,1.79,0.466
79981,7.52,23.04,0.59,0.564
79991,8.62,11.17,1.47,0.496
79992,3.91,10.37,0.53,-0.151
79997,8.08,12.14,1.74,0.41
80000,4.01,25.58,0.86,1.08
80008,5.48,37.29,0.52,0.41
80013,7.72,21.46,0.91,0.666
80018,10.56,118.03,2.28,1.55
80043,8.91,38.8,1.37,0.941
80053,10.69,32.97,2.62,1.377
80058,10.22,23.97,2.34,1.015
80060,6.56,10.96,0.87,0.385
80064,9.4,12.31,1.68,0.87
80065,8.62,23.35,1.32,0.708
80074,7.51,11.99,0.61,1.012
80081,9.49,11.5,1.41,0.567
80083,11.37,23.99,2.66,1.177
80086,10.49,12.9,1.88,0.791
80093,8.99,62.86,0.9,1.286
80096,9.11,23.36,1.25,1.16
80107,9.39,11.24,1.65,0.861
80109,8.72,19.52,1.22,0.713
80117,7.92,14.82,1.11,0.551
80118,8.57,16.64,0.99,0.6
80122,10.8,18.34,1.68,0.752
80124,8.73,10.39,1.2,0.565
80129,8.2,10.89,1.18,0.795
80134,8.08,12.47,0.9,0.555
80146,8.79,13.63,1.68,0.632
80160,7.44,10.32,0.99,0.321
80161,5.26,11.09,0.47,1.115
80162,9.83,16.67,1.46,0.783
80163,8.34,14.1,1.32,1.065
80168,8.58,16.45,1.29,0.527
80170,3.74,16.69,0.73,0.299
80171,8.8,13.46,1.16,0.68
80179,4.82,36.56,1.01,0.338
80181,4.86,17.76,0.63,0.97
80182,8.18,19.73,1.15,0.544
80195,7.32,13.83,0.99,0.433
80200,7.04,11.3,0.62,0.435
80218,7.34,36.22,1.05,0.718
80220,8.41,12.84,1.37,0.55
80221,8.31,25.56,1.09,0.69
80229,11.82,41.01,3.69,1.45
80232,9.62,18.58,1.02,0.757
80240,6.87,12.66,1.06,0.373
80243,8.71,27.56,0.7,0.815
80250,8.3,23.43,0.95,0.763
80262,8.44,24.97,1.08,0.724
80264,7.42,19.39,0.58,0.516
80266,8.14,19.15,1.26,0.571
80268,10.23,59.46,2.05,1.458
80269,9.62,10.56,1.39,0.571
80271,9.33,10.54,1.04,0.604
80273,8.15,16.32,1.32,0.572
80279,7.65,16.27,0.73,0.495
80284,8.94,12.11,0.81,0.649
80287,9.33,11.92,1.52,0.557
80288,8.6,14.77,1.44,0.497
80290,9.6,12.29,1.53,0.626
80293,8.67,14.42,1.32,0.664
80295,10.4,20.67,2.17,1.009
80299,9.91,12.56,1.79,0.747
80300,11.01,78.04,2.4,-0.165
80303,9.73,13.27,1.12,0.541
80315,9.25,22.95,1.6,0.905
80331,2.73,37.18,0.45,0.91
80336,7.17,12.71,0.83,0.277
80337,5.37,77.69,0.86,0.625
80343,4.48,18.32,0.89,0.996
80346,10.27,124.34,1.16,1.475
80350,9.24,12.52,1.47,0.58
80352,7.99,12.53,1.06,0.637
80355,8.83,13.74,1.23,0.538
80358,9.27,15.53,1.5,0.723
80360,7.91,12.14,0.71,0.807
80363,7.96,12.47,1.01,0.583
80364,6.93,23.51,0.56,0.575
80366,8.4,46.44,1.2,0.95
80369,9.36,14.45,1.51,0.694
80374,8.01,13.97,1.14,0.498
80376,9.12,13.09,1.85,0.879
80381,9.99,34.65,5.03,1.239
80382,8.67,10.45,0.84,0.651
80384,10.04,13.47,1.8,0.739
80391,7.54,11.48,1.03,0.5
80398,7.21,16.3,1.2,0.43
80399,5.4,31.82,1.12,0.625
80414,7.17,13.23,0.61,0.478
80421,6.32,10.92,0.96,0.187
80422,8.49,10.86,1.37,0.445
80423,9.32,13.97,1.3,0.615
80424,10.08,15.08,2.11,0.705
80440,10.4,55.81,2.19,1.444
80441,9.24,11.14,0.94,0.54
80448,7.33,22.04,2.82,0.3
80454,9.92,17.47,1.59,0.863
80456,7.74,12.68,1.13,0.488
80460,5.53,12.73,0.57,0.174
80459,10.13,151.93,1.11,1.591
80463,4.57,13.87,0.94,0.002
80467,7.09,29.64,0.55,0.624
80472,9.21,10.19,1.36,0.54
80475,7.4,13.1,0.97,0.425
80480,5.55,23.61,0.52,0.249
80484,8.23,13.39,1.19,0.589
80486,7.96,10.17,1.24,0.575
80489,9.01,12.03,1.18,0.751
80490,7.61,11.17,1.47,0.792
80491,9.19,17.51,1.36,0.733
80512,10.03,17.2,1.56,1.024
80522,10.07,17.86,1.91,0.96
80538,6.51,14.01,0.53,1.065
80543,6.7,12.52,0.82,0.647
80559,10.69,36.14,2.09,1.44
80561,8.63,11.4,0.75,0.45
80570,7.22,17.32,0.86,0.509
80587,7.69,18.98,0.98,0.552
80597,9.97,32.72,1.8,1.387
80602,7.99,12.14,1.01,0.491
80603,8.6,11.45,1.25,0.654
80605,8.23,11.09,1.15,0.604
80608,8.58,19.5,1.56,0.645
80611,8.37,11.06,0.76,0.499
80612,10.82,46.19,2.85,1.448
80625,8.24,10.92,1.59,0.6
80628,4.62,26.67,0.87,0.185
80629,8.12,12.35,1.06,0.548
80644,8.83,56.43,1.31,1.253
80645,5.28,24.75,0.68,0.383
80647,8.03,10.76,0.87,0.42
80655,8.3,16.93,1.12,0.704
80665,9.87,13.9,1.6,0.75
80672,5.79,10.22,0.83,1.104
80677,7.19,14.69,1.23,0.441
80680,7.69,18.85,1.03,0.56
80683,8.7,34.17,1.23,0.98
80685,7.51,13.33,0.93,0.408
80686,4.9,82.61,0.57,0.555
80687,6.89,16.87,0.96,0.95
80696,8.82,11.24,1.22,0.576
80700,8.81,21.5,1.27,0.77
80708,6.46,10.89,1.04,1.378
80719,6.49,21.55,1.18,0.41
80722,8.58,13.4,1.31,0.531
80725,6.98,51.2,1.49,0.848
80736,7.57,15.25,1.05,0.725
80738,7.68,16.22,0.61,0.585
80741,9.23,12.27,0.93,0.69
80742,8.34,20.0,0.68,0.639
80743,8.12,11.33,0.67,0.475
80751,10.07,29.98,1.74,1.222
80753,9.6,12.8,1.5,0.689
80758,9.77,10.34,1.52,0.794
80759,9.28,12.25,1.57,0.522
80770,7.51,10.18,1.09,0.479
80781,10.74,13.89,1.61,0.8
80784,7.93,18.58,1.18,0.664
80789,10.24,11.8,1.53,0.578
80793,5.66,12.18,1.01,0.823
80805,8.02,13.02,1.46,0.575
80812,9.21,11.66,0.91,0.6
80816,2.78,22.07,1.0,0.947
80817,12.27,45.35,5.06,1.474
80818,6.98,19.7,0.56,0.582
80824,10.1,234.51,1.82,1.604
80827,7.88,11.12,1.0,0.584
80831,7.47,18.31,0.96,0.609
80837,7.27,24.34,0.9,0.545
80838,8.15,12.68,0.79,0.611
80844,8.64,12.53,1.39,0.546
80855,7.93,12.36,0.95,0.424
80857,9.22,11.29,1.52,0.662
80861,8.44,10.48,0.85,0.536
80883,3.82,19.63,1.34,0.022
80884,7.17,12.26,1.7,0.573
80886,8.59,13.45,1.08,0.509
80889,10.74,24.42,2.15,1.165
80894,4.29,15.53,0.77,0.924
80902,7.01,36.73,0.56,0.607
80910,6.07,14.48,0.82,1.085
80925,7.24,40.6,1.75,0.858
80926,6.97,12.36,0.93,0.904
80930,8.9,14.42,1.28,0.738
80933,8.26,12.86,1.14,0.602
80936,8.52,20.62,1.21,0.76
80939,7.5,12.18,1.62,0.357
80953,5.61,14.48,0.58,0.125
80963,7.77,13.88,0.62,0.478
80964,6.51,11.11,0.91,0.429
80968,7.28,11.85,1.02,0.496
80975,4.45,18.66,0.71,0.13
80982,8.89,13.09,1.2,0.636
80984,8.17,13.78,0.86,0.649
80987,8.65,13.32,1.07,0.559
81007,5.63,10.12,0.94,-0.044
81008,4.84,10.29,0.87,1.495
81009,9.06,13.29,1.55,0.705
81010,7.02,24.2,1.06,0.543
81011,9.07,12.11,1.24,0.56
81013,8.9,10.13,1.26,0.44
81016,7.36,10.97,0.54,0.332
81018,12.13,61.08,5.13,1.47
81022,7.89,15.75,1.07,0.68
81023,8.82,23.49,1.3,0.868
81027,6.84,10.82,0.83,0.279
81029,8.75,13.15,1.54,0.563
81030,10.6,32.04,2.53,1.344
81040,9.02,10.24,1.3,0.68
81041,7.37,21.8,0.9,0.573
81044,8.73,13.03,1.35,0.589
81046,10.18,16.7,1.94,0.789
81053,10.41,13.93,1.13,0.82
81061,8.32,18.75,1.09,0.582
81062,7.24,19.03,0.99,0.533
81065,3.86,20.44,0.53,0.923
81068,8.23,13.83,1.14,0.461
81071,8.45,19.4,1.25,1.19
81073,6.74,11.31,0.8,0.243
81084,11.3,31.32,2.61,1.439
81085,6.59,17.74,0.61,0.442
81088,9.53,12.29,1.53,0.749
81093,9.07,14.61,1.27,0.65
81110,9.56,12.41,1.43,0.703
81126,4.2,10.79,0.61,-0.013
81129,7.94,10.91,0.98,0.891
81139,9.92,31.94,0.97,1.12
81145,8.94,13.07,1.29,-0.28
81165,11.53,25.44,3.27,1.463
81166,9.23,11.85,1.54,0.589
81170,9.6,20.71,1.5,0.736
81174,8.11,12.32,1.16,0.528
81176,9.65,17.79,1.8,0.926
81177,8.02,20.62,1.09,0.706
81179,8.83,12.3,1.21,0.664
81181,10.59,21.73,2.26,0.95
81186,9.36,26.61,0.93,0.926
81193,8.52,14.38,1.02,0.505
81197,8.42,13.32,1.21,0.822
81201,11.04,26.78,1.75,1.367
81206,9.33,11.66,1.62,0.77
81210,8.58,12.36,0.83,0.666
81215,9.1,17.08,1.41,0.763
81217,8.06,13.04,1.14,0.512
81219,6.89,10.87,0.59,0.639
81223,9.1,15.36,1.39,0.605
81225,8.45,11.85,1.3,0.7
81229,8.56,13.3,1.75,0.653
81235,8.84,10.04,1.16,0.507
81237,8.74,25.32,1.15,0.749
81240,8.86,11.16,1.29,0.631
81248,7.43,10.62,0.65,0.208
81250,8.59,10.76,0.9,0.528
81251,10.58,12.77,1.9,0.66
81261,7.95,11.14,0.78,0.983
81262,8.78,44.77,1.4,1.096
81269,8.51,17.78,1.25,0.704
81274,8.21,16.01,1.09,0.561
81279,7.25,19.32,1.0,0.523
81288,8.99,32.73,0.83,0.825
81294,10.35,25.54,2.27,0.949
81295,9.83,11.12,1.47,0.708
81300,5.77,102.27,0.85,0.827
81312,7.1,25.37,0.72,0.555
81330,9.0,14.04,1.63,0.765
81335,6.89,18.17,0.92,0.374
81339,7.7,13.15,0.94,0.523
81347,7.85,17.93,1.12,0.783
81348,9.49,39.04,1.29,1.2
81349,7.92,12.54,1.25,0.463
81353,7.68,21.17,0.84,0.576
81357,6.87,10.99,0.84,1.007
81366,8.48,11.6,1.39,0.445
81369,8.68,10.24,1.21,0.559
81370,8.02,14.74,0.98,0.511
81371,9.24,20.78,1.75,0.817
81375,7.09,49.63,0.92,0.828
81378,9.6,25.32,3.5,1.058
81385,9.18,37.92,1.33,1.363
81387,10.0,17.42,1.61,0.915
81390,8.31,21.41,0.82,0.835
81405,8.57,11.73,1.16,0.576
81407,8.95,30.89,1.37,0.965
81421,8.05,26.56,1.22,0.763
81422,7.6,12.09,1.67,0.97
81424,8.04,17.4,0.92,0.563
81425,6.3,14.39,0.73,0.433
81437,5.28,12.6,0.46,1.055
81453,8.1,10.99,0.6,0.536
81456,9.82,13.09,1.69,0.72
81459,7.5,15.46,0.8,0.73
81461,8.5,14.37,1.18,0.613
81462,8.21,11.52,1.14,0.546
81464,7.53,11.57,1.05,0.44
81465,10.38,29.87,2.21,1.19
81467,8.39,13.01,1.35,0.509
81469,9.45,21.62,1.48,0.88
81470,9.5,11.49,1.17,0.724
81476,7.66,17.0,0.97,0.621
81478,8.61,26.94,1.88,0.7
81490,10.22,19.08,1.7,0.988
81498,8.21,21.41,1.13,0.585
81504,9.1,12.29,1.34,0.671
81512,9.23,13.58,0.83,0.658
81520,7.01,46.13,0.91,0.616
81524,7.83,11.23,1.01,0.435
81533,9.16,15.75,1.79,0.759
81540,8.66,14.04,1.19,0.629
81547,9.71,10.34,1.51,0.65
81552,7.59,10.35,1.05,0.611
81560,7.26,10.73,0.72,0.188
81563,11.88,45.89,1.98,1.77
81580,6.33,23.02,0.89,0.492
81588,9.37,13.23,1.44,0.651
81592,7.61,31.23,2.21,0.7
81598,8.62,26.39,1.45,0.876
81603,8.78,16.36,2.03,0.71
81605,8.61,22.69,0.95,0.714
81608,6.72,13.91,1.0,0.548
81610,9.55,10.61,1.47,0.614
81617,8.58,10.78,1.17,0.322
81631,9.05,12.29,1.41,0.549
81633,9.0,31.34,0.77,0.982
81634,6.92,10.73,0.96,0.136
81641,5.77,10.76,0.87,-0.004
81650,6.3,20.48,0.89,0.321
81656,8.36,16.44,0.73,0.496
81657,6.17,32.5,0.77,0.488
81661,7.35,11.47,0.89,0.387
81662,7.67,22.31,0.93,0.591
81671,8.4,11.7,1.12,0.486
81675,7.77,12.03,1.1,0.479
81676,8.52,10.14,1.03,0.565
81681,7.21,33.84,0.96,0.631
81687,6.25,21.22,1.06,0.313
81693,2.81,92.63,0.6,0.65
81698,8.67,10.94,0.71,0.561
81703,8.52,11.84,1.17,0.649
81704,7.5,11.68,1.02,0.456
81706,8.01,14.64,1.29,0.463
81713,8.25,13.28,1.0,0.499
81716,9.42,21.42,1.79,0.884
81719,9.01,16.68,1.24,0.657
81726,7.07,17.55,0.94,0.525
81728,6.07,12.44,0.74,0.214
81729,5.92,23.35,0.69,0.402
81730,11.15,26.06,2.28,1.374
81732,7.64,11.65,0.71,0.407
81734,5.74,19.7,0.86,0.336
81741,5.84,11.16,0.82,0.653
81746,7.03,35.18,1.01,0.653
81748,7.95,19.26,0.99,0.69
81749,8.0,14.99,1.0,0.754
81754,5.55,23.5,1.05,0.436
81755,8.22,19.6,0.65,0.578
81763,7.9,12.45,0.81,0.397
81767,7.84,18.14,1.19,0.683
81768,7.59,13.48,1.25,0.4
81782,9.83,11.69,1.51,0.65
81794,9.22,17.97,1.94,0.735
81795,8.56,14.72,1.17,0.58
81800,6.48,34.0,0.5,0.541
81805,8.06,10.94,0.75,0.427
81810,8.06,15.76,2.25,0.75
81813,7.56,41.15,0.57,0.769
81819,7.16,18.98,1.06,0.78
81827,11.5,30.26,3.63,1.437
81831,8.95,24.42,1.27,0.717
81833,3.48,29.11,0.52,0.916
81840,6.18,11.04,0.51,0.088
81845,8.15,11.53,1.22,0.891
81846,7.41,10.08,1.2,0.317
81852,4.23,20.69,0.51,1.06
81854,5.99,27.78,0.69,0.43
81862,9.52,26.46,0.92,0.901
81870,8.05,10.17,1.07,0.558
81873,6.02,10.7,0.66,0.037
81875,8.84,11.06,1.07,0.468
81878,9.44,10.83,0.94,0.737
81880,7.19,22.91,0.98,0.573
81896,8.62,21.72,1.21,0.73
81905,9.12,11.31,1.21,0.564
81910,6.72,21.26,0.89,0.674
81911,6.02,18.19,0.57,0.321
81919,8.3,36.59,2.13,1.052
81926,8.76,14.06,0.88,0.714
81935,7.52,69.58,0.99,1.024
81939,6.58,10.9,0.94,0.097
81947,8.06,19.24,0.66,0.646
81952,8.76,12.51,1.32,0.74
81959,7.22,10.49,0.53,0.301
81961,8.66,16.42,0.78,0.727
81962,9.25,18.4,1.39,0.71
81971,7.46,10.7,1.12,0.189
81980,10.35,17.64,2.0,0.965
81981,7.94,10.87,1.2,0.415
81988,10.31,21.78,1.73,1.04
81991,6.55,21.06,0.91,0.89
81996,7.32,20.28,0.78,0.987
81998,10.43,25.65,3.1,1.17
82003,8.1,102.35,0.88,1.31
82007,6.98,10.46,1.02,0.446
82015,9.67,10.74,1.51,0.696
82020,4.84,37.41,0.48,0.375
82030,9.95,24.36,1.34,1.14
82032,7.59,18.42,0.82,0.539
82041,8.15,11.78,0.77,0.486
82042,9.45,26.54,1.15,0.96
82046,7.11,12.34,1.01,0.558
82059,8.16,18.59,1.25,0.677
82062,8.35,10.26,1.27,0.561
82068,7.33,16.92,0.87,0.51
82088,9.17,16.98,1.59,0.734
82090,9.05,16.71,0.81,0.753
82092,9.46,30.78,1.01,1.081
82095,9.68,12.04,1.64,0.7
82099,11.74,60.34,3.39,2.4
82100,8.39,12.76,0.8,0.611
82113,8.0,15.95,0.64,0.495
82114,8.12,13.18,1.01,0.496
82117,8.38,10.21,0.69,0.612
82120,8.2,28.73,1.2,0.685
82142,6.72,16.48,1.08,0.356
82155,8.6,10.2,1.0,0.537
82169,10.76,36.48,2.22,1.502
82186,7.71,17.48,1.12,0.49
82190,8.57,11.08,1.15,0.577
82201,7.79,12.93,1.01,0.451
82206,10.59,22.58,1.28,1.23
82210,8.41,23.72,0.67,0.666
82211,9.9,17.52,1.62,0.982
82227,8.19,11.66,1.19,0.47
82233,7.43,23.17,0.99,0.566
82235,8.15,10.67,0.92,0.414
82238,6.69,10.14,1.49,0.377
82244,8.69,10.59,1.16,0.549
82246,8.79,10.63,0.76,0.576
82256,11.36,62.66,2.1,1.6
82257,12.24,91.13,2.33,0.16
82260,7.62,27.35,0.98,0.767
82265,8.08,25.46,1.1,0.772
82267,8.4,30.96,0.76,0.821
82268,8.92,14.98,0.81,0.699
82272,7.39,14.63,1.0,0.475
82283,10.89,55.09,2.22,1.468
82284,7.88,18.62,2.02,0.569
82289,7.11,14.67,1.07,0.764
82302,7.38,15.67,0.94,0.901
82303,7.96,16.08,1.11,0.499
82305,7.96,10.52,0.72,0.466
82312,7.48,10.03,0.58,0.224
82321,4.82,18.62,0.53,0.087
82325,8.08,11.41,0.65,0.47
82333,9.67,44.16,1.15,1.264
82334,7.38,11.48,1.03,0.399
82339,6.18,13.47,0.83,0.234
82350,5.91,11.34,0.8,0.015
82357,10.33,36.9,1.97,1.33
82359,7.82,13.26,0.92,0.457
82363,3.77,10.41,0.69,1.562
82369,4.64,27.04,1.08,0.478
82370,9.59,29.07,1.73,1.104
82372,6.98,10.73,0.81,0.508
82374,9.57,14.51,1.47,0.661
82383,10.23,22.91,2.02,1.22
82384,8.82,13.81,1.3,0.599
82388,7.95,24.15,0.98,0.627
82389,8.85,37.36,1.21,1.02
82396,2.29,49.85,0.81,1.144
82402,5.48,17.3,0.77,0.108
82405,6.32,16.71,0.9,0.401
82408,9.49,32.89,0.94,1.18
82409,9.46,12.62,1.85,0.526
82426,6.16,10.36,0.61,1.014
82431,8.23,13.42,1.12,0.673
82434,10.06,27.76,2.06,1.094
82440,9.2,32.82,0.81,1.093
82460,6.68,14.71,1.36,0.529
82469,7.72,15.57,0.84,0.583
82470,8.07,15.29,0.72,0.512
82471,8.03,13.68,0.73,0.644
82475,8.08,10.1,1.08,0.291
82496,9.39,18.27,0.82,0.889
82506,7.1,14.08,0.76,0.354
82510,6.62,17.62,0.95,0.479
82515,7.23,18.67,0.86,0.448
82522,10.5,18.87,1.34,1.05
82523,12.34,31.55,3.09,2.1
82525,7.73,11.82,0.99,0.471
82537,7.83,11.36,1.2,0.986
82540,9.13,17.46,1.19,0.7
82553,7.61,17.39,0.81,0.473
82559,9.93,13.75,1.11,0.838
82562,8.93,11.68,1.38,1.582
82568,6.81,20.95,0.79,0.529
82573,9.2,14.12,0.87,0.714
82578,11.11,15.24,1.33,1.552
82580,6.82,10.56,0.5,0.318
82587,5.34,33.3,0.62,0.319
82588,6.65,59.04,0.87,0.749
82599,8.92,17.56,1.43,0.6
82613,8.67,16.6,1.74,0.586
82621,5.86,35.73,0.96,0.685
82626,7.97,10.46,1.04,0.525
82629,7.84,14.98,1.16,0.544
82632,9.18,11.74,1.42,0.711
82636,6.81,21.13,0.58,0.631
82637,9.02,10.31,1.51,0.466
82643,9.55,10.58,1.38,0.57
82644,8.69,19.29,0.8,0.663
82661,9.36,13.52,1.39,0.676
82663,7.65,10.89,0.89,0.405
82673,4.39,13.95,0.72,-0.088
82679,8.18,11.17,0.64,0.676
82688,7.82,20.99,1.17,0.591
82690,9.12,11.96,0.93,0.791
82693,6.25,13.7,0.96,0.283
82694,10.75,52.43,1.97,1.405
82697,9.23,12.94,1.5,0.661
82700,7.95,10.21,0.73,0.342
82708,7.21,15.27,1.16,0.538
82709,8.4,16.46,1.51,0.623
82712,8.52,25.33,1.17,0.706
82713,9.88,12.24,1.53,0.724
82722,9.66,25.17,1.38,1.027
82729,3.62,21.67,0.85,1.393
82730,5.23,13.14,0.77,1.1
82732,8.3,14.8,1.3,0.639
82733,9.33,16.9,1.67,0.79
82737,6.57,11.03,0.89,0.144
82738,7.68,18.04,1.05,0.544
82739,11.78,30.54,3.47,1.457
82750,7.07,25.0,0.53,0.676
82753,8.63,13.89,1.05,0.656
82757,8.38,11.6,1.04,0.716
82759,9.47,10.62,0.91,0.609
82764,5.39,12.8,0.77,0.966
82779,7.55,11.49,0.78,0.314
82798,6.35,12.72,0.76,0.339
82809,11.73,153.96,4.04,1.7
82811,10.0,15.57,1.81,0.9
82817,9.02,174.23,3.9,1.553
82820,11.55,25.68,2.78,1.699
82834,9.58,53.54,1.69,1.378
82835,10.0,17.51,1.74,0.9
82836,8.53,11.11,0.84,0.519
82837,7.4,11.09,0.91,0.455
82844,10.76,24.29,1.52,1.567
82851,9.4,24.92,1.51,0.954
82853,8.99,14.6,0.91,0.674
82860,4.88,66.28,0.48,0.481
82861,6.33,24.72,0.85,0.952
82872,8.06,10.34,0.93,0.531
82880,6.29,10.27,0.47,0.259
82886,7.09,20.2,0.54,0.493
82887,9.53,15.62,0.86,0.853
82892,7.24,10.6,0.78,0.252
82896,8.7,19.73,0.7,0.659
82898,6.4,14.9,0.89,0.383
82902,5.94,10.35,0.82,-0.069
82910,8.87,11.9,1.66,0.6
82915,7.67,11.61,0.9,0.483
82926,11.18,68.71,5.02,1.51
82930,8.34,25.67,2.47,0.904
82935,8.26,13.54,1.14,0.544
82950,9.3,12.06,1.58,0.647
82954,8.01,21.92,1.02,0.613
82956,8.17,19.08,1.2,0.651
82964,8.14,19.75,0.68,0.618
82979,6.15,13.0,0.84,1.0
82983,9.11,13.44,1.09,0.556
82989,6.38,16.29,0.77,0.93
82995,9.61,15.7,1.35,0.8
83001,8.77,14.6,1.44,0.59
83000,3.19,37.99,0.75,1.16
83006,7.93,57.13,0.71,1.004
83010,10.66,26.23,3.3,1.354
83017,8.89,15.21,1.79,0.67
83020,7.76,55.71,1.21,0.98
83032,7.85,11.63,1.2,0.515
83043,9.7,96.9,1.48,1.522
83052,8.28,10.92,0.82,0.443
83058,8.33,13.15,1.27,0.533
83069,8.04,15.25,0.73,0.553
83083,6.89,18.72,0.83,0.646
83089,7.26,12.84,0.94,0.435
83090,6.48,20.67,1.21,0.391
83099,8.51,18.24,1.38,0.661
83100,6.05,12.13,0.98,0.179
83101,8.33,52.3,2.05,1.181
83107,8.21,17.74,1.04,0.614
83109,7.74,13.96,0.77,0.455
83114,6.41,11.46,0.52,0.725
83120,9.3,21.49,1.42,0.978
83123,7.35,11.96,0.87,0.4
83135,8.74,10.31,1.17,1.006
83137,7.55,16.37,0.96,0.416
83138,6.04,10.99,0.5,1.165
83141,9.35,29.22,1.0,0.984
83146,8.06,12.09,1.07,0.657
83153,4.06,10.72,0.79,1.452
83163,6.63,19.73,0.8,0.569
83174,7.18,20.9,0.92,0.47
83177,8.89,14.71,1.48,0.645
83179,9.82,11.48,1.69,0.731
83181,7.98,22.87,1.06,0.652
83187,5.64,19.74,0.8,0.194
83189,8.3,13.15,0.86,0.488
83193,9.35,32.73,2.6,1.164
83195,9.73,22.34,1.83,0.942
83196,5.74,30.05,1.01,0.407
83202,6.5,19.76,1.01,0.403
83204,7.38,23.41,0.92,0.594
83207,3.92,20.04,0.65,-0.018
83214,7.72,10.98,1.26,0.69
83217,9.41,20.11,1.03,0.798
83218,6.98,11.19,0.66,0.414
83221,8.02,26.79,0.99,0.7
83222,7.48,22.97,0.65,0.52
83223,6.57,13.69,0.87,0.233
83224,7.35,10.13,1.01,1.096
83225,8.06,10.44,0.6,0.514
83226,10.05,14.25,1.98,0.766
83229,6.99,31.77,0.85,0.581
83235,5.95,11.18,0.84,1.161
83239,8.18,21.37,1.16,0.567
83241,8.78,12.75,1.28,0.613
83243,8.02,13.72,0.89,0.457
83247,6.93,17.67,0.67,0.532
83251,8.92,13.95,1.45,0.566
83265,8.35,10.02,0.68,0.76
83267,10.57,21.53,1.15,1.552
83271,7.73,11.56,1.0,0.384
83274,6.57,23.34,0.7,0.427
83276,7.12,38.21,2.12,0.608
83288,9.07,15.38,1.8,0.758
83294,8.46,10.99,1.13,0.463
83305,7.28,15.82,0.54,0.523
83312,10.27,13.29,1.88,0.855
83313,5.27,11.05,0.62,0.028
83317,6.17,22.26,0.49,0.306
83321,6.43,10.08,0.9,0.279
83337,8.5,11.12,0.91,0.463
83339,7.61,10.91,0.95,0.293
83341,7.99,15.77,1.02,0.504
83343,8.77,34.38,1.33,1.007
83363,8.74,39.32,1.33,1.035
83373,8.98,28.24,1.59,0.89
83380,7.46,11.74,0.89,0.583
83388,7.02,10.15,0.8,0.234
83389,6.76,55.37,0.55,0.728
83398,8.51,15.03,0.8,0.666
83399,8.3,10.32,1.05,0.614
83400,9.1,10.28,1.29,0.513
83402,7.09,10.75,0.9,0.165
83415,9.45,23.56,1.72,0.849
83425,10.47,19.21,1.94,1.071
83431,5.27,37.97,0.84,0.498
83435,6.52,27.58,0.79,0.77
83443,9.25,13.46,1.56,0.533
83451,8.61,39.71,1.57,1.019
83454,10.34,40.18,4.76,1.369
83458,8.18,13.5,1.08,0.602
83477,7.9,11.33,1.31,0.481
83478,5.91,12.38,0.69,0.01
83480,6.7,10.54,0.85,0.19
83489,9.12,11.97,1.42,0.643
83491,5.91,15.61,0.8,0.409
83494,6.08,18.5,0.56,0.2
83500,8.85,17.48,0.79,0.584
83507,9.04,11.41,1.35,0.653
83514,8.52,10.24,1.45,0.826
83517,7.84,14.74,0.66,0.447
83522,9.67,11.38,1.47,0.701
83541,6.59,55.31,0.89,0.814
83546,8.59,14.65,0.73,0.619
83547,7.39,19.28,1.26,0.565
83562,9.15,13.34,1.37,0.667
83566,6.6,11.37,0.97,0.264
83578,8.9,13.19,1.37,0.608
83585,9.53,10.67,1.45,0.645
83591,7.7,92.98,1.04,1.1
83594,6.28,10.22,0.85,0.074
83601,6.0,49.06,0.89,0.578
83608,4.91,37.08,0.89,0.471
83609,9.25,19.22,2.1,0.607
83610,8.6,11.92,0.73,0.576
83612,8.38,19.22,2.1,0.607
83613,4.89,22.68,0.72,0.125
83630,9.02,20.76,1.19,0.759
83646,8.82,14.92,1.24,0.52
83648,8.28,11.64,0.67,0.46
83650,6.18,15.16,1.11,0.281
83651,10.46,18.06,1.84,1.211
83652,9.07,16.89,0.82,0.791
83654,8.65,23.29,0.79,0.793
83660,8.33,12.58,0.7,0.553
83662,10.01,17.74,2.0,0.859
83664,7.38,20.28,0.57,0.593
83676,8.8,32.81,1.37,1.015
83683,9.16,12.73,0.9,0.598
83684,6.29,10.17,0.91,0.128
83690,8.67,11.84,1.25,0.62
83691,8.53,23.54,1.11,0.75
83698,8.41,11.64,1.05,0.491
83700,9.7,10.44,1.47,0.672
83701,7.82,18.86,1.05,0.506
83707,8.6,16.46,1.42,0.64
83709,7.95,13.18,1.1,0.558
83716,8.31,18.73,2.14,0.723
83736,9.25,12.77,1.53,0.686
83738,6.34,11.38,0.89,0.209
83751,8.67,15.32,0.8,0.594
83761,8.99,15.26,1.31,0.716
83762,11.61,73.94,3.01,1.56
83767,7.47,16.31,0.88,0.448
83768,10.2,17.2,1.69,0.819
83770,7.83,29.68,1.16,0.735
83772,10.11,10.71,1.05,0.686
83774,6.68,11.67,0.62,0.151
83779,8.16,13.01,1.24,0.494
83787,6.85,10.38,0.71,0.401
83797,9.42,35.65,1.69,1.111
83802,6.89,11.17,0.82,0.255
83815,7.99,12.71,0.94,0.395
83822,7.89,14.25,0.66,0.435
83827,7.21,27.68,0.71,0.562
83838,5.41,18.55,0.61,0.309
83846,8.3,44.44,1.52,1.051
83853,6.06,12.0,0.96,0.074
83855,6.67,12.47,0.88,0.505
83862,7.07,13.99,0.71,0.42
83863,7.25,18.21,0.97,0.623
83867,7.7,12.74,1.05,0.513
83874,7.68,21.84,1.08,0.617
83875,8.73,17.3,1.27,0.616
83877,9.69,12.37,1.52,0.712
83889,8.71,15.02,1.45,0.636
83896,5.93,12.21,0.73,0.276
83899,8.63,14.61,0.95,0.562
83906,6.35,28.26,0.89,0.697
83911,8.09,13.84,1.15,0.485
83919,8.38,10.26,0.73,0.465
83929,11.02,22.62,1.8,1.597
83934,8.95,14.59,1.55,0.58
83941,10.7,26.41,2.15,1.294
83942,7.03,15.38,0.83,0.539
83945,11.77,137.84,8.95,1.696
83947,5.07,11.73,0.53,1.275
83949,7.28,23.04,0.69,0.545
83950,7.37,11.71,0.61,0.466
83953,7.0,16.29,0.88,0.561
83961,9.91,12.36,1.82,0.734
83962,5.43,24.79,0.87,0.465
83969,9.23,10.05,1.35,1.04
83970,8.14,14.97,1.08,0.5
83977,8.89,12.46,1.15,0.767
83980,10.22,15.52,1.65,0.901
83983,8.21,15.2,1.11,0.713
83985,9.5,14.73,1.49,0.767
83990,7.38,73.07,0.91,0.889
83988,8.85,47.14,1.88,1.152
83995,10.45,20.4,1.26,0.992
83996,9.34,47.86,3.11,1.257
83997,9.07,10.6,1.33,0.585
83999,6.82,13.12,1.14,0.94
84001,7.3,12.56,1.13,0.45
84012,2.43,38.77,0.86,0.059
84022,7.54,14.27,0.66,0.452
84028,8.33,26.38,1.11,0.869
84033,5.06,10.87,0.83,0.867
84034,6.71,11.6,1.03,0.176
84035,8.81,12.16,1.75,0.5
84040,7.24,11.86,0.71,0.937
84048,8.4,10.24,1.05,0.43
84051,10.05,79.53,1.82,1.457
84054,6.2,11.41,0.71,0.227
84056,6.81,13.13,1.04,1.03
84062,6.98,35.47,1.25,0.705
84068,8.1,11.87,0.81,0.485
84069,7.24,14.59,0.91,0.699
84070,6.94,11.91,0.82,0.392
84082,6.77,22.83,0.84,0.569
84092,7.51,10.33,1.02,0.287
84098,9.41,14.19,1.62,0.634
84108,6.12,10.33,0.54,0.185
84121,7.53,28.34,0.98,0.637
84122,8.08,15.7,1.2,0.526
84123,11.45,92.58,5.11,1.6
84128,8.15,10.09,1.18,0.573
84129,7.14,14.65,0.57,0.464
84131,9.29,11.12,1.57,0.619
84132,7.25,11.94,1.06,0.699
84138,8.5,13.34,1.41,0.53
84140,9.31,158.17,3.26,1.485
84143,3.32,45.56,0.79,0.441
84150,5.66,15.46,0.72,0.042
84152,8.55,11.34,1.17,0.726
84158,6.21,14.3,0.7,1.062
84159,9.2,11.71,0.96,0.604
84161,9.77,10.21,1.42,0.534
84163,8.79,12.46,1.25,0.519
84164,9.19,17.74,1.51,0.851
84166,7.8,10.24,1.12,0.465
84169,7.23,18.28,0.59,0.684
84171,8.07,28.27,0.62,0.801
84179,8.43,17.22,1.17,0.67
84181,8.29,11.6,1.33,0.588
84182,7.57,23.59,0.93,0.491
84183,5.54,24.01,0.47,0.216
84187,9.36,14.0,1.33,0.575
84195,7.95,48.69,1.03,0.941
84197,8.68,11.97,1.2,0.722
84198,7.03,11.04,0.97,0.408
84203,9.92,33.08,1.01,1.12
84208,8.76,10.54,1.15,0.555
84212,11.61,47.05,3.27,1.49
84216,10.75,20.75,2.06,1.011
84217,6.65,14.55,0.99,0.504
84223,10.07,41.97,4.53,1.28
84229,6.82,17.73,1.04,0.394
84230,6.87,11.06,1.21,0.379
84253,9.92,22.49,1.92,0.945
84255,8.89,25.05,1.27,0.692
84263,8.5,11.9,1.25,0.551
84264,7.61,13.48,0.59,0.432
84277,12.0,52.76,4.18,1.548
84284,9.01,11.83,1.49,0.579
84300,7.79,10.74,1.28,0.457
84303,8.49,34.27,2.01,0.925
84307,7.91,13.75,1.06,0.485
84309,8.41,16.27,0.97,0.62
84314,6.64,11.78,0.8,0.427
84315,8.94,27.03,1.03,0.966
84322,9.34,29.35,1.49,0.992
84323,7.42,17.6,0.99,0.474
84350,9.05,14.44,0.8,0.753
84352,7.89,12.29,0.68,0.413
84359,8.15,10.91,1.11,0.402
84372,7.22,22.68,1.0,0.786
84374,8.41,18.86,1.19,0.687
84379,3.12,41.55,0.65,0.08
84397,8.07,14.9,1.03,0.518
84402,5.98,10.63,0.98,1.096
84404,8.92,13.21,1.29,0.795
84405,4.33,167.08,1.07,0.855
84407,8.54,10.18,1.11,0.86
84414,8.42,10.07,1.18,1.058
84416,9.95,14.59,1.75,0.765
84417,8.67,13.08,1.3,0.734
84419,8.54,11.02,1.25,0.603
84421,8.72,10.51,1.02,0.841
84425,5.95,32.6,1.7,0.58
84433,7.68,11.28,0.99,0.304
84442,9.12,14.33,1.74,0.597
84452,10.22,30.89,1.98,1.273
84459,7.7,10.27,1.04,0.48
84460,11.01,55.24,2.22,1.773
84476,10.48,15.34,2.16,1.03
84478,6.33,167.56,1.06,1.144
84487,10.47,40.17,1.85,1.429
84489,6.09,31.03,0.83,0.479
84491,7.53,17.64,1.05,0.665
84497,8.22,17.05,1.08,0.594
84510,6.24,10.06,0.57,-0.004
84514,4.72,14.97,0.72,1.119
84515,8.27,11.72,1.12,0.5
84520,8.05,24.55,0.67,0.676
84521,11.49,66.92,2.86,1.517
84529,9.19,10.77,1.33,0.646
84532,7.48,13.88,0.62,0.48
84533,7.27,15.15,1.1,0.336
84541,8.04,19.13,0.66,0.744
84548,7.51,14.26,0.89,0.415
84551,5.53,19.8,0.72,0.514
84562,8.85,14.72,0.86,0.6
84572,8.14,16.12,1.1,0.644
84579,8.93,12.51,1.4,0.71
84583,9.66,15.11,1.59,0.684
84586,6.87,31.83,0.74,0.798
84594,10.92,23.02,2.09,1.176
84595,8.45,12.03,1.5,0.729
84600,6.86,11.59,0.99,0.416
84606,4.64,18.34,0.55,0.043
84607,8.43,41.58,1.04,1.015
84609,8.69,15.19,1.28,0.6
84611,8.96,13.68,1.41,0.66
84616,7.93,53.97,0.68,1.019
84632,6.87,12.02,0.83,0.412
84633,9.44,23.45,1.48,0.94
84636,6.59,21.2,0.92,0.647
84642,9.51,18.28,1.43,0.754
84643,7.91,11.1,0.99,0.53
84652,10.59,48.26,1.99,1.44
84656,5.97,10.2,0.56,1.011
84660,9.36,10.2,1.34,0.513
84665,8.74,10.96,1.35,0.602
84676,8.02,16.85,0.99,0.637
84679,10.69,13.19,1.58,0.759
84684,9.67,17.4,1.8,0.789
84691,5.68,10.24,0.65,0.981
84696,6.66,27.38,3.0,0.534
84702,7.55,12.75,0.62,0.574
84709,5.91,143.45,17.12,1.082
84712,7.81,12.01,1.07,0.553
84714,7.96,11.93,0.65,0.554
84720,5.47,113.81,1.36,0.764
84734,7.01,10.89,1.0,0.119
84737,8.33,14.3,1.17,0.942
84740,9.06,19.7,1.05,0.81
84754,10.04,18.42,1.96,0.841
84759,6.27,17.95,0.8,0.413
84781,8.14,14.79,1.07,0.782
84785,6.66,15.04,0.57,0.332
84787,6.67,18.15,0.83,0.614
84790,11.37,80.98,1.77,1.56
84791,8.99,10.38,1.49,0.498
84794,11.26,83.01,6.03,1.628
84801,6.31,18.74,0.86,0.85
84800,9.12,13.55,1.4,0.581
84803,7.93,14.03,1.69,0.66
84816,11.24,24.42,1.66,1.145
84822,8.44,14.79,1.27,0.605
84824,7.94,18.13,1.01,0.594
84827,6.53,25.78,0.82,0.598
84837,8.8,10.16,0.88,0.509
84855,6.36,24.96,0.67,0.427
84856,6.5,20.41,0.93,0.578
84862,5.38,69.48,0.56,0.619
84866,8.77,14.49,1.26,0.745
84879,8.05,17.54,1.59,0.5
84880,4.32,16.86,0.86,0.037
84883,6.46,21.19,1.05,0.326
84885,8.5,11.23,1.26,0.5
84886,8.26,12.64,0.68,0.973
84893,4.39,57.48,0.93,0.394
84895,7.67,12.18,0.94,0.297
84905,6.95,25.88,0.95,0.571
84907,8.61,20.58,1.18,0.769
84913,7.68,17.33,1.14,0.472
84914,8.93,16.99,1.0,0.63
84916,7.55,10.18,0.69,0.918
84920,6.9,13.13,0.68,0.573
84924,7.79,25.64,1.09,0.627
84936,8.7,17.63,1.64,0.608
84945,7.45,12.08,0.73,0.408
84949,5.55,15.53,1.16,0.667
84956,8.9,10.37,1.34,0.581
84969,4.76,10.46,0.66,1.194
84975,6.67,12.05,0.9,0.927
84977,8.21,10.61,0.88,0.559
84987,9.03,10.88,1.39,0.59
84988,7.0,35.85,0.7,0.607
84992,9.71,16.59,1.56,0.864
84994,9.26,12.33,1.47,0.597
84999,8.02,14.81,1.48,0.536
85000,7.73,17.2,0.89,0.492
85007,6.88,33.54,0.84,0.526
85010,6.81,24.98,0.87,0.504
85017,7.84,29.87,1.2,0.783
85019,6.42,27.03,0.78,0.541
85025,8.16,10.77,1.04,0.671
85026,10.89,37.79,2.55,1.363
85038,6.75,15.63,1.01,0.248
85039,7.57,15.81,0.81,0.426
85042,6.28,51.39,0.85,0.68
85047,9.63,15.15,1.35,0.804
85050,8.48,10.42,1.1,0.536
85064,6.94,15.21,1.12,0.689
85074,8.87,14.2,0.75,0.594
85081,9.42,14.78,1.79,0.82
85086,6.53,10.09,0.55,0.293
85100,7.76,12.34,1.08,0.389
85101,8.72,12.12,1.07,0.507
85104,9.58,15.88,1.01,0.797
85105,6.65,12.72,0.89,0.43
85106,8.25,11.58,0.78,0.528
85118,7.92,12.48,1.03,0.563
85122,8.68,19.58,1.07,0.801
85126,11.64,42.5,4.11,1.47
85129,8.03,24.64,0.99,0.687
85131,8.74,10.06,1.22,0.56
85132,7.59,12.56,1.13,0.92
85137,8.89,25.66,0.96,0.8
85141,7.84,15.51,1.17,0.621
85145,9.38,10.7,1.39,0.692
85157,5.7,23.37,0.75,0.229
85158,6.92,30.46,0.91,0.588
85165,8.5,12.32,1.1,0.574
85178,8.94,10.38,1.49,0.63
85179,7.62,11.44,0.61,0.414
85184,9.4,12.76,1.19,0.725
85186,10.62,16.21,1.57,0.874
85196,7.57,17.45,0.63,0.7
85199,9.57,14.25,1.12,0.708
85207,5.82,10.81,0.94,0.939
85209,8.07,19.78,1.07,0.3
85211,6.66,15.53,0.84,0.388
85222,7.79,12.08,1.03,0.524
85235,6.44,78.14,0.51,0.759
85236,8.2,13.45,1.25,0.824
85238,9.65,11.46,1.21,0.737
85241,7.62,15.37,1.11,0.483
85244,7.82,24.42,0.67,0.667
85246,9.8,18.23,1.79,0.934
85250,6.79,13.13,1.01,0.962
85253,9.74,17.6,1.65,0.825
85268,6.46,36.8,0.54,0.619
85272,9.1,14.06,1.33,0.654
85285,8.37,20.78,1.21,0.642
85295,7.54,129.54,0.95,1.359
85297,11.15,20.59,3.0,1.184
85299,9.03,14.24,1.52,0.76
85307,6.44,16.19,0.8,0.457
85326,8.85,21.2,1.68,0.81
85340,4.16,38.96,0.87,0.283
85342,7.04,21.51,0.94,0.482
85354,10.33,17.03,1.91,0.972
85360,8.03,22.67,1.48,0.67
85365,4.53,33.28,1.04,0.385
85373,9.67,14.04,1.26,0.84
85378,8.48,14.51,0.93,0.626
85381,7.14,13.64,0.73,0.483
85382,5.94,11.63,0.54,-0.017
85397,6.2,22.08,0.82,0.517
85400,8.62,11.41,0.85,0.637
85402,8.02,16.8,1.1,0.594
85408,8.38,16.1,1.12,0.634
85414,8.31,19.71,0.68,0.681
85416,9.66,16.71,1.49,0.796
85422,8.38,10.97,1.24,0.459
85423,4.28,29.26,0.86,0.402
85425,7.88,32.04,1.24,0.685
85426,8.76,13.9,1.27,0.607
85434,7.24,12.99,1.1,0.1
85436,7.69,33.36,0.92,0.82
85437,8.7,19.64,1.14,0.725
85447,9.65,14.42,1.79,0.92
85454,8.15,10.84,1.23,0.684
85461,8.32,12.13,1.1,0.993
85468,8.36,11.29,1.21,0.62
85470,5.72,10.44,0.93,1.169
85474,6.37,10.97,0.88,0.57
85511,8.89,15.05,1.07,0.62
85515,8.83,11.03,1.3,0.516
85523,9.38,220.43,1.63,1.553
85524,7.6,11.12,0.99,0.373
85533,10.45,27.04,2.2,1.267
85532,8.11,12.1,0.97,0.542
85537,5.41,15.86,0.69,0.237
85538,8.63,13.19,1.34,0.651
85548,8.39,17.25,2.0,0.597
85561,9.61,55.03,1.68,1.272
85567,8.0,11.27,1.2,0.669
85575,8.42,22.18,0.71,0.708
85582,8.99,42.4,3.76,1.143
85583,8.48,11.64,1.68,0.578
85588,8.52,22.39,1.26,0.675
85598,6.74,12.49,0.77,0.374
85602,8.73,12.43,1.37,0.575
85610,7.82,14.55,1.37,0.546
85620,7.66,22.32,0.63,0.581
85622,6.36,13.88,1.18,0.93
85632,7.68,13.11,1.05,0.564
85633,8.48,11.23,1.12,0.438
85639,8.68,25.28,0.81,0.884
85647,9.58,61.98,1.81,1.46
85653,7.22,44.77,0.59,0.737
85661,6.72,11.52,0.84,0.319
85666,6.47,10.55,0.79,0.056
85665,9.33,100.17,1.3,1.461
85667,5.31,60.8,1.42,0.715
85675,8.14,20.34,1.75,0.756
85682,6.94,12.43,0.83,0.393
85683,6.91,19.61,0.96,0.505
85686,9.95,23.64,1.08,1.066
85699,5.78,20.88,0.48,0.239
85703,7.39,10.46,0.96,0.375
85704,7.93,16.28,0.98,0.527
85707,7.14,14.17,0.87,0.328
85726,8.07,15.44,1.21,0.541
85727,3.6,17.42,0.73,-0.104
85738,8.46,12.54,1.28,0.51
85741,7.45,16.67,0.93,0.521
85745,7.14,11.34,1.63,0.538
85747,7.93,14.74,1.09,0.556
85757,8.15,13.31,1.27,0.663
85756,7.99,13.09,0.68,0.765
85774,10.04,19.38,2.49,0.93
85781,6.91,11.92,0.75,1.087
85790,5.66,11.86,0.57,-0.001
85792,2.84,13.46,0.95,-0.136
85799,6.98,19.85,0.85,0.534
85805,5.07,15.02,0.54,1.077
85810,6.52,42.2,0.56,0.639
85819,4.89,32.96,0.53,0.251
85822,4.35,17.85,0.48,0.021
85825,8.08,11.4,0.66,0.415
85829,4.86,32.64,0.53,0.279
85840,6.84,13.18,0.65,0.206
85846,7.97,16.81,0.73,0.581
85850,10.21,21.35,1.35,0.956
85857,8.2,12.2,0.71,0.473
85882,9.66,13.47,1.5,0.653
85887,11.3,23.87,1.66,1.8
85906,7.65,13.71,0.65,0.456
85911,8.65,14.58,1.25,0.573
85912,5.65,27.26,0.73,0.505
85920,8.55,13.91,1.28,0.63
85922,5.61,20.66,0.77,0.187
85924,7.62,13.19,0.85,0.372
85930,5.68,10.2,0.82,1.002
85940,7.85,10.59,0.98,0.596
85944,8.5,10.09,1.22,0.656
85949,8.03,12.8,0.89,0.465
85954,7.36,13.38,2.0,0.356
85960,7.6,27.04,0.87,0.6
85963,7.4,13.4,0.99,0.447
85964,7.28,15.57,0.53,0.517
85969,7.09,24.56,0.81,0.667
85970,8.71,10.26,0.92,0.68
85977,8.65,29.46,1.25,1.2
85989,8.0,13.79,1.13,0.482
85999,9.15,12.38,1.4,0.52
86010,9.15,10.45,1.5,0.542
86013,8.37,20.9,1.18,0.577
86022,7.88,12.9,1.13,0.448
86024,7.4,13.47,1.33,0.518
86032,2.08,69.84,0.88,0.155
86036,5.23,70.98,0.55,0.602
86051,8.75,30.43,1.35,0.79
86057,10.13,102.3,2.21,1.543
86062,10.16,16.53,2.11,0.905
86063,10.02,15.88,1.74,0.83
86067,8.74,13.26,0.8,0.649
86079,7.9,12.39,1.15,0.453
86083,9.28,12.88,1.54,0.65
86086,7.7,18.51,1.06,0.47
86087,9.98,70.95,1.09,1.456
86113,8.61,12.87,0.97,0.676
86119,6.94,10.28,0.85,0.273
86135,8.72,18.91,1.08,0.727
86138,11.14,22.03,3.08,1.972
86141,8.55,52.57,0.73,1.089
86143,7.37,12.68,0.85,0.866
86162,9.15,220.85,0.92,1.505
86170,4.26,22.64,0.94,1.075
86173,7.44,18.54,1.15,0.549
86178,6.04,15.07,0.57,0.158
86179,6.84,11.14,0.86,0.209
86184,6.33,23.53,0.54,0.596
86187,8.05,11.3,0.68,0.441
86189,8.29,11.49,0.65,0.565
86193,7.28,27.26,0.86,0.693
86199,8.5,24.05,1.21,0.764
86201,4.77,42.62,0.53,0.43
86214,10.94,198.32,2.43,1.655
86219,5.87,10.17,0.5,1.016
86221,9.25,32.05,2.28,1.16
86222,7.93,11.86,1.07,0.409
86226,8.72,14.37,1.26,0.541
86228,1.86,11.99,0.84,0.406
86229,8.37,13.5,0.91,0.594
86232,7.43,13.4,0.87,0.606
86234,7.56,15.78,0.66,0.551
86237,8.53,13.89,1.1,0.504
86239,9.0,11.15,0.9,0.555
86245,8.38,17.27,1.18,0.623
86252,7.68,12.46,1.0,0.375
86254,5.76,13.59,0.66,0.114
86263,3.54,30.93,1.03,0.262
86282,9.29,45.17,4.41,1.36
86286,6.68,17.82,1.68,0.757
86287,9.62,123.02,1.62,1.53
86288,9.52,16.6,1.26,0.725
86289,7.16,29.8,0.93,0.641
86292,8.05,18.31,0.73,0.583
86294,8.98,11.16,1.32,0.763
86300,7.97,14.93,1.28,0.571
86302,7.5,19.54,0.66,0.569
86305,5.25,23.71,0.75,0.195
86327,10.35,18.49,2.22,1.586
86340,9.1,41.82,0.81,1.117
86360,8.71,10.31,1.34,0.59
86368,7.43,12.53,1.03,0.997
86373,6.12,10.68,0.99,0.567
86375,7.24,18.97,1.07,0.714
86376,7.68,12.29,1.07,0.451
86378,7.12,10.29,0.75,0.302
86385,7.7,19.38,1.18,0.573
86393,9.51,11.32,1.55,0.51
86394,8.11,10.53,0.91,0.543
86399,7.18,14.75,0.65,0.453
86400,6.53,93.36,1.25,0.959
86411,11.36,14.97,1.78,1.15
86415,8.43,21.04,1.21,0.682
86419,7.41,26.38,0.91,0.632
86420,7.57,14.29,1.14,0.404
86425,8.07,11.76,1.06,0.46
86427,8.22,10.08,1.4,0.374
86431,8.39,18.32,0.78,0.576
86438,8.37,12.22,0.69,0.697
86453,9.02,13.76,0.88,0.63
86455,8.57,12.37,1.17,0.607
86456,8.39,37.83,0.71,0.93
86459,7.3,11.38,0.61,1.071
86470,9.76,17.63,1.52,0.831
86481,7.01,13.18,0.57,0.442
86482,6.79,13.21,0.73,0.559
86485,8.3,12.33,0.74,0.497
86486,4.76,45.72,0.79,0.415
86509,10.32,22.13,1.97,1.07
86516,7.3,13.63,1.04,0.677
86521,9.75,23.78,1.3,0.986
86534,9.67,24.18,1.03,1.065
86536,9.15,11.01,1.29,0.404
86540,7.6,34.57,0.68,0.72
86542,11.0,20.1,2.2,2.8
86551,7.8,11.05,1.18,0.655
86565,4.24,19.41,1.07,0.086
86568,9.72,17.0,1.02,0.76
86569,9.38,16.72,1.8,0.9
86596,6.73,11.08,0.88,0.52
86598,8.33,13.15,1.21,0.574
86613,8.45,12.34,0.77,0.528
86614,4.57,45.38,0.82,0.434
86616,12.18,26.13,2.94,1.6
86620,5.81,44.8,1.94,0.53
86621,8.47,13.35,0.75,0.725
86623,5.54,28.15,0.81,0.387
86642,7.29,24.06,0.69,0.633
86652,7.98,11.4,1.2,0.478
86661,9.74,30.38,1.51,1.05
86672,9.02,13.7,1.58,0.757
86690,7.75,16.81,1.15,0.512
86691,10.02,21.9,1.67,0.824
86702,9.21,13.83,1.44,0.703
86707,10.68,50.8,3.38,1.507
86721,7.92,12.46,1.17,0.73
86722,7.51,42.45,0.98,0.752
86731,5.73,26.13,0.63,0.683
86736,4.86,57.0,0.79,0.469
86741,8.73,13.95,1.14,0.548
86742,2.76,39.78,0.75,1.168
86765,7.67,33.36,1.09,0.676
86769,6.36,23.43,0.89,0.384
86775,7.82,15.8,0.65,0.554
86776,10.49,105.39,1.15,1.528
86781,9.06,11.78,0.73,0.644
86786,7.21,12.22,0.88,0.983
86796,5.12,65.46,0.8,0.694
86797,8.07,10.46,1.23,0.476
86804,9.89,19.29,1.02,1.028
86814,7.49,17.89,1.16,0.536
86815,6.51,22.67,1.34,0.472
86819,6.58,13.01,0.96,0.33
86824,8.23,13.45,0.82,0.518
86833,8.01,10.68,1.11,0.682
86847,5.87,12.12,0.95,0.163
86852,8.46,10.49,1.27,0.468
86855,8.35,11.45,0.7,0.526
86868,8.59,14.57,1.23,0.584
86877,7.62,12.72,0.88,0.716
86878,8.49,11.45,1.13,0.473
86882,8.14,21.63,1.05,0.769
86914,9.24,14.6,1.53,0.737
86916,10.69,44.5,1.41,1.045
86919,7.99,12.94,1.34,0.456
86938,11.91,26.89,3.79,1.44
86940,8.16,15.36,0.99,0.559
86945,9.36,12.41,1.53,0.61
86952,8.83,13.37,0.75,0.618
86961,10.49,161.77,11.29,1.463
86963,11.39,161.77,11.29,1.439
86965,8.55,13.58,1.46,0.629
86974,3.42,119.05,0.62,0.75
86975,8.03,15.88,1.01,0.631
86985,7.35,18.02,0.92,0.671
86990,10.75,172.08,2.22,1.66
86991,7.51,28.58,0.83,0.617
86992,8.19,16.07,1.07,0.558
86994,9.18,11.28,1.38,0.577
87010,10.58,25.85,1.24,1.36
87013,9.06,13.43,1.29,0.605
87017,8.51,15.47,1.02,0.525
87034,8.22,22.21,1.24,0.661
87035,10.65,21.36,2.18,1.019
87048,7.86,11.24,0.92,0.51
87055,8.55,18.09,0.64,0.66
87059,8.84,12.06,1.11,0.6
87066,9.25,16.42,1.63,0.688
87070,7.36,11.12,0.93,0.393
87079,7.74,25.1,0.63,0.619
87083,9.08,21.65,1.41,0.82
87084,9.94,15.25,1.54,0.866
87086,8.69,15.24,0.72,0.61
87088,7.53,12.31,0.91,0.403
87089,8.91,26.16,1.16,0.822
87091,9.01,32.66,1.09,0.98
87092,9.54,20.65,1.73,0.847
87100,7.16,20.22,0.77,0.594
87101,9.68,10.61,1.53,0.672
87106,9.73,13.0,1.66,0.781
87108,3.75,34.42,0.99,0.043
87116,7.2,37.19,1.15,0.748
87117,7.61,10.67,0.64,0.834
87124,7.7,13.33,0.66,0.844
87135,7.78,18.9,0.66,0.647
87142,7.84,12.86,0.97,0.393
87145,8.49,14.14,0.71,0.501
87147,9.17,17.89,1.44,0.797
87149,7.74,10.02,0.96,0.309
87152,8.18,17.91,0.86,0.632
87154,8.35,18.11,0.99,0.711
87155,8.53,12.16,1.24,0.654
87158,5.69,13.04,0.68,0.938
87162,7.99,13.32,1.2,0.529
87168,10.07,15.77,1.25,1.008
87174,6.09,19.58,0.78,0.283
87182,9.54,29.63,1.44,1.153
87194,5.09,15.94,0.61,1.141
87198,8.42,14.14,1.17,0.474
87202,7.51,10.9,1.38,0.453
87204,7.18,18.8,0.63,0.514
87207,9.02,24.29,2.01,0.88
87211,6.7,19.34,0.55,0.373
87212,5.02,15.03,0.47,0.043
87223,6.65,19.78,0.81,0.355
87234,5.02,31.13,0.47,0.518
87247,7.51,10.82,0.97,0.36
87261,3.19,25.71,0.87,1.192
87272,8.59,13.44,1.14,0.734
87273,7.02,10.08,0.96,1.111
87292,9.29,30.13,1.45,0.974
87308,5.51,12.23,0.56,1.071
87312,6.77,17.44,0.74,0.529
87316,7.69,16.25,0.98,0.583
87322,10.17,45.67,2.06,1.419
87323,8.33,12.38,1.07,0.623
87330,9.1,31.99,1.48,0.964
87341,6.14,10.25,0.61,0.242
87367,9.26,15.28,1.08,0.807
87369,8.9,23.12,1.3,0.726
87370,7.15,23.1,0.97,0.656
87372,9.35,10.5,1.45,0.759
87382,6.55,29.93,0.55,0.541
87384,10.77,12.07,1.59,0.941
87386,6.61,16.64,0.81,0.271
87402,10.36,14.1,1.87,0.901
87410,6.8,12.6,0.93,0.308
87414,7.63,13.71,0.66,0.6
87420,8.27,10.92,1.05,0.72
87425,8.94,11.18,0.77,0.64
87426,10.59,13.84,1.21,0.945
87435,7.6,13.43,0.93,0.435
87447,7.46,11.3,1.07,0.338
87457,11.15,31.94,1.45,1.37
87464,9.94,32.41,1.94,1.151
87469,7.4,11.67,1.12,0.486
87479,8.39,16.1,1.11,0.632
87485,6.6,11.57,0.8,0.44
87486,7.3,11.65,0.7,0.309
87523,6.19,30.55,0.9,0.523
87532,6.03,15.57,0.93,0.342
87533,7.64,15.08,1.7,0.631
87539,8.05,13.96,0.8,0.6
87540,6.17,11.94,1.01,1.11
87544,7.14,16.51,1.34,0.518
87552,7.92,10.1,1.23,0.576
87558,5.77,31.87,0.77,0.425
87565,7.94,19.81,1.87,0.74
87579,8.5,40.22,1.04,0.94
87585,3.73,29.26,0.49,1.177
87594,7.88,19.42,0.63,0.599
87601,8.0,14.4,0.64,0.777
87607,11.19,31.11,2.98,1.35
87612,9.64,13.14,0.99,0.77
87638,8.14,19.21,1.72,0.642
87655,6.24,14.72,0.81,0.474
87664,8.48,15.56,1.25,0.63
87665,7.18,19.71,1.0,0.435
87678,7.32,19.43,0.86,0.516
87679,8.55,20.76,1.25,0.758
87687,8.21,12.55,0.67,0.508
87689,8.79,10.95,1.4,0.675
87691,7.68,15.59,0.63,0.727
87708,6.96,15.39,1.41,0.42
87710,6.92,22.3,0.99,0.759
87715,9.59,16.29,1.46,0.632
87721,8.21,14.3,0.68,0.555
87726,9.2,11.71,1.45,0.566
87738,8.3,14.01,1.17,0.529
87744,6.09,17.75,0.51,0.316
87746,7.92,32.37,0.7,0.859
87745,10.12,38.01,1.92,1.46
87752,8.3,12.55,1.19,0.536
87763,8.53,14.91,0.83,0.524
87764,9.07,12.01,0.98,0.566
87768,9.22,43.4,2.21,1.18
87769,8.43,17.8,1.06,0.685
87773,10.16,39.56,2.14,1.185
87783,9.64,12.83,1.48,1.118
87800,8.21,20.12,1.42,0.65
87802,8.04,11.99,1.05,0.5
87803,10.48,26.54,2.1,1.23
87813,5.93,13.11,0.98,0.024
87815,7.72,12.02,0.61,0.71
87822,6.36,28.92,0.81,0.451
87824,7.39,21.15,1.14,0.614
87833,2.24,22.1,0.46,1.521
87834,6.55,24.12,0.82,1.002
87836,5.76,19.87,0.77,0.207
87837,8.12,18.71,0.99,0.606
87841,8.6,14.12,1.23,0.692
87860,7.59,13.98,1.11,0.449
87861,8.53,24.08,1.43,0.924
87875,5.95,10.46,1.17,0.11
87877,6.75,13.71,0.63,0.524
87882,7.32,15.43,0.63,0.355
87884,8.05,14.09,1.22,0.556
87887,8.53,15.07,1.22,0.536
87889,10.7,23.86,3.27,1.049
87895,6.32,35.02,0.65,0.642
87896,7.47,11.02,0.84,0.306
87899,7.44,14.46,1.0,0.521
87906,8.58,13.25,0.86,0.509
87914,8.19,23.18,2.33,0.74
87921,8.37,11.69,1.23,0.651
87925,9.99,33.65,3.77,1.282
87933,3.7,24.12,0.52,0.935
87937,9.54,549.01,1.58,1.57
87938,11.79,73.75,1.84,1.56
87947,8.27,12.42,1.16,0.546
87958,6.66,16.25,0.61,0.466
87961,10.82,21.7,1.3,1.11
87960,7.43,10.4,0.74,0.27
87965,7.24,10.17,0.84,0.602
87968,7.3,14.32,0.68,0.418
87984,8.54,10.2,0.75,0.497
87991,9.8,24.32,2.28,1.188
87996,8.7,12.03,1.26,0.611
88011,8.54,10.03,1.34,0.609
88019,7.32,10.69,1.06,0.292
88033,9.34,25.06,1.91,0.79
88039,8.8,11.14,1.5,0.542
88041,9.64,21.19,1.64,0.919
88048,3.32,21.35,0.79,0.987
88059,9.07,10.52,0.99,0.53
88071,7.31,13.71,1.71,0.435
88072,8.53,12.35,1.42,0.505
88079,11.57,19.77,1.9,1.495
88084,9.19,18.09,1.4,0.615
88096,8.43,13.15,0.69,0.556
88103,6.71,10.34,0.56,1.106
88131,7.42,11.96,0.92,0.464
88136,5.74,18.84,1.81,0.516
88154,7.27,16.69,0.95,0.585
88155,7.72,17.67,1.14,0.666
88162,9.26,11.09,1.45,0.605
88166,9.23,19.84,1.4,0.69
88175,4.62,43.11,0.75,0.39
88178,8.48,20.62,1.13,0.664
88189,8.19,11.53,0.64,0.524
88188,9.69,15.46,0.98,0.829
88194,7.07,34.57,0.73,0.635
88198,9.68,15.29,2.05,0.883
88217,6.28,22.2,0.74,0.747
88227,8.89,21.73,1.27,0.739
88231,9.98,11.12,1.66,0.521
88235,8.27,11.07,1.2,0.624
88268,8.1,19.3,1.07,0.665
88272,7.03,14.36,0.9,0.354
88274,6.45,14.91,0.55,0.437
88290,4.42,12.31,0.83,0.046
88299,9.45,12.23,1.45,0.644
88316,9.58,17.75,1.54,0.816
88319,8.69,10.64,1.34,0.526
88323,7.43,12.19,0.58,0.338
88324,7.66,30.61,0.93,0.746
88329,7.74,12.23,0.97,0.436
88342,6.75,14.14,0.83,0.556
88345,9.22,20.26,1.99,0.876
88348,7.01,45.61,0.71,0.799
88349,6.86,11.2,0.49,0.147
88350,7.1,12.75,0.79,0.483
88351,8.94,10.8,1.45,0.747
88353,8.95,25.39,1.43,0.866
88356,6.59,14.84,0.6,0.45
88359,8.45,10.97,1.12,0.907
88361,7.97,11.6,0.65,0.59
88370,7.55,13.01,0.94,0.521
88371,10.39,31.49,1.82,1.28
88387,8.05,14.25,0.79,0.524
88399,7.01,21.34,0.86,0.458
88404,4.77,19.22,0.97,0.41
88405,8.3,17.79,0.91,0.579
88412,8.34,12.09,1.24,0.476
88413,8.77,10.04,1.24,0.493
88414,9.62,26.33,1.84,1.396
88426,8.71,10.32,1.38,0.559
88427,9.32,11.74,1.09,0.659
88440,8.31,10.31,0.96,0.446
88460,9.63,13.54,1.74,0.789
88471,6.79,21.36,0.65,0.531
88474,6.93,16.73,0.69,0.432
88479,7.79,11.33,0.65,0.456
88481,8.11,29.04,2.79,0.796
88499,10.83,46.71,1.85,1.48
88500,8.28,10.41,1.23,0.488
88502,7.63,13.31,1.02,0.576
88510,8.21,13.9,1.2,0.654
88511,7.96,30.59,1.14,0.762
88516,7.57,10.2,0.89,0.45
88528,6.34,16.12,0.68,0.306
88531,6.88,25.56,0.86,0.624
88533,6.52,19.93,0.51,0.509
88536,8.65,11.21,0.75,0.455
88552,7.67,21.55,0.77,0.639
88553,8.46,26.99,1.19,0.712
88565,6.38,17.44,0.56,0.287
88572,8.77,18.46,0.77,0.725
88574,9.37,128.28,1.44,1.508
88589,8.47,20.39,1.35,0.67
88595,8.42,18.75,1.28,0.641
88601,4.03,196.62,1.38,0.86
88607,7.82,13.1,1.78,0.619
88610,7.55,15.67,0.58,0.765
88617,8.96,25.7,0.8,0.835
88622,6.8,41.0,0.88,0.61
88625,8.27,12.9,1.39,0.537
88628,8.36,10.16,1.31,0.446
88631,9.14,13.18,1.56,0.77
88635,2.98,33.94,0.87,0.981
88637,7.07,26.51,1.35,0.654
88644,7.65,22.16,1.03,0.624
88645,8.24,10.39,1.27,0.88
88648,10.21,15.45,2.06,0.607
88650,9.36,16.01,1.87,1.018
88653,7.3,16.75,0.56,0.41
88656,7.09,18.08,0.94,0.526
88658,7.58,15.93,0.6,0.607
88663,9.67,16.41,1.78,0.74
88680,7.61,11.82,1.0,0.392
88683,7.29,15.98,0.91,0.611
88684,5.74,28.61,0.83,0.968
88685,8.46,12.49,1.65,0.514
88687,9.01,11.93,1.38,0.605
88689,8.36,12.53,1.16,0.64
88690,8.28,15.03,1.06,0.51
88694,5.94,57.58,0.77,0.615
88695,8.86,11.61,1.25,0.5
88724,7.77,22.82,1.1,0.663
88726,4.92,22.79,1.12,0.255
88728,6.96,25.47,1.18,0.51
88736,7.83,14.92,0.98,0.503
88737,10.18,21.3,2.02,1.004
88739,9.59,11.14,1.49,0.565
88741,8.91,11.15,1.22,0.546
88745,5.05,63.88,0.55,0.528
88765,4.64,13.71,0.82,0.951
88766,8.66,16.73,1.16,0.647
88767,9.15,10.75,0.85,0.668
88771,3.71,39.4,0.83,0.159
88773,8.25,10.13,1.2,0.581
88777,8.48,10.74,1.17,0.445
88782,7.64,15.27,1.06,0.655
88785,8.91,17.65,1.27,0.676
88799,8.43,13.86,0.65,0.56
88816,5.52,13.08,0.89,1.132
88825,9.55,14.28,1.21,0.7
88836,5.49,15.66,0.54,1.161
88848,7.7,30.69,2.08,0.728
88851,8.03,10.8,0.85,0.451
88852,6.84,10.33,0.54,0.44
88853,8.92,10.01,1.34,0.716
88866,4.33,23.55,0.71,0.228
88892,9.09,10.44,1.25,0.499
88898,6.99,10.75,0.8,0.446
88899,5.1,10.16,0.74,0.176
88913,7.41,28.36,0.83,0.633
88917,8.82,11.88,1.48,0.571
88920,8.47,11.25,1.55,0.609
88922,9.68,16.58,1.38,0.883
88924,9.94,17.26,1.66,0.905
88932,8.88,29.58,1.36,1.075
88937,7.6,24.75,3.32,0.65
88942,7.91,31.27,1.12,0.842
88945,6.84,39.62,0.68,0.633
88954,7.35,19.41,0.96,0.503
88955,9.42,15.05,1.45,0.583
88958,7.87,13.39,0.96,0.506
88961,8.93,34.26,1.16,1.02
88962,10.5,37.77,2.69,1.372
88963,8.83,24.98,1.49,0.793
88964,5.71,19.62,1.22,0.363
88972,6.38,90.11,0.54,0.876
88971,9.26,10.47,1.54,0.568
88996,9.4,17.66,1.87,0.814
88998,7.24,12.8,0.54,0.569
88999,8.03,13.35,1.05,0.524
89000,5.67,21.3,0.73,0.49
89002,7.57,10.72,0.8,0.43
89005,8.6,32.3,0.72,0.942
89014,7.88,11.86,0.78,0.504
89027,8.53,13.88,1.3,0.547
89036,8.82,13.62,1.26,0.655
89042,5.47,56.32,0.68,0.592
89045,7.03,11.29,0.69,0.495
89047,5.97,20.0,0.51,0.943
89053,10.29,16.11,1.86,0.844
89056,7.95,11.45,0.93,0.382
89087,10.0,37.34,1.12,1.27
89099,5.86,12.13,0.83,0.295
89100,10.52,23.12,1.51,1.01
89105,8.9,13.16,1.51,0.676
89115,5.86,12.88,0.58,1.253
89128,8.4,15.48,1.11,0.52
89153,4.96,13.35,0.81,1.055
89162,8.89,13.85,1.16,0.659
89207,8.51,16.54,1.42,0.756
89209,8.61,11.04,1.53,0.9
89211,8.38,77.18,1.23,1.297
89214,8.8,10.16,1.3,0.449
89215,10.37,17.0,1.9,0.755
89216,7.72,12.07,0.97,0.548
89234,5.86,24.48,0.69,0.464
89247,8.2,20.32,1.49,0.697
89264,6.51,14.38,0.99,0.351
89268,8.94,15.58,1.51,0.695
89269,7.27,23.58,2.09,0.599
89270,8.08,12.72,0.94,0.578
89275,8.23,12.39,0.96,0.529
89282,7.38,29.91,0.59,0.649
89285,7.08,17.41,0.82,0.43
89288,6.59,10.43,0.82,0.276
89294,6.77,16.7,0.81,0.545
89305,9.73,16.14,1.46,0.884
89315,7.68,10.77,1.0,0.508
89318,8.77,15.69,0.86,0.556
89320,11.15,24.35,1.99,1.586
89321,8.49,19.22,1.44,0.763
89337,10.58,12.63,1.49,0.919
89348,4.99,42.56,0.45,0.44
89354,9.33,23.26,1.46,0.861
89360,7.59,12.55,0.71,0.41
89373,7.79,10.2,1.1,0.415
89378,9.17,10.73,1.08,0.707
89380,8.61,14.89,1.18,0.597
89396,7.99,20.98,1.13,0.434
89408,6.51,23.84,0.63,0.579
89430,7.59,20.12,1.8,0.586
89437,8.13,10.42,0.89,0.448
89443,8.84,15.46,0.72,0.682
89448,5.96,11.48,0.49,1.055
89449,10.06,33.91,1.71,1.323
89452,7.65,18.49,0.62,0.542
89455,8.3,16.44,0.71,0.726
89460,6.58,10.56,0.95,0.891
89474,6.3,44.08,0.51,0.641
89478,7.33,16.48,0.57,0.636
89485,8.26,15.18,0.68,0.692
89487,5.58,11.02,0.67,0.944
89490,10.84,43.1,2.18,1.5
89497,8.54,27.11,1.2,0.762
89507,5.45,12.16,0.89,0.962
89513,8.28,12.17,1.67,0.532
89517,10.18,52.57,4.26,1.404
89523,10.13,12.04,1.07,0.69
89524,7.73,11.33,1.28,0.634
89545,8.84,11.11,1.28,0.699
89554,8.22,16.09,1.04,0.439
89558,7.03,16.76,0.91,0.465
89560,10.31,58.47,1.11,1.428
89573,9.05,10.1,1.47,0.836
89577,8.34,13.04,0.93,0.527
89583,8.9,17.75,1.16,0.705
89589,8.31,12.87,0.94,0.632
89592,6.66,10.27,0.96,1.246
89601,6.62,15.98,0.8,0.312
89614,9.49,12.59,1.58,0.56
89620,6.36,33.72,0.96,0.536
89632,9.68,17.73,1.58,0.743
89642,3.1,21.87,0.92,1.582
89650,8.93,13.58,1.16,0.667
89656,9.59,31.65,1.47,1.009
89663,7.72,13.97,0.86,0.428
89668,8.65,11.03,0.79,0.87
89673,9.41,10.66,1.41,0.551
89693,9.78,19.62,1.07,0.897
89711,7.85,12.19,0.85,0.54
89710,8.47,13.41,2.0,0.53
89717,8.53,10.8,1.2,0.632
89723,9.24,13.58,1.52,0.636
89728,9.28,33.57,1.38,1.06
89734,10.98,16.95,1.42,0.779
89749,9.47,12.08,1.56,0.7
89752,8.99,15.99,1.32,0.787
89756,7.7,15.69,0.62,0.531
89766,8.51,30.65,1.6,1.013
89770,6.68,19.51,0.51,0.444
89771,8.28,27.21,0.86,0.771
89772,5.41,22.24,0.82,1.084
89792,9.0,12.11,1.15,0.589
89805,6.17,43.64,0.72,0.584
89806,8.24,17.06,1.89,0.615
89808,6.84,26.41,0.95,0.533
89816,7.59,16.4,1.83,0.566
89822,8.39,10.94,0.64,0.49
89825,9.66,51.81,1.43,1.35
89826,4.33,13.71,0.56,1.162
89828,7.4,10.14,0.9,0.552
89829,8.72,13.25,1.41,0.675
89843,8.88,10.42,1.35,0.772
89844,6.92,26.4,0.85,0.724
89846,6.54,14.4,0.97,0.401
89855,7.34,21.04,0.88,0.759
89865,7.97,11.28,0.63,0.506
89877,10.56,15.27,1.18,0.648
89891,8.31,11.5,0.76,0.475
89892,10.72,27.37,2.95,1.116
89897,10.38,13.68,2.0,0.92
89908,4.22,11.28,0.48,-0.093
89911,7.78,15.07,0.68,0.521
89912,6.99,33.99,0.69,0.636
89918,4.85,12.11,0.83,0.911
89924,10.3,26.6,1.91,1.425
89925,5.61,17.36,0.6,0.231
89931,2.72,10.67,0.93,1.38
89932,9.13,11.1,1.32,0.469
89935,5.12,11.79,0.6,0.212
89936,6.65,14.57,0.88,0.276
89937,3.55,124.11,0.48,0.489
89950,7.89,14.65,0.98,0.453
89953,7.49,14.46,0.75,0.42
89959,8.4,13.57,0.98,0.54
89962,3.23,52.81,0.75,0.941
89966,8.53,10.69,1.01,0.417
89974,8.69,13.14,0.72,0.687
89986,9.46,12.33,1.44,0.738
90004,7.95,23.19,0.96,0.713
90005,7.85,14.8,1.24,0.623
90017,8.16,11.27,0.66,0.641
90024,7.61,15.23,0.69,0.501
90035,10.12,37.23,1.66,1.258
90036,7.2,14.35,0.88,0.561
90055,9.35,23.45,1.67,1.008
90058,8.68,12.8,1.01,0.535
90061,11.67,28.28,2.17,1.462
90075,8.58,12.58,1.28,0.67
90089,6.8,11.35,0.8,0.245
90094,8.12,14.37,0.9,0.553
90102,9.75,16.68,1.14,0.674
90112,9.34,19.87,1.69,0.804
90120,8.68,13.05,1.62,0.644
90124,5.52,10.21,0.77,1.015
90128,7.69,10.86,1.53,0.496
90131,8.28,11.44,1.18,0.588
90133,5.47,16.59,0.57,0.043
90135,4.66,17.08,0.87,0.932
90136,8.47,13.19,1.24,0.614
90139,3.85,25.4,0.65,1.168
90141,8.51,15.72,1.7,0.638
90144,7.79,16.76,1.13,0.597
90147,11.16,34.46,3.3,1.383
90151,8.67,22.43,1.19,0.845
90152,7.84,16.03,1.03,0.524
90156,4.98,17.31,0.48,0.082
90162,9.25,24.52,1.43,0.932
90174,6.36,15.1,0.79,0.351
90176,6.75,11.84,0.72,0.305
90185,1.79,22.55,1.02,-0.031
90190,11.69,20.64,2.96,0.8
90193,8.9,12.67,1.51,0.742
90194,9.3,18.31,1.32,0.733
90212,8.05,21.81,1.2,0.603
90213,8.58,21.86,1.36,0.715
90216,9.0,11.66,1.13,0.536
90218,7.34,10.98,0.83,0.408
90223,6.45,35.46,0.8,0.593
90235,7.88,19.29,0.75,0.561
90238,6.28,11.62,0.95,1.161
90239,7.18,14.18,1.4,0.604
90240,7.71,11.19,0.91,0.36
90246,10.46,26.41,2.02,1.18
90258,8.12,10.36,0.69,0.45
90265,10.85,45.91,1.83,1.605
90272,9.59,30.13,1.6,0.99
90282,6.85,20.54,0.77,0.441
90292,8.6,13.27,1.37,0.59
90297,10.06,14.37,1.05,0.76
90304,6.13,14.03,0.69,0.202
90306,11.28,39.4,1.79,1.442
90310,7.74,14.89,0.76,0.426
90344,4.82,10.28,0.48,1.179
90345,7.42,14.6,0.95,0.456
90355,7.83,37.04,1.7,0.699
90365,8.32,26.3,1.08,0.764
90370,7.88,10.01,1.47,0.427
90376,9.24,40.98,0.89,1.166
90393,8.27,14.37,0.73,0.619
90397,6.75,21.94,0.93,0.548
90415,9.87,20.18,1.09,0.867
90422,3.49,13.08,0.71,-0.179
90427,7.39,12.17,0.99,0.844
90437,6.5,10.03,0.88,1.054
90442,7.97,15.75,0.95,0.6
90446,7.62,12.09,0.88,0.564
90450,9.05,13.69,1.54,0.571
90451,10.9,23.11,2.63,1.236
90459,6.95,22.83,0.96,0.475
90461,8.29,10.71,0.68,0.519
90466,9.84,35.54,1.75,1.171
90467,8.43,19.27,1.21,0.59
90478,6.31,12.95,1.66,0.263
90485,5.9,27.53,0.91,0.517
90496,2.82,42.2,0.9,1.025
90504,8.23,14.25,1.09,0.496
90510,6.28,12.1,1.01,0.157
90527,7.77,12.03,0.59,0.375
90532,7.63,15.24,0.93,0.495
90539,8.33,26.2,1.08,0.749
90542,8.35,12.92,0.69,0.728
90548,8.04,17.32,1.13,0.735
90559,8.44,13.46,1.22,0.64
90563,9.29,12.53,1.3,0.603
90565,8.58,15.53,1.03,0.606
90568,4.1,25.6,0.78,0.995
90574,7.42,17.62,2.11,0.599
90578,10.68,17.11,2.06,1.19
90582,7.7,12.01,0.89,0.596
90586,7.49,27.11,0.59,0.619
90590,8.05,18.18,1.13,0.627
90593,8.21,15.39,1.11,0.677
90595,4.67,11.19,0.92,0.076
90596,6.88,22.14,0.95,0.463
90598,9.54,20.47,1.41,0.678
90611,9.37,34.75,1.5,1.211
90616,10.28,11.84,1.53,0.618
90618,7.02,21.33,0.85,0.451
90621,7.77,17.31,0.9,0.6
90626,8.65,37.22,1.24,0.976
90632,9.11,10.2,1.17,0.61
90642,5.38,13.81,0.78,0.961
90644,8.35,12.36,0.95,0.509
90651,6.02,11.46,0.84,0.006
90656,8.04,53.3,1.05,1.074
90657,7.88,13.97,0.97,0.465
90665,6.91,14.81,0.86,0.337
90674,7.11,11.55,0.87,0.496
90687,5.63,11.13,0.8,1.057
90708,9.18,15.43,1.0,0.66
90724,9.09,34.32,4.97,0.261
90729,6.49,27.92,0.67,0.795
90732,9.84,15.52,1.7,0.712
90743,6.6,14.82,0.97,0.52
90745,8.34,14.21,0.8,0.587
90747,7.27,11.52,0.63,0.443
90759,6.02,12.76,0.78,0.138
90760,8.18,16.68,0.65,0.559
90775,6.98,11.03,0.96,0.349
90788,8.99,12.01,1.39,0.735
90790,6.81,75.71,0.89,0.861
90806,5.12,15.3,0.81,0.016
90809,8.78,12.6,0.86,0.552
90810,7.21,15.49,0.92,0.383
90813,7.98,16.11,0.65,0.593
90822,8.55,11.37,1.41,0.463
90833,8.26,21.1,0.71,0.635
90835,7.64,14.42,0.65,0.426
90851,7.46,10.75,1.26,0.486
90861,8.29,13.67,1.71,0.498
90864,7.2,39.73,0.9,0.692
90869,7.95,17.05,1.2,0.583
90873,7.69,11.94,1.02,0.438
90881,9.47,11.77,1.7,0.624
90884,6.36,13.51,0.83,0.217
90887,5.16,14.83,0.76,0.079
90899,9.42,11.12,1.47,0.543
90902,7.58,11.05,0.6,0.532
90922,9.02,12.18,1.15,0.657
90928,8.77,10.14,1.32,0.732
90936,6.22,27.72,0.79,0.429
90943,8.96,16.46,1.96,0.735
90945,8.5,53.0,1.18,1.115
90954,7.25,25.71,1.04,0.535
90959,8.9,42.67,1.26,1.181
90963,8.38,15.14,1.22,0.666
90965,8.05,10.38,1.02,0.392
90973,9.52,18.33,1.86,0.745
90979,10.03,39.34,1.76,1.263
90981,6.4,19.84,0.91,0.688
90988,7.75,10.48,1.07,1.043
90991,5.74,15.42,0.78,0.043
90997,7.01,10.99,0.67,0.279
91009,8.2,60.9,0.73,1.265
91016,8.78,13.18,1.2,0.564
91043,7.39,26.87,0.89,0.618
91058,7.55,19.12,0.69,0.511
91073,8.28,17.85,1.17,0.646
91075,8.79,16.22,1.24,0.648
91085,8.61,22.7,1.27,0.767
91089,8.09,16.57,1.22,0.506
91095,8.68,12.29,1.39,0.596
91105,5.12,11.25,0.78,0.926
91115,8.1,18.76,0.97,0.564
91117,3.85,18.72,0.81,1.317
91120,7.16,20.14,0.6,0.442
91128,9.84,64.61,1.03,1.415
91131,7.76,12.16,1.11,0.478
91132,6.49,10.71,0.92,0.28
91138,9.28,20.77,1.63,0.864
91148,8.61,10.57,0.8,0.563
91154,9.34,46.38,1.41,1.152
91157,9.64,18.46,0.94,0.844
91159,6.21,29.23,1.54,0.542
91164,7.25,11.94,0.62,0.936
91187,8.52,24.08,1.28,0.691
91196,6.07,13.94,0.55,0.279
91210,7.58,28.27,0.59,0.618
91215,7.87,15.55,1.1,0.598
91217,5.38,25.75,1.5,0.387
91229,8.22,18.58,0.64,0.622
91237,5.43,31.53,0.75,0.386
91253,7.8,20.55,1.61,0.634
91258,8.65,22.49,0.72,0.815
91262,0.03,128.93,0.55,-0.001
91272,7.71,11.63,0.96,0.376
91273,6.78,16.08,0.94,0.954
91278,9.85,14.1,1.59,0.876
91279,6.31,11.14,0.71,0.896
91280,7.49,14.39,1.03,0.428
91281,6.88,17.07,0.87,0.569
91283,7.51,14.86,0.8,0.581
91287,7.43,33.17,1.01,0.687
91291,7.89,13.6,1.78,0.566
91295,7.98,20.66,1.14,0.56
91301,6.88,14.37,0.96,0.362
91314,6.95,12.74,0.86,0.476
91318,7.4,13.58,0.61,0.401
91324,8.3,10.24,1.25,0.436
91326,10.78,34.03,1.62,1.36
91332,7.98,17.35,1.02,0.679
91337,6.77,20.5,0.85,0.374
91341,8.09,16.21,1.23,0.535
91347,5.93,10.38,0.87,0.189
91360,8.34,26.97,1.12,0.833
91364,8.32,35.14,0.79,0.822
91371,9.0,20.27,0.74,0.792
91381,8.44,28.26,1.03,0.704
91386,7.29,13.83,1.0,0.413
91391,9.33,10.11,0.86,0.566
91394,6.49,20.01,0.93,0.553
91395,7.7,19.11,0.59,0.635
91399,7.21,10.25,1.11,0.405
91404,9.56,23.27,1.61,0.998
91410,9.33,16.23,1.42,0.646
91421,8.12,10.48,0.9,0.412
91430,11.28,78.52,2.87,1.556
91434,8.11,15.89,0.7,0.58
91439,7.8,15.58,0.75,0.491
91438,5.85,77.02,0.85,0.673
91453,9.61,11.99,0.98,0.747
91471,8.43,10.72,1.24,0.892
91479,10.83,22.24,2.01,1.254
91489,10.85,37.46,1.72,0.678
91507,7.5,21.08,0.69,0.525
91527,6.67,12.36,1.04,0.261
91530,7.31,12.62,0.99,0.676
91555,8.98,11.96,1.19,0.622
91563,7.28,19.08,0.62,0.461
91569,8.11,14.49,1.05,0.449
91581,10.66,16.86,2.39,1.009
91582,8.89,16.92,1.28,0.756
91587,9.94,13.82,1.63,0.885
91602,9.19,10.3,1.3,0.651
91605,8.54,41.88,1.59,0.865
91608,10.63,61.63,2.09,1.505
91611,8.25,13.55,0.64,0.51
91614,8.98,17.65,1.06,0.706
91626,10.49,21.59,2.24,1.21
91638,9.41,26.47,1.34,0.99
91644,11.24,27.51,2.46,1.42
91645,7.06,25.41,0.88,0.506
91649,8.0,11.62,0.96,0.573
91656,7.53,11.07,0.55,0.315
91658,8.37,12.09,0.72,0.567
91668,12.23,25.98,3.65,1.411
91674,6.64,13.74,0.58,0.327
91689,6.22,15.71,1.02,0.231
91699,11.27,88.14,2.27,1.579
91700,7.95,30.08,1.29,0.748
91701,8.69,18.12,1.19,0.678
91704,7.84,15.1,1.05,0.626
91720,9.96,23.29,1.29,1.06
91726,4.7,17.44,0.8,0.358
91727,8.86,11.32,1.32,0.519
91732,6.6,11.7,0.82,0.466
91739,8.26,10.66,0.72,0.657
91742,9.04,14.37,1.33,0.784
91751,6.13,13.43,0.88,1.006
91752,6.91,10.74,0.86,0.067
91766,7.62,16.92,0.93,0.451
91768,8.94,280.28,2.57,1.504
91772,9.7,284.48,5.01,1.561
91773,7.94,16.18,0.6,0.647
91775,6.95,13.91,0.59,0.302
91780,10.12,14.03,1.05,0.711
91786,9.34,20.63,1.69,0.804
91792,4.01,15.55,0.55,1.134
91801,8.64,21.88,2.19,0.76
91805,8.53,19.61,1.54,0.625
91808,9.29,12.97,1.41,0.745
91812,7.99,13.54,0.63,0.542
91818,8.19,19.39,1.18,0.626
91823,7.64,12.48,0.57,0.581
91825,8.24,13.86,1.13,0.536
91837,7.63,16.28,1.06,0.556
91857,9.05,17.4,1.27,0.636
91860,9.31,15.68,1.52,0.685
91862,10.03,27.75,2.01,1.037
91864,8.0,13.96,1.21,0.544
91868,9.13,20.61,2.44,0.994
91873,8.84,12.4,1.35,0.675
91875,5.11,16.15,0.79,0.075
91876,8.91,11.36,0.77,0.492
91880,6.3,14.36,0.87,0.479
91883,5.68,19.27,0.6,0.36
91905,8.56,27.2,0.66,0.733
91906,10.71,24.86,1.48,1.38
91919,4.67,20.1,0.76,0.17
91926,4.59,20.34,0.77,0.18
91940,7.84,19.39,0.8,0.559
91941,7.7,14.74,0.6,0.54
91949,7.54,36.7,0.66,0.843
91956,7.43,15.54,0.97,0.431
91957,7.85,10.97,1.01,0.408
91958,6.3,22.52,0.69,0.437
91966,9.25,11.65,1.38,0.685
91967,7.78,17.98,1.89,0.549
91971,4.34,21.23,0.54,0.192
91973,5.73,21.72,0.53,0.285
91991,9.29,14.49,1.48,0.582
91992,6.75,16.42,0.83,0.518
91999,8.42,14.57,1.14,0.63
92001,8.47,14.39,1.16,0.619
92016,6.35,17.62,0.95,0.458
92024,4.78,34.21,0.68,0.199
92026,7.62,13.03,0.74,0.729
92040,6.4,11.33,0.53,0.296
92041,3.17,14.14,0.88,-0.107
92043,4.19,52.37,0.68,0.483
92088,4.83,12.96,0.54,1.199
92100,8.47,11.08,1.08,0.594
92101,8.17,12.03,0.99,0.5
92103,6.84,15.01,0.68,0.489
92112,5.37,10.73,0.48,0.049
92117,5.89,12.62,1.48,0.131
92122,8.1,27.01,0.93,0.825
92134,8.48,16.99,1.25,0.642
92140,7.28,18.52,1.38,0.462
92161,4.34,35.17,0.68,0.148
92162,9.34,13.78,0.81,0.656
92165,9.46,12.0,1.58,0.664
92181,9.9,19.03,1.6,0.984
92186,8.73,12.23,1.18,0.509
92200,8.81,70.8,1.28,1.295
92205,7.99,10.9,1.33,0.318
92208,8.46,10.48,0.7,0.72
92224,8.19,11.6,1.14,0.595
92233,6.39,23.19,0.55,0.593
92234,8.24,12.68,1.21,0.463
92250,8.45,34.92,1.77,0.889
92262,6.86,19.45,0.93,0.498
92269,6.12,17.81,0.51,0.225
92270,6.19,34.85,0.68,0.492
92277,10.34,14.09,1.93,0.704
92283,7.97,57.79,0.97,1.07
92288,8.69,11.65,1.29,0.649
92291,6.97,16.2,0.55,0.347
92294,5.71,14.45,0.66,0.268
92298,9.06,10.74,1.37,0.687
92304,8.82,13.2,1.77,0.737
92306,9.67,13.33,0.85,0.628
92311,9.17,58.6,1.6,1.284
92312,5.89,11.63,0.65,0.022
92325,7.71,17.02,0.72,0.571
92332,7.98,13.36,0.9,0.521
92342,8.91,24.07,1.59,0.913
92350,6.59,11.41,0.95,1.085
92358,8.28,11.75,0.89,0.501
92388,8.59,27.53,1.24,0.73
92403,10.37,336.48,1.82,1.51
92405,5.22,13.7,0.53,0.1
92417,10.73,45.88,1.98,1.446
92418,7.52,18.34,0.89,0.621
92427,8.11,13.51,1.07,0.475
92444,9.65,57.87,1.92,1.459
92451,10.74,59.94,2.17,1.48
92458,8.6,14.46,1.05,0.579
92467,8.75,12.83,0.76,0.485
92480,6.29,13.31,0.88,0.39
92512,4.63,10.12,0.43,1.185
92519,7.55,19.77,0.95,0.534
92524,6.08,11.8,0.78,0.299
92532,7.15,33.31,0.61,0.594
92546,8.92,14.74,1.11,0.69
92549,5.51,38.32,0.51,0.843
92555,8.32,11.13,0.66,0.595
92562,8.48,10.15,1.09,0.404
92569,7.51,35.35,0.98,0.701
92573,10.16,64.13,1.81,1.447
92589,9.37,14.96,1.36,0.715
92591,8.57,10.2,0.86,1.018
92592,8.52,18.47,1.32,0.625
92598,7.59,10.4,0.76,0.342
92602,6.58,11.33,0.94,0.144
92615,7.44,11.5,0.6,0.495
92625,9.13,16.62,1.31,0.62
92631,8.24,14.4,1.72,0.608
92638,10.34,24.11,2.01,1.569
92639,8.59,12.85,1.45,0.631
92646,5.18,11.13,0.72,0.962
92656,12.11,37.52,3.91,1.48
92666,7.99,11.23,0.71,0.489
92676,6.17,11.26,0.87,0.124
92680,8.43,20.14,1.18,0.784
92714,7.79,13.75,0.64,0.461
92720,7.9,18.94,0.81,0.669
92722,8.23,13.71,0.81,0.47
92742,8.41,25.75,1.07,0.884
92750,6.89,13.37,1.08,0.508
92755,9.18,29.71,2.97,1.13
92757,7.24,16.38,0.95,0.45
92759,9.79,26.57,1.86,0.958
92770,8.43,12.95,1.01,0.497
92773,8.49,16.18,0.93,0.614
92781,9.05,11.85,1.52,0.586
92793,7.7,12.38,0.55,0.386
92795,8.64,12.32,1.29,0.496
92794,7.44,11.82,0.95,0.399
92798,10.01,29.05,1.8,0.973
92822,5.84,18.89,0.48,0.452
92824,5.29,13.06,0.54,1.304
92826,9.38,10.8,1.38,0.856
92828,9.45,10.6,1.47,0.667
92831,5.46,12.19,0.5,1.034
92835,7.96,12.45,0.72,0.6
92837,7.39,11.85,0.94,0.364
92845,5.0,12.07,0.92,1.348
92846,9.35,12.42,1.47,0.602
92855,2.05,14.54,0.88,-0.134
92858,7.98,41.84,1.19,0.857
92864,8.38,11.65,1.35,0.576
92871,10.1,86.27,1.9,1.539
92872,5.58,11.14,0.79,1.041
92880,8.3,10.41,1.1,0.615
92879,6.62,19.37,0.88,0.353
92882,5.56,31.24,0.75,0.445
92900,7.16,19.26,0.83,0.475
92915,8.47,20.52,1.26,0.622
92916,12.07,21.98,2.57,1.395
92918,7.46,29.77,1.05,0.747
92919,8.16,46.64,1.03,0.91
92922,9.12,10.06,0.9,0.791
92929,7.37,20.14,1.06,0.569
92937,5.69,11.84,0.72,1.092
92940,7.28,10.06,0.94,0.198
92946,4.62,24.73,1.61,0.161
92952,10.53,23.37,2.83,1.588
92953,5.35,10.52,0.85,0.998
92956,9.11,10.48,1.46,0.544
92958,7.89,10.76,1.15,0.506
92959,7.78,11.06,1.28,0.573
92960,10.12,13.38,1.83,0.702
92969,5.62,10.39,0.44,0.938
92976,8.79,11.51,1.45,0.653
92977,6.65,11.1,0.9,0.836
92984,6.71,37.0,0.84,0.583
92997,5.67,11.4,0.47,1.155
93002,8.9,16.21,1.47,0.757
93007,7.62,23.47,0.58,0.676
93017,5.2,66.76,0.54,0.594
93026,4.83,15.77,0.89,1.057
93029,7.9,12.01,0.65,0.432
93031,9.28,12.75,1.73,0.49
93036,8.91,13.3,1.37,0.575
93037,7.53,13.73,0.64,0.474
93052,7.61,10.92,0.81,0.329
93053,6.5,10.7,0.65,0.927
93069,8.86,79.14,3.01,1.433
93072,10.67,41.56,3.77,1.437
93074,6.29,16.21,0.85,0.21
93097,6.56,16.46,0.48,0.421
93099,8.03,12.06,1.3,0.637
93101,9.22,90.02,1.46,1.444
93102,10.19,22.08,1.82,1.098
93108,7.82,19.09,1.29,0.605
93119,10.16,23.56,1.42,1.556
93127,8.2,10.78,0.93,0.506
93136,9.31,19.24,1.35,0.73
93137,7.68,17.98,1.22,0.511
93138,6.22,17.64,0.78,0.478
93140,6.14,12.79,0.95,0.087
93174,4.83,33.43,0.92,0.396
93179,5.91,13.45,0.67,0.251
93185,6.8,42.68,0.64,0.606
93190,7.49,12.13,0.95,0.443
93195,8.39,32.89,1.09,0.829
93203,5.27,20.99,0.69,0.573
93206,11.13,72.07,2.52,1.446
93208,7.59,12.33,0.95,0.471
93226,8.54,10.25,1.06,0.569
93229,8.59,12.49,1.3,0.517
93244,4.02,21.22,0.77,1.082
93248,10.86,38.48,2.44,1.365
93252,7.06,22.36,0.76,0.508
93266,7.09,10.32,0.55,0.3
93269,9.17,14.45,0.82,0.69
93276,9.22,11.96,0.99,0.569
93277,7.9,11.16,1.12,0.21
93281,8.01,14.92,0.91,0.751
93297,8.35,11.31,0.68,0.589
93310,9.7,25.02,1.48,1.002
93319,7.75,11.2,1.0,0.436
93324,7.7,12.08,1.05,0.465
93327,7.72,11.74,0.68,0.407
93341,10.1,15.62,1.83,0.703
93350,6.82,28.6,0.56,0.534
93363,10.63,16.92,2.0,1.076
93373,8.6,22.09,1.18,0.699
93375,8.51,15.92,1.13,0.571
93377,7.85,25.52,0.99,0.705
93398,9.78,28.63,1.48,1.05
93408,5.0,25.54,0.46,0.186
93412,8.23,15.45,1.18,0.526
93415,8.49,10.09,1.11,0.698
93427,7.2,24.23,0.61,0.569
93429,4.02,21.95,0.92,1.079
93431,9.08,11.54,1.47,0.582
93432,8.82,16.67,1.12,0.614
93444,8.04,13.38,1.1,0.453
93455,8.32,10.2,1.2,0.698
93467,9.08,12.58,1.47,0.558
93479,8.83,11.86,1.45,0.573
93490,8.7,12.18,1.72,0.575
93498,5.63,11.81,0.77,1.232
93506,2.6,36.61,1.37,0.062
93507,7.6,21.8,1.0,0.601
93509,6.88,38.31,2.63,0.629
93511,7.87,10.97,0.66,0.51
93518,8.36,10.52,1.25,0.738
93524,8.52,10.11,1.51,0.596
93528,8.97,12.94,1.3,0.714
93540,8.42,36.39,1.15,0.939
93542,4.74,17.75,0.86,-0.027
93543,6.37,12.3,0.78,0.48
93546,6.86,15.85,0.98,0.96
93547,7.07,21.34,0.89,0.888
93552,5.73,15.47,0.97,0.328
93556,8.89,11.13,0.71,0.403
93566,7.61,23.09,1.0,0.612
93567,9.64,14.6,1.41,0.682
93574,5.89,17.65,0.78,0.553
93579,9.49,15.29,1.52,0.901
93580,5.82,18.12,0.74,0.182
93611,8.13,14.9,1.19,0.642
93613,8.95,28.56,1.32,0.974
93618,9.51,14.98,1.45,0.706
93622,9.21,12.52,1.46,0.622
93623,9.62,16.45,1.41,0.663
93624,5.93,11.17,0.74,1.236
93638,7.88,12.08,0.91,0.645
93639,9.92,21.73,1.73,0.985
93645,6.93,21.18,0.83,0.475
93654,9.7,13.16,1.78,0.721
93657,8.38,17.06,0.74,0.66
93669,8.46,10.46,1.11,0.631
93677,8.28,11.62,0.99,0.589
93683,3.76,23.49,0.78,1.012
93685,8.21,18.89,1.26,0.591
93690,9.4,18.35,1.65,0.938
93711,9.72,30.79,2.08,1.102
93717,5.4,10.04,0.76,1.12
93731,8.54,30.16,1.17,0.807
93743,6.51,22.31,0.8,0.359
93745,8.29,18.37,1.05,0.534
93746,7.18,16.94,0.76,1.093
93747,2.99,39.18,0.72,0.014
93767,8.71,13.07,1.35,0.623
93772,6.75,16.34,1.04,0.505
93797,9.58,33.4,1.56,0.969
93798,8.02,13.26,1.34,0.7
93805,3.43,26.05,0.81,-0.096
93815,5.17,19.07,0.79,0.532
93817,8.95,19.8,1.62,0.955
93822,6.71,10.33,1.39,0.382
93823,9.51,13.64,1.68,0.612
93825,4.23,55.89,1.94,0.523
93827,7.25,25.78,0.82,0.57
93828,9.2,10.52,1.13,0.55
93843,5.53,24.5,0.58,0.296
93858,6.15,58.24,0.91,0.705
93859,7.24,12.61,0.96,0.415
93864,3.32,27.09,1.48,1.169
93871,9.23,41.19,1.34,1.056
93873,10.77,115.91,2.47,1.57
93889,8.83,14.35,0.97,0.721
93899,10.76,112.82,2.41,1.57
93917,5.2,24.64,0.54,0.367
93926,7.78,35.7,0.78,0.763
93933,8.77,14.79,1.05,0.604
93937,7.21,12.09,0.86,0.27
93966,6.08,47.72,0.77,0.705
93975,6.22,22.83,0.69,0.434
93984,7.47,11.2,0.83,1.086
93995,7.47,17.03,0.73,0.522
94005,4.57,18.67,0.83,1.07
94013,5.88,14.24,0.49,1.086
94020,7.75,34.72,1.64,0.787
94034,6.65,13.8,0.78,0.462
94041,6.66,10.98,0.82,0.914
94050,7.89,31.48,1.97,0.862
94051,8.74,14.6,1.2,0.567
94056,9.42,34.37,1.3,1.238
94061,8.17,22.32,1.1,0.757
94062,6.96,12.0,0.85,0.364
94067,6.74,11.28,0.79,1.1
94068,5.23,22.96,0.79,0.346
94071,8.36,10.14,0.78,0.436
94076,6.7,20.42,1.57,0.643
94083,5.11,36.64,0.49,0.308
94111,8.25,10.42,1.39,0.432
94114,4.11,25.15,0.83,0.042
94125,7.75,12.65,0.64,0.389
94126,8.23,16.61,0.69,0.566
94129,8.17,17.91,0.97,0.652
94131,8.83,11.82,1.25,0.74
94140,6.26,10.15,0.47,0.008
94150,5.31,27.13,0.63,0.901
94154,7.53,28.44,0.87,0.6
94184,6.52,18.19,1.01,0.464
94186,8.97,12.58,1.55,0.645
94191,8.83,11.14,0.89,0.543
94202,8.01,13.7,1.18,0.586
94210,7.17,10.13,0.65,0.344
94214,7.61,16.41,1.01,0.47
94225,9.36,49.84,1.51,1.318
94230,7.44,11.37,1.32,0.353
94235,8.31,17.49,1.08,0.622
94244,9.16,20.84,1.44,0.866
94249,8.04,11.39,1.28,0.491
94252,7.57,20.52,1.25,0.76
94256,7.95,15.7,0.94,0.744
94271,7.92,10.15,0.62,0.446
94273,9.46,10.65,1.11,0.639
94290,6.35,23.2,0.61,0.444
94297,9.86,17.97,1.56,0.876
94326,8.8,21.37,1.45,0.667
94336,5.85,40.16,0.83,0.666
94341,11.22,29.35,3.13,1.41
94346,7.04,50.0,0.54,0.804
94347,7.26,22.25,1.94,0.444
94349,11.09,98.56,2.66,1.542
94367,8.0,15.43,1.92,0.588
94368,11.31,50.04,2.72,1.45
94370,8.06,19.04,1.07,0.561
94371,7.94,21.72,1.04,0.76
94376,3.07,32.54,0.46,0.99
94387,8.11,13.4,1.26,0.53
94389,8.57,16.93,1.17,0.579
94394,8.14,13.96,0.98,0.528
94396,10.16,17.22,1.85,0.873
94417,8.36,17.53,1.04,0.687
94423,7.66,16.09,0.96,0.528
94429,7.84,10.67,1.02,0.47
94440,9.1,12.76,0.73,0.764
94453,8.08,11.63,1.22,0.688
94468,8.49,10.09,0.76,0.762
94490,5.0,20.14,0.46,1.156
94491,7.09,15.9,0.94,0.4
94497,9.86,19.24,1.22,0.939
94501,7.97,22.6,0.61,0.606
94516,9.01,15.98,1.3,0.77
94520,7.66,13.06,1.59,0.573
94521,6.54,14.54,1.13,0.977
94540,7.26,14.8,0.67,0.444
94542,8.43,11.44,1.09,0.508
94556,5.91,11.03,0.82,0.902
94557,11.56,52.45,2.75,1.5
94561,9.75,16.38,2.25,0.67
94570,7.23,19.09,1.15,0.627
94572,7.71,16.0,0.98,0.524
94582,9.55,18.21,0.79,0.77
94583,8.75,17.38,1.42,0.689
94617,10.62,10.32,1.22,0.72
94620,5.65,10.26,0.59,0.121
94622,9.71,35.21,1.64,1.304
94625,8.02,12.51,1.14,0.596
94627,6.63,11.13,0.79,0.353
94628,9.18,15.57,1.34,0.632
94629,7.65,13.56,0.63,0.4
94631,8.07,16.75,0.83,0.519
94645,6.25,36.97,0.8,0.548
94648,4.45,21.73,0.47,1.257
94650,8.06,39.43,1.01,0.908
94653,7.91,11.33,0.82,0.673
94666,7.75,15.5,0.68,0.551
94668,8.88,16.94,1.75,0.724
94674,10.46,21.08,1.81,1.42
94678,8.77,11.82,1.52,0.602
94687,8.45,11.74,1.16,0.625
94691,9.42,11.36,1.41,0.683
94696,7.3,10.69,0.82,0.527
94697,10.01,15.58,1.68,1.049
94698,8.8,15.4,1.36,0.611
94701,10.78,36.24,1.44,1.6
94704,11.09,11.38,1.68,0.664
94718,8.08,13.14,1.16,0.593
94739,9.38,63.43,2.16,1.432
94751,7.02,17.08,0.81,0.588
94755,6.02,23.57,0.57,0.479
94757,6.93,34.73,0.85,0.57
94760,6.93,12.21,0.92,0.505
94761,9.12,170.26,1.37,1.464
94777,8.71,11.74,1.66,0.607
94779,3.8,26.48,0.49,0.95
94782,7.34,12.17,0.85,0.354
94784,8.36,13.29,1.09,0.634
94789,5.52,11.0,0.85,0.17
94795,7.6,13.07,0.76,0.453
94798,7.26,13.16,0.57,0.397
94800,9.55,13.55,1.65,0.666
94802,7.07,25.64,1.93,0.729
94830,7.58,10.86,0.6,0.319
94832,10.19,17.2,1.95,0.897
94833,6.19,11.84,0.79,0.019
94842,8.31,20.02,0.99,0.68
94858,6.36,21.94,0.75,0.505
94863,8.46,24.0,1.17,0.809
94873,7.15,16.11,0.82,0.49
94886,9.26,11.31,1.08,0.608
94898,9.49,14.7,0.98,0.85
94902,7.43,16.37,1.02,0.485
94905,7.01,27.4,0.84,0.541
94922,8.79,17.91,1.33,0.635
94926,6.94,19.17,1.32,0.579
94931,8.87,28.28,0.86,0.806
94938,7.78,15.06,2.24,0.699
94944,8.32,12.65,1.11,0.453
94945,8.05,12.44,0.71,0.551
94949,7.51,13.17,0.98,0.527
94950,8.4,10.86,1.06,0.644
94958,8.11,12.86,1.21,0.495
94966,7.25,20.26,0.98,0.513
94971,8.0,11.86,1.11,0.57
94981,6.29,39.64,0.56,0.676
94999,7.63,10.74,0.96,0.538
95002,6.03,11.71,0.81,0.087
95006,8.79,22.21,1.88,0.842
95015,8.59,20.49,1.19,0.841
95025,8.45,10.39,1.18,0.46
95028,7.36,12.98,0.78,0.446
95031,9.9,21.69,1.5,0.88
95037,8.25,11.78,1.06,0.517
95044,9.42,20.55,2.3,0.906
95055,6.57,20.21,0.94,0.438
95059,10.53,18.16,1.88,0.889
95066,4.98,21.17,0.77,0.937
95071,12.28,89.08,7.16,0.07
95077,5.59,17.52,0.85,0.276
95081,4.6,14.52,0.46,0.033
95100,7.91,12.7,0.82,0.532
95103,9.14,13.72,1.53,0.587
95106,8.17,20.77,2.34,0.656
95114,8.28,11.57,1.52,0.49
95116,6.82,17.07,1.09,0.458
95125,7.67,17.17,0.93,0.716
95149,6.48,47.95,1.28,0.628
95164,7.1,19.98,1.04,0.568
95167,6.06,10.56,0.5,0.072
95168,3.92,26.79,0.77,0.228
95169,7.72,13.09,0.87,0.402
95172,7.38,13.3,0.95,0.484
95178,9.58,19.67,1.7,0.924
95190,9.45,11.65,1.71,0.559
95202,7.69,10.99,1.59,0.475
95203,7.09,18.28,1.05,0.573
95205,9.9,10.99,1.59,0.743
95211,6.33,10.14,1.02,1.129
95221,7.65,14.05,0.93,0.476
95223,9.95,35.0,1.41,1.603
95230,9.45,12.47,1.41,0.656
95239,6.42,14.06,0.9,0.328
95244,6.72,11.4,0.85,1.032
95253,6.34,27.99,0.87,0.458
95256,8.97,22.66,1.32,0.872
95261,5.03,20.98,0.68,0.02
95262,7.84,17.88,1.31,0.599
95266,9.45,12.91,1.28,0.81
95270,7.04,19.77,0.81,0.48
95271,7.4,10.49,0.56,0.359
95274,8.97,20.94,0.81,0.751
95287,6.65,12.18,0.79,0.297
95290,8.77,11.6,1.27,0.54
95293,7.81,19.04,0.97,0.493
95294,4.27,23.52,0.89,0.35
95296,10.01,11.31,1.61,0.752
95299,9.66,31.38,2.27,1.094
95302,9.03,13.24,1.25,0.746
95309,7.91,21.26,1.0,0.578
95315,7.85,16.59,0.98,0.559
95319,6.37,64.54,0.6,0.804
95321,8.05,15.82,1.07,0.63
95327,9.98,15.84,2.15,0.932
95329,7.35,12.37,0.95,0.471
95344,8.72,11.59,0.89,0.656
95347,3.96,19.2,0.99,-0.105
95350,9.44,23.18,1.44,0.932
95358,7.67,10.66,1.08,0.328
95360,8.51,12.0,1.19,0.667
95362,7.01,18.34,0.58,0.808
95363,7.44,12.37,0.91,0.342
95385,6.58,18.54,0.78,0.455
95390,7.8,12.27,0.91,0.546
95401,7.77,10.47,1.0,0.617
95415,8.56,12.44,1.52,0.63
95417,10.91,34.92,2.27,1.391
95420,9.59,15.65,1.77,0.651
95428,7.81,29.97,0.95,0.718
95429,11.19,33.11,3.0,0.799
95446,8.18,15.13,0.84,0.573
95447,5.17,66.01,0.77,0.761
95456,5.91,12.07,1.06,1.278
95457,7.58,19.78,1.17,0.528
95467,8.4,38.24,1.15,1.006
95469,7.8,11.08,1.14,0.403
95477,5.02,14.78,1.11,0.235
95480,6.8,10.02,0.58,1.129
95481,8.55,15.18,1.14,0.601
95492,6.19,36.05,0.73,0.528
95494,8.59,10.62,1.14,0.679
95498,5.14,13.78,0.74,0.999
95501,3.36,65.05,0.81,0.319
95515,9.03,11.26,1.48,0.551
95517,7.6,10.11,1.14,0.467
95518,9.06,10.55,1.37,0.833
95522,8.09,11.22,1.27,0.486
95529,8.46,10.02,1.0,0.449
95532,6.66,15.64,0.87,0.953
95560,5.6,14.94,0.71,-0.006
95568,8.15,11.85,0.67,0.593
95571,7.91,21.09,0.98,0.534
95572,5.76,17.96,0.78,0.456
95575,8.01,39.73,1.03,0.929
95586,6.91,16.05,0.85,0.439
95589,7.46,13.96,1.78,0.573
95611,7.38,12.6,0.58,0.508
95619,5.66,14.47,0.9,-0.014
95622,7.99,15.07,0.95,0.772
95626,8.41,10.49,1.15,0.322
95631,9.1,14.62,0.93,0.79
95640,9.46,15.07,1.36,0.689
95641,10.56,20.83,2.15,0.935
95644,9.23,22.94,1.53,0.812
95669,8.63,15.18,0.94,0.558
95677,7.19,19.06,0.94,0.482
95684,7.15,14.74,0.93,0.574
95696,8.06,14.85,1.25,0.606
95703,7.88,10.39,0.63,0.724
95715,7.63,16.3,0.96,0.458
95717,6.89,13.23,0.81,0.315
95718,6.72,18.19,0.77,0.51
95720,7.05,12.87,0.69,0.24
95721,7.64,11.15,0.91,0.459
95722,7.57,26.29,2.19,0.741
95727,9.0,24.85,1.55,0.78
95730,9.17,36.33,2.45,1.08
95731,8.66,12.32,1.4,0.68
95740,7.86,18.93,1.06,0.678
95756,9.98,18.54,1.67,0.76
95769,8.19,17.49,0.94,0.527
95771,4.44,11.0,0.68,1.502
95772,7.45,22.37,0.93,0.623
95781,7.7,13.0,0.73,0.744
95793,5.79,16.95,0.87,0.088
95795,8.87,21.2,1.36,0.808
95800,8.78,11.0,1.16,0.409
95802,8.89,11.92,0.86,0.693
95821,6.95,27.47,0.68,0.718
95822,5.57,11.38,0.73,1.05
95823,5.7,17.42,0.87,0.214
95827,8.04,13.81,1.48,0.48
95829,10.73,21.04,2.24,1.28
95833,6.66,11.04,0.56,0.349
95844,8.48,10.35,1.1,0.544
95847,6.89,15.08,1.1,0.471
95849,7.13,28.78,0.96,0.599
95852,8.81,12.46,0.76,0.467
95853,3.76,26.63,0.46,0.148
95864,9.03,21.79,1.68,0.754
95865,5.46,12.85,1.35,1.12
95871,7.97,10.83,1.03,0.435
95876,7.81,11.9,0.63,0.444
95890,9.98,33.64,1.55,1.16
95893,7.73,10.35,1.04,0.337
95903,11.33,28.85,2.62,1.37
95905,6.6,20.27,0.91,0.394
95924,9.36,10.12,1.38,0.461
95925,7.89,13.39,1.56,0.483
95926,6.91,16.17,0.95,0.915
95930,8.6,10.09,0.9,0.463
95932,6.29,27.25,0.77,0.45
95938,7.81,19.9,0.71,0.561
95950,8.75,11.87,1.23,0.622
95954,8.42,10.05,1.23,0.521
95962,7.27,29.18,1.0,0.64
95963,9.69,13.2,1.48,0.563
95973,7.07,16.67,0.88,0.49
95983,8.26,12.6,1.75,0.585
95984,9.61,12.14,1.8,0.667
95985,9.96,17.06,2.0,0.862
95995,6.6,59.84,0.64,0.859
96016,5.89,16.87,0.67,0.915
96027,9.49,14.45,1.44,0.63
96032,8.54,13.59,1.72,0.607
96035,8.09,11.62,0.98,0.456
96037,8.27,21.01,1.43,0.637
96043,9.63,13.76,1.66,0.577
96047,6.95,12.81,0.95,0.485
96049,8.26,12.76,0.68,0.54
96070,9.85,15.41,1.43,0.758
96072,8.44,20.5,1.22,0.805
96077,8.05,19.16,0.63,0.659
96081,6.87,12.61,0.77,0.456
96085,7.53,55.5,0.9,0.922
96089,8.7,12.95,1.49,0.609
96095,6.48,23.85,0.98,0.526
96100,4.67,173.41,0.46,0.786
96103,9.78,11.72,1.75,0.767
96110,8.17,10.44,1.07,0.518
96113,8.69,45.34,1.43,1.088
96118,8.6,11.41,0.99,0.682
96121,10.42,43.86,1.92,1.406
96124,7.14,38.38,1.09,0.675
96142,9.41,11.76,1.7,0.69
96144,8.73,15.45,1.61,0.564
96160,8.67,16.9,1.19,0.653
96183,6.89,49.61,0.94,0.745
96184,7.81,22.52,1.03,0.654
96185,6.62,31.29,0.62,0.595
96186,8.4,15.04,0.92,0.516
96191,8.61,17.48,1.09,0.605
96219,8.48,12.76,1.08,0.474
96224,8.83,23.98,1.23,0.8
96229,4.45,29.5,0.78,1.176
96240,10.11,20.28,1.82,1.01
96258,5.71,39.08,0.47,0.475
96264,6.7,15.19,0.67,0.428
96265,7.73,20.34,0.91,0.614
96273,8.91,16.52,1.49,0.68
96285,9.35,69.09,1.65,1.39
96286,6.79,10.94,0.56,0.256
96287,8.78,16.46,1.92,1.0
96289,9.34,13.67,1.26,0.835
96306,8.15,12.21,0.64,0.452
96308,7.91,23.69,1.13,0.67
96311,8.46,10.12,0.81,0.513
96313,6.74,15.49,0.75,0.29
96339,10.38,35.76,2.86,1.46
96331,7.99,12.64,0.66,0.898
96332,9.26,12.6,1.34,0.565
96334,7.89,28.22,0.98,0.648
96344,9.79,12.43,0.89,0.6
96345,8.16,22.65,1.12,0.672
96351,6.37,23.79,0.79,0.414
96370,6.74,31.6,1.1,0.557
96374,9.42,14.45,1.84,0.651
96376,8.12,10.17,1.05,0.463
96379,8.83,13.44,1.38,0.663
96381,7.62,12.15,0.91,0.5
96392,6.99,15.38,0.95,0.503
96393,8.88,11.78,1.68,0.54
96395,6.73,41.24,0.49,0.636
96402,7.55,25.56,1.01,0.675
96406,5.64,11.23,0.9,0.185
96412,8.25,17.28,1.13,0.574
96426,10.21,20.65,2.07,1.163
96425,8.46,22.2,0.81,0.774
96427,9.18,13.51,1.34,0.66
96434,7.12,19.2,0.9,0.531
96440,6.13,13.6,0.81,0.273
96441,4.49,53.78,0.47,0.395
96447,9.16,13.19,1.28,0.654
96456,8.85,13.31,1.12,0.711
96459,5.17,24.64,0.49,0.928
96465,4.59,17.24,0.89,-0.075
96468,4.36,10.61,0.94,-0.079
96471,8.38,32.98,1.79,1.011
96487,9.17,13.75,1.55,0.9
96490,9.6,12.09,1.58,0.696
96493,9.41,16.17,2.12,0.788
96500,9.01,11.12,1.51,0.563
96507,6.67,21.11,0.74,0.606
96512,9.98,19.2,1.03,0.81
96514,8.44,13.74,1.16,0.55
96522,10.59,15.81,2.24,1.034
96534,7.31,13.04,0.92,0.321
96536,5.46,32.36,0.74,0.501
96551,7.47,12.19,1.17,0.35
96556,5.45,31.14,0.86,0.429
96561,8.98,22.85,0.84,0.845
96562,8.05,12.32,1.23,0.433
96576,7.51,31.04,0.68,0.719
96594,8.99,12.92,1.26,0.639
96597,9.38,14.29,1.61,0.714
96605,9.73,13.55,1.62,0.832
96614,8.27,10.72,0.8,0.608
96620,5.89,25.12,0.56,0.482
96622,6.61,12.38,1.2,0.342
96626,8.55,12.55,1.5,0.563
96634,9.15,22.34,0.88,0.805
96635,9.11,28.29,1.4,0.872
96639,8.49,10.82,1.24,0.498
96656,8.04,33.28,0.69,0.881
96680,7.48,14.53,1.06,0.391
96683,4.68,13.0,0.59,0.971
96689,10.39,20.53,1.96,0.906
96701,7.13,11.32,0.77,0.363
96702,10.94,45.88,1.29,1.48
96710,10.49,44.84,1.91,1.391
96713,8.8,15.5,1.42,0.688
96721,6.24,10.05,0.88,0.293
96725,9.04,21.29,1.51,0.907
96735,9.18,27.14,0.92,0.892
96739,6.6,11.84,0.97,0.247
96754,7.54,19.14,1.04,0.57
96780,10.34,10.55,1.09,0.7
96785,9.03,13.74,1.42,0.689
96786,7.09,10.35,0.84,0.222
96792,8.19,16.62,1.26,0.617
96807,5.64,11.44,0.89,0.123
96808,5.3,13.31,0.8,1.109
96813,6.97,20.86,0.83,0.525
96816,7.81,12.61,0.61,0.545
96825,5.06,20.51,0.5,0.426
96829,9.54,13.25,1.6,0.691
96834,7.53,21.06,1.03,0.537
96839,8.48,19.64,0.7,0.647
96842,8.05,10.08,0.96,0.476
96845,7.27,11.08,0.84,0.49
96849,8.02,15.41,1.13,0.566
96854,8.11,24.09,1.15,0.734
96861,9.03,29.58,1.15,1.04
96880,9.23,24.15,1.32,0.838
96881,8.72,14.23,1.3,0.686
96886,8.54,11.78,1.07,0.484
96893,8.1,10.55,1.13,0.502
96895,5.99,46.25,0.5,0.643
96901,6.25,46.7,0.52,0.661
96902,8.56,10.91,1.31,0.642
96906,7.48,18.75,0.67,0.439
96907,6.22,12.0,0.59,0.182
96918,9.89,16.11,1.64,0.91
96923,9.32,10.51,1.02,0.635
96932,6.86,19.88,1.03,0.459
96937,7.77,10.35,1.16,0.336
96943,8.99,21.05,1.27,0.733
96946,8.38,19.6,1.05,0.77
96948,7.64,24.81,1.07,0.664
96950,5.06,18.67,0.88,0.319
96952,9.09,10.64,1.37,0.597
96955,7.48,24.12,1.43,0.711
96960,9.93,12.41,1.57,0.622
96979,6.89,14.93,1.93,0.503
96981,9.03,15.0,1.43,0.768
96988,6.54,12.25,0.67,0.337
96998,10.03,34.74,2.33,1.347
97008,8.02,10.64,0.84,0.55
97012,8.53,10.76,1.14,0.54
97016,7.07,16.94,1.43,0.405
97018,6.95,14.25,0.58,0.308
97022,7.51,16.71,1.35,0.501
97023,6.87,22.1,0.82,0.567
97025,7.73,11.51,0.87,0.387
97024,8.95,12.22,1.1,0.655
97030,7.89,23.99,1.0,0.591
97033,6.29,22.23,0.48,0.59
97042,8.8,10.23,1.2,0.502
97051,10.0,44.18,1.86,1.26
97063,5.49,27.26,2.35,0.46
97070,6.28,12.88,0.5,0.887
97086,7.66,10.62,0.61,0.284
97088,8.38,22.26,1.36,0.679
97093,9.95,15.2,2.15,0.972
97096,9.29,15.84,2.36,1.025
97099,7.55,15.84,2.36,0.641
97105,7.99,13.48,1.14,0.625
97110,8.7,12.34,1.29,0.435
97116,9.63,11.47,1.57,0.657
97118,4.89,11.7,0.5,0.948
97125,9.26,11.52,1.44,0.79
97132,8.36,10.08,1.07,0.401
97145,7.22,10.48,0.9,0.146
97148,7.72,16.46,0.93,0.531
97156,8.74,33.38,1.19,0.99
97160,9.91,20.55,1.66,1.509
97165,2.86,19.07,0.45,-0.002
97166,9.92,14.7,0.9,0.891
97168,10.35,10.06,1.2,0.876
97174,10.32,18.74,1.64,0.775
97185,7.8,14.21,0.96,0.536
97203,9.71,10.34,1.2,0.681
97205,9.52,15.52,1.61,0.856
97206,8.05,12.8,1.08,0.483
97213,8.64,12.41,1.3,0.697
97216,7.48,12.7,1.0,0.549
97219,9.0,21.58,0.82,0.884
97222,7.68,49.09,1.43,1.0
97223,9.15,48.49,1.23,1.175
97229,5.89,18.48,0.83,0.18
97233,7.34,10.4,1.26,0.996
97236,8.61,10.18,0.83,0.561
97252,7.98,13.22,0.88,0.491
97255,7.02,33.05,0.99,0.612
97267,8.23,10.73,0.67,0.411
97272,9.39,10.9,1.5,0.68
97286,8.27,15.31,0.69,0.498
97290,4.87,15.92,0.77,1.061
97292,9.74,74.9,2.93,1.517
97295,5.0,47.94,0.54,0.476
97312,8.2,15.74,1.34,0.59
97317,8.1,11.03,0.91,0.608
97319,6.66,16.37,0.74,0.295
97321,7.07,23.36,0.58,0.591
97323,8.44,13.36,1.17,0.497
97336,7.83,20.87,0.71,0.661
97344,9.02,12.88,1.15,0.546
97348,8.17,10.81,1.57,0.589
97337,11.01,26.9,1.53,1.629
97358,7.6,32.32,0.9,0.689
97366,7.5,10.73,0.58,0.218
97370,7.12,26.61,1.13,0.564
97380,8.86,13.69,1.13,0.552
97384,6.77,20.22,0.92,0.61
97389,8.37,11.35,1.23,0.56
97393,7.22,15.72,0.97,0.455
97399,7.86,18.8,0.63,0.602
97405,7.69,29.37,1.06,0.669
97409,8.31,10.99,1.04,0.466
97410,9.16,10.88,1.31,0.551
97416,6.79,10.94,0.68,0.12
97420,6.87,38.44,0.7,0.66
97421,5.33,19.19,0.67,0.196
97423,6.11,16.0,0.88,0.193
97431,6.95,15.43,0.83,0.445
97433,3.84,22.4,0.45,0.888
97438,6.64,35.25,0.51,0.592
97448,9.71,15.99,1.52,1.115
97449,9.9,14.11,1.91,0.827
97463,9.57,13.37,1.6,0.615
97470,7.67,11.47,0.75,0.822
97477,6.66,14.99,1.04,0.437
97495,9.84,15.03,1.9,0.83
97499,6.0,11.42,0.76,1.233
97507,8.76,18.33,1.14,0.671
97508,7.28,17.21,1.16,0.512
97509,6.97,20.17,0.72,0.611
97515,6.04,21.95,0.96,0.403
97517,7.76,20.5,0.57,0.613
97524,7.8,10.32,0.95,0.423
97527,7.53,18.78,0.64,0.51
97531,9.14,20.43,1.36,0.787
97534,5.39,24.08,0.56,0.234
97537,7.98,22.2,0.86,0.518
97543,8.07,10.32,0.93,0.481
97546,7.22,22.23,1.14,0.574
97548,8.69,16.1,2.06,0.651
97550,8.79,15.03,1.31,0.577
97557,7.78,20.02,1.03,0.624
97561,7.26,12.34,0.98,0.455
97564,7.47,15.7,1.73,0.548
97568,7.56,14.15,1.01,0.355
97581,7.04,12.27,0.81,0.195
97590,7.6,12.58,0.98,0.284
97591,8.01,10.12,0.95,0.509
97596,8.4,11.29,1.08,0.505
97612,6.7,18.62,0.51,0.514
97633,9.25,14.13,1.12,0.667
97635,5.03,16.96,0.45,1.286
97640,8.0,35.46,0.76,0.787
97646,5.41,12.55,0.71,0.082
97649,0.76,194.44,0.94,0.221
97650,5.38,37.86,0.97,0.402
97657,9.46,27.5,0.96,1.044
97660,7.5,14.08,1.08,0.418
97667,8.56,12.38,1.3,0.605
97668,9.55,24.46,1.9,0.93
97674,6.04,16.67,0.69,0.317
97676,8.43,18.18,1.27,0.692
97675,5.12,51.57,0.77,0.563
97682,8.14,13.77,0.73,0.474
97690,7.31,10.84,1.21,0.463
97693,10.87,23.36,2.43,1.299
97700,6.22,15.14,0.52,0.398
97705,8.01,14.73,0.92,0.584
97706,8.24,13.13,0.88,0.599
97714,8.75,12.5,1.28,0.642
97719,7.9,12.28,0.98,0.685
97720,7.84,13.49,0.65,0.463
97729,8.18,13.15,1.09,0.602
97737,7.19,13.78,1.11,0.424
97738,6.89,11.07,0.83,0.499
97744,8.09,11.59,0.84,0.528
97758,8.17,10.92,1.02,0.5
97767,6.16,36.15,0.79,0.642
97769,8.24,19.0,0.95,0.727
97779,7.14,29.91,0.97,0.647
97783,5.88,10.46,0.93,0.979
97805,9.45,35.64,1.46,1.155
97837,7.72,18.81,0.64,0.572
97846,7.57,17.72,0.74,0.773
97866,7.42,14.89,1.24,0.554
97871,5.63,11.79,0.93,0.231
97887,9.14,11.85,1.55,0.559
97918,7.97,14.01,0.94,0.628
97921,9.13,11.47,1.41,0.579
97922,7.02,11.96,1.5,0.584
97927,10.25,24.29,1.79,1.181
97937,9.76,17.43,1.49,0.95
97938,4.71,15.96,1.01,1.023
97940,8.78,21.12,1.64,0.878
97944,6.22,70.34,0.81,1.017
97950,8.93,23.29,2.12,0.9
97962,10.22,12.33,1.7,-0.219
97970,6.14,12.38,0.89,0.043
97971,6.21,10.72,0.78,0.163
97977,9.52,20.1,2.03,0.889
97983,8.46,12.94,1.18,0.573
98001,7.41,22.31,0.78,0.796
98007,9.42,27.39,1.76,0.978
98015,8.55,12.13,1.36,0.81
98020,8.83,25.32,1.17,0.599
98032,4.12,17.24,0.85,1.063
98036,3.71,72.95,0.83,0.855
98038,6.49,11.67,1.18,0.391
98045,6.87,12.28,0.89,0.375
98049,8.46,18.84,1.28,0.657
98055,4.91,11.3,0.58,0.124
98066,4.7,42.03,0.94,0.748
98069,7.71,12.79,0.92,0.47
98070,12.28,36.42,2.4,1.928
98078,8.4,13.35,1.11,0.471
98098,8.82,11.97,1.36,0.636
98103,5.28,15.84,0.76,0.014
98105,10.58,32.65,1.95,1.34
98106,8.4,42.78,1.0,1.058
98108,8.04,15.67,1.06,0.656
98110,3.89,23.4,0.54,1.019
98111,6.16,11.67,0.48,0.09
98130,8.42,52.11,1.14,1.025
98138,6.8,10.31,0.69,0.646
98148,8.62,11.28,1.16,0.642
98151,8.03,13.76,0.93,0.443
98152,6.55,10.84,0.92,0.184
98154,6.79,11.32,0.76,0.328
98159,10.9,23.53,2.24,1.31
98170,10.32,23.29,2.17,1.2
98174,5.24,10.81,0.68,0.014
98178,8.59,10.89,1.16,0.546
98185,8.65,19.75,1.15,0.603
98189,9.19,13.07,1.59,0.639
98192,7.91,39.24,0.97,0.797
98197,8.1,15.57,1.01,0.524
98204,9.29,52.92,1.48,1.318
98206,7.19,23.47,0.84,0.641
98210,6.56,10.67,1.02,1.017
98211,9.47,23.36,1.31,0.917
98222,7.34,16.6,1.08,0.626
98225,9.12,11.21,1.32,0.534
98226,6.55,18.98,1.14,0.416
98228,8.24,11.82,0.95,0.686
98237,10.8,18.09,2.2,1.098
98245,8.37,17.34,0.69,0.593
98258,5.01,11.18,1.01,0.055
98274,8.35,21.52,1.53,0.614
98287,6.95,14.1,0.86,0.371
98288,9.27,14.2,0.74,0.63
98294,7.64,11.1,0.97,0.33
98296,7.83,12.78,0.89,0.468
98314,6.77,10.39,0.96,0.902
98315,7.24,14.19,1.21,0.424
98316,8.54,43.91,1.17,1.05
98322,10.25,17.16,1.07,0.703
98329,9.37,18.92,1.44,0.866
98332,5.74,14.08,0.66,0.224
98337,3.51,11.9,0.71,1.571
98351,6.27,15.22,0.94,1.051
98355,7.47,17.82,1.05,0.478
98356,8.91,14.5,1.61,0.9
98375,5.68,20.66,1.07,0.345
98381,9.91,24.44,1.08,1.11
98382,6.8,11.11,0.53,0.168
98397,8.31,13.01,1.37,0.503
98406,6.71,10.34,0.97,0.066
98410,8.88,15.62,1.68,0.581
98413,9.2,27.79,1.47,0.92
98414,8.86,10.9,1.18,0.555
98416,5.87,40.75,1.35,0.598
98421,5.3,20.81,0.88,0.17
98427,9.5,11.0,1.45,0.561
98431,8.55,14.06,1.18,0.532
98442,7.24,19.79,1.04,0.506
98444,6.67,26.01,0.91,0.404
98449,7.67,12.08,0.96,0.473
98451,8.81,17.1,1.47,0.614
98461,5.95,10.33,0.81,0.989
98470,5.65,47.9,1.06,0.498
98478,5.75,15.09,0.74,1.033
98482,6.18,10.8,0.8,1.056
98488,7.2,13.13,0.99,0.443
98495,3.97,30.73,0.55,-0.032
98505,7.67,51.94,0.87,0.932
98514,9.28,14.7,1.34,0.653
98516,7.66,12.66,1.04,0.442
98532,7.72,14.76,1.1,0.571
98533,6.83,23.42,0.83,0.412
98535,8.0,16.52,1.64,0.768
98543,4.66,14.67,0.64,0.184
98555,9.09,10.79,1.42,0.587
98556,7.7,13.07,1.79,0.413
98559,9.24,16.86,1.37,0.702
98560,7.72,16.18,1.1,0.505
98565,7.46,12.41,0.98,0.438
98575,6.01,10.42,0.78,0.981
98577,6.96,11.86,1.12,0.356
98578,6.97,12.56,1.6,0.44
98579,6.31,11.65,0.96,0.113
98589,7.34,29.2,0.94,0.654
98599,8.11,14.56,0.97,0.556
98613,10.03,15.3,1.09,0.9
98616,8.7,12.57,1.24,0.561
98621,8.12,26.62,1.04,0.674
98624,5.32,13.91,0.66,1.218
98632,8.33,11.81,0.64,0.466
98633,5.69,10.54,0.87,0.079
98634,7.79,12.1,1.13,0.445
98636,5.23,15.43,0.97,0.374
98645,9.6,10.46,1.24,0.765
98649,9.07,10.16,1.01,0.591
98651,9.03,10.45,1.27,0.626
98653,10.06,12.64,1.77,0.797
98667,9.63,12.74,1.64,0.616
98668,9.19,24.12,0.85,0.948
98677,7.15,51.71,0.83,0.714
98679,8.69,84.75,11.17,1.124
98689,7.55,10.85,1.09,0.308
98692,8.32,16.25,0.7,0.68
98693,9.19,13.67,1.13,0.617
98698,7.46,76.26,1.03,1.128
98703,8.64,15.23,0.92,0.558
98704,8.23,12.05,0.98,0.535
98705,6.92,11.47,0.86,0.14
98707,7.63,11.55,0.94,0.601
98714,7.3,16.1,0.81,0.793
120148,10.57,36.47,2.32,1.375
98716,7.65,16.28,1.21,0.486
98718,6.84,15.62,0.78,0.616
98720,8.44,13.98,1.49,0.53
98723,9.59,25.09,1.72,1.04
98732,7.88,11.4,1.07,0.451
98751,9.04,11.69,1.2,0.632
98764,9.56,27.72,1.34,0.952
98767,5.73,62.92,0.62,0.749
98779,8.19,10.93,1.27,0.462
98785,6.44,17.38,0.76,0.503
98792,7.28,64.17,0.85,0.815
98809,6.68,15.39,1.12,0.347
98813,6.91,35.88,0.89,0.614
98819,5.8,56.6,0.76,0.6
98828,7.82,46.28,0.91,0.924
98829,9.68,14.48,1.11,0.695
98839,8.16,21.56,1.08,0.626
98842,4.99,10.05,0.84,1.208
98845,7.47,10.33,0.73,0.869
98851,7.51,11.65,0.91,0.429
98854,8.58,11.28,1.04,0.528
98864,8.87,13.06,1.43,0.511
98868,8.77,12.07,1.13,0.495
98872,6.24,12.74,0.53,0.1
98874,8.51,18.44,0.98,1.1
98876,8.9,11.01,1.07,0.578
98878,7.69,30.13,1.37,0.705
98879,7.33,22.93,0.94,0.544
98881,8.5,11.21,1.05,0.569
98886,9.39,14.55,1.27,0.659
98891,8.19,14.78,1.01,0.671
98894,7.69,22.49,0.88,0.669
98895,9.63,14.15,1.63,0.74
98906,11.98,63.23,6.44,1.524
98908,10.85,20.24,2.55,1.31
98920,5.09,20.17,0.71,1.058
98921,6.18,52.99,0.55,0.654
98922,6.77,13.19,1.11,0.479
98923,7.22,13.1,0.6,0.323
98927,9.92,16.33,1.79,0.991
98942,7.48,11.49,0.99,0.465
98946,6.19,19.14,0.49,0.437
98959,6.07,56.45,0.74,0.648
98962,5.4,18.78,0.44,1.191
98964,8.35,23.22,1.24,0.776
98965,8.62,22.51,1.44,0.717
98967,8.57,14.04,1.84,0.637
98972,9.66,17.56,1.74,0.8
98978,7.44,20.09,0.61,0.661
98981,8.18,11.7,0.86,0.48
98993,8.44,17.93,1.26,0.613
99007,8.58,11.1,1.2,0.568
99014,9.61,27.99,1.78,1.052
99017,8.73,12.93,1.02,0.61
99025,8.03,10.2,1.29,0.544
99026,5.81,27.43,0.46,0.445
99027,8.65,11.85,0.71,0.487
99031,5.38,41.34,0.54,0.85
99034,8.12,18.7,1.13,0.629
99046,7.99,21.16,1.03,0.572
99077,7.7,12.17,1.03,0.362
99096,11.54,26.4,3.79,1.208
99097,6.96,10.96,0.64,0.173
99100,8.26,20.83,1.24,0.734
99106,8.32,11.07,1.59,0.28
99107,7.46,11.73,0.58,0.539
99110,9.16,13.76,1.72,0.626
99111,7.12,10.86,0.9,0.363
99115,7.78,18.44,1.1,0.743
99132,9.16,16.49,1.57,0.623
99137,6.26,43.08,0.79,0.53
99139,8.83,14.34,1.34,0.639
99141,8.2,15.1,1.08,0.581
99149,7.16,10.55,1.31,0.275
99150,12.19,68.49,5.17,1.56
99154,8.69,10.76,1.22,0.612
99158,6.43,23.12,1.04,0.463
99165,11.28,22.19,2.95,1.38
99169,6.99,10.95,0.54,0.486
99171,5.97,20.89,0.89,1.023
99174,8.93,11.76,1.36,0.708
99175,8.97,18.6,0.82,0.763
99184,9.29,17.59,1.57,0.751
99188,6.47,17.3,0.79,0.682
99205,9.81,36.49,2.01,1.169
99208,9.63,15.97,1.72,0.76
99210,7.9,17.93,1.07,0.708
99212,8.95,11.34,1.19,0.564
99224,8.12,16.61,1.14,0.673
99229,7.54,19.32,0.93,0.524
99232,7.13,24.7,0.56,0.572
99240,3.55,163.73,0.65,0.751
99241,7.4,22.43,0.55,0.568
99245,8.94,16.31,1.5,0.81
99262,9.55,13.92,1.46,0.769
99267,10.11,12.04,1.13,0.51
99271,7.59,14.33,0.8,0.511
99273,7.18,18.69,0.9,0.48
99296,8.26,14.71,1.25,0.843
99306,8.09,13.61,0.63,0.64
99314,7.45,13.6,1.04,0.38
99316,7.56,41.07,1.18,0.81
99319,10.15,11.29,1.64,0.85
99318,8.15,11.06,0.72,0.471
99322,9.75,31.49,1.58,1.137
99332,9.56,31.32,1.74,1.184
99335,7.93,12.89,1.15,1.004
99339,9.13,18.21,1.62,0.769
99344,8.38,25.96,1.19,0.708
99352,6.51,22.22,1.15,0.394
99355,8.73,35.71,0.81,0.906
99367,6.57,17.19,1.1,0.524
99376,7.41,19.45,0.8,0.669
99385,8.91,63.82,1.49,1.296
99386,8.01,14.44,0.96,0.544
99388,7.84,10.79,0.85,0.483
99391,7.28,15.93,1.71,0.579
99392,7.88,13.19,1.16,0.435
99397,9.8,20.01,1.45,1.123
99414,7.51,14.43,0.55,0.453
99427,8.88,59.53,0.72,1.32
99438,12.18,65.06,3.85,0.07
99451,8.76,10.54,1.23,0.485
99452,7.34,48.83,0.91,0.83
99454,8.82,12.01,0.9,0.57
99461,5.32,165.24,0.9,0.868
99462,7.52,14.59,0.86,0.441
99464,7.57,13.35,0.89,0.417
99473,3.24,11.36,0.92,-0.066
99480,8.17,12.73,0.95,0.475
99494,8.28,10.44,1.02,0.486
99498,7.75,15.06,0.83,0.501
99500,5.7,20.54,0.52,0.53
99509,9.46,13.85,1.53,0.8
99530,7.09,16.25,0.53,0.448
99536,9.49,12.18,1.44,0.626
99542,9.06,24.28,0.89,0.81
99550,11.3,37.94,2.75,1.424
99551,8.78,11.47,0.94,0.613
99558,7.32,12.22,1.11,0.435
99560,7.62,10.15,0.58,0.407
99572,5.84,35.65,0.92,0.476
99581,7.44,12.33,0.88,0.424
99587,10.61,19.53,2.16,1.352
99591,9.07,20.02,1.17,0.75
99593,9.88,20.87,1.83,1.038
99607,7.73,12.65,1.02,0.573
99609,7.93,11.6,0.99,0.897
99626,8.54,17.39,1.17,0.654
99629,10.31,27.36,1.79,1.26
99634,8.46,32.1,0.77,0.896
99642,9.48,23.29,1.64,0.873
99647,7.17,10.71,0.59,0.334
99651,8.67,27.33,1.21,0.732
99655,4.28,21.41,0.45,0.114
99661,8.26,11.77,0.98,0.668
99665,8.53,17.2,1.18,0.713
99668,6.9,17.68,0.87,0.458
99680,7.02,21.64,0.63,0.504
99686,9.35,10.19,1.43,0.691
99687,8.44,12.24,0.71,0.564
99695,9.5,21.24,1.61,0.906
99698,9.77,14.44,1.03,0.791
99699,11.3,37.54,2.56,1.365
99701,7.97,161.17,1.08,1.431
99708,8.46,13.23,1.46,0.566
99711,7.79,50.27,1.13,0.938
99727,8.01,15.19,1.32,0.68
99729,7.71,15.89,1.24,0.704
99731,7.26,15.95,0.59,0.844
99737,7.56,16.11,0.65,0.536
99739,9.37,13.54,1.24,0.758
99742,4.94,21.24,0.78,0.072
99762,6.09,13.88,0.78,0.308
99764,10.19,49.03,1.74,1.351
99770,4.93,24.37,0.55,0.151
99773,8.62,10.44,1.19,0.539
99774,9.15,17.78,0.79,0.616
99803,7.24,15.32,2.2,0.494
99825,5.73,113.33,0.89,0.878
99832,8.44,14.79,0.64,0.807
99833,7.86,13.02,0.96,0.517
99834,8.23,15.52,1.2,0.527
99841,5.7,10.86,0.58,0.926
99843,7.32,16.91,0.94,0.463
99855,9.05,10.4,0.78,0.623
99868,7.68,13.62,0.76,0.58
99873,6.86,13.01,0.79,0.259
99880,9.98,40.97,1.21,1.266
99886,7.79,12.63,1.01,0.945
99889,5.87,28.97,0.52,0.447
99892,7.34,11.38,0.95,0.227
99894,6.44,14.84,0.91,0.867
99902,9.72,15.99,1.09,0.87
99912,8.54,13.18,1.1,0.566
99913,6.11,10.95,0.75,1.039
99916,11.16,37.15,2.65,1.417
99919,10.41,17.29,1.85,0.954
99922,9.2,12.48,0.81,0.588
99926,6.55,23.48,0.84,0.381
99931,7.88,12.5,0.75,0.475
99938,8.39,17.28,1.22,0.58
99940,8.46,22.56,1.17,0.685
99945,9.12,20.98,1.33,0.76
99956,6.93,16.51,1.21,0.526
99957,7.03,18.9,0.93,0.441
99963,9.26,13.41,1.14,0.585
99966,7.51,21.45,2.14,0.689
99965,8.15,32.33,1.78,0.747
99969,9.72,21.23,1.76,1.14
99971,8.64,22.79,1.25,0.723
99975,9.27,11.78,1.11,0.622
99985,6.51,14.94,0.85,0.31
99994,6.72,13.89,0.74,0.23
100017,5.91,56.92,0.52,0.602
100022,7.7,11.18,0.64,1.023
100035,6.68,16.24,0.83,0.474
100040,8.37,11.61,0.83,0.78
100042,8.86,10.39,1.15,0.611
100045,6.72,17.25,1.77,0.518
100046,6.73,18.42,0.5,0.451
100047,11.03,28.72,2.36,1.301
100063,8.69,14.27,1.16,0.522
100064,3.58,30.01,0.91,0.883
100072,7.27,27.3,1.03,0.567
100073,7.25,10.66,0.57,0.326
100079,8.66,28.04,2.25,1.008
100097,5.76,11.21,0.64,0.118
100108,5.58,16.76,0.52,0.056
100118,7.5,10.16,0.95,0.314
100123,7.46,10.94,1.01,0.581
100126,7.68,13.46,0.95,0.419
100129,7.78,11.1,1.36,0.497
100133,11.01,34.77,2.71,1.43
100159,7.35,11.14,0.98,0.287
100171,7.92,10.98,0.83,0.453
100184,6.13,33.91,0.87,0.469
100207,8.77,10.7,1.34,0.424
100217,7.56,15.42,0.69,0.451
100223,8.73,55.73,1.29,1.167
100224,7.35,13.4,0.95,0.42
100225,8.2,21.0,1.01,0.684
100233,7.2,23.07,0.96,0.594
100235,8.98,16.68,1.38,0.616
100238,9.87,11.13,1.55,0.603
100243,8.7,10.23,1.18,0.678
100251,9.07,11.12,1.18,0.625
100256,5.96,11.09,0.8,0.299
100259,8.27,19.43,1.18,0.631
100266,6.62,15.87,0.9,0.592
100269,6.77,12.47,0.78,0.568
100271,9.96,24.0,1.07,1.081
100280,8.41,25.78,0.95,0.74
100284,9.95,20.47,0.93,0.891
100291,11.33,22.91,2.73,1.229
100303,8.47,10.02,0.85,0.505
100305,7.21,10.39,0.86,0.177
100309,7.95,12.2,0.99,0.423
100310,4.77,11.98,0.97,-0.047
100321,7.03,18.38,0.57,0.459
100325,6.09,10.4,1.04,-0.016
100330,9.89,11.58,1.68,0.76
100334,7.8,12.17,1.28,0.523
100336,7.32,13.97,0.92,0.519
100341,8.87,20.44,1.87,0.864
100356,10.21,43.57,2.85,1.594
100358,7.68,10.31,0.94,0.442
100359,8.65,13.91,0.8,0.643
100363,8.5,14.02,1.1,0.683
100374,10.74,13.73,1.86,0.99
100379,6.49,22.72,0.76,0.505
100396,6.91,18.84,0.74,0.558
100405,8.39,18.92,2.05,0.732
100412,6.26,30.84,0.88,0.549
100417,7.49,16.53,1.14,0.586
100423,9.28,15.37,1.42,0.652
100428,10.26,14.39,2.01,0.814
100449,8.78,19.61,1.97,0.788
100450,10.07,19.62,1.98,0.85
100455,10.14,26.24,1.97,1.088
100469,5.6,13.35,0.81,0.002
100470,8.51,12.12,1.05,0.753
100474,9.37,15.62,1.45,0.79
100490,10.6,50.36,1.84,1.455
100492,9.24,27.48,1.56,0.888
100500,7.13,20.68,0.91,0.726
100503,7.21,11.08,0.71,0.859
100511,6.16,38.27,0.72,0.498
100523,7.01,17.3,0.89,0.374
100526,6.67,14.44,0.45,0.23
100539,8.43,11.37,0.91,0.547
100540,8.03,11.52,1.4,0.465
100541,5.3,13.23,0.8,0.983
100549,8.2,10.25,0.93,0.845
100568,8.65,22.88,1.24,0.554
100570,6.75,24.12,1.15,0.426
100581,7.6,17.4,1.04,0.454
100587,4.43,12.77,0.62,1.331
100597,7.99,10.85,1.08,0.613
100613,7.71,10.84,1.02,0.529
100633,7.71,14.5,1.07,0.496
100649,8.51,10.78,1.14,0.716
100698,9.31,14.25,1.98,0.638
100697,6.15,12.95,0.54,0.203
100704,7.61,13.16,1.03,0.554
100706,9.44,14.03,1.44,0.707
100720,8.48,10.16,1.25,0.448
100751,1.94,17.8,0.7,-0.118
100777,7.61,10.23,0.87,0.415
100783,7.48,11.04,0.99,0.484
100787,6.74,16.52,0.87,0.274
100788,8.87,10.07,1.07,0.661
100792,8.33,17.94,1.24,0.503
100800,7.85,10.59,1.11,0.393
100817,7.33,10.26,0.97,0.583
100836,8.6,20.0,2.05,0.881
100852,6.24,25.21,1.31,0.961
100855,8.21,13.63,1.13,0.824
100859,5.73,26.56,0.48,0.339
100862,7.89,13.42,1.24,0.735
100889,7.11,12.91,1.12,0.682
100891,7.93,15.31,0.74,0.51
100893,9.45,13.23,1.61,0.74
100895,7.49,21.49,1.02,0.52
100896,6.71,20.7,0.94,0.519
100906,7.96,10.73,1.04,0.705
100907,5.63,12.07,0.53,0.072
100925,6.61,51.5,0.82,0.724
100933,6.56,11.8,0.49,0.147
100934,8.82,19.18,1.39,0.767
100937,8.69,10.36,1.41,0.511
100942,8.99,12.04,1.33,0.637
100947,6.78,11.06,0.85,0.383
100963,7.09,35.41,0.8,0.642
100967,9.65,13.09,1.46,0.73
100968,8.1,12.81,0.67,0.689
100970,6.87,26.77,0.89,0.662
100974,8.89,20.22,1.15,0.832
100998,7.75,16.36,0.96,0.587
101006,7.23,10.92,0.8,0.403
101007,8.7,10.68,0.92,0.926
101019,7.33,10.62,1.04,0.445
101022,6.82,31.3,1.08,0.547
101027,4.77,33.04,0.86,0.386
101031,8.39,15.56,1.04,0.725
101046,8.81,13.35,1.64,0.659
101044,6.19,11.77,0.51,0.163
101054,7.39,12.77,0.79,0.366
101059,7.08,27.14,0.97,0.512
101070,6.58,13.36,0.8,0.233
101082,5.96,15.88,0.52,0.942
101091,9.39,12.06,1.55,0.656
101093,4.21,24.04,0.53,0.199
101096,7.84,12.74,0.62,0.513
101101,4.91,17.08,0.94,1.16
101102,9.65,13.97,1.5,0.78
101111,8.56,10.02,1.32,0.426
101136,7.63,18.43,1.03,0.551
101137,8.24,11.18,0.78,0.422
101142,7.77,15.61,0.65,0.512
101145,8.86,20.06,1.37,0.779
101150,9.69,43.24,4.37,1.34
101153,9.65,14.56,1.38,0.778
101163,7.45,18.88,0.59,0.534
101166,8.68,14.79,0.73,0.635
101173,8.97,12.31,1.37,0.566
101180,10.54,125.62,1.11,1.542
101181,8.02,10.16,0.98,0.501
101190,7.75,11.22,0.95,0.51
101207,8.35,11.2,0.91,0.492
101221,6.1,10.25,1.07,0.797
101227,8.34,22.38,1.16,0.884
101230,8.42,12.02,0.68,0.448
101234,7.95,14.18,0.63,0.616
101249,8.23,16.85,1.27,0.553
101262,9.22,38.18,1.17,1.141
101268,6.47,22.18,0.61,0.422
101274,9.25,24.49,1.56,0.831
101292,7.6,20.99,2.06,0.709
101300,6.37,12.33,0.7,0.281
101302,10.07,21.64,1.68,0.915
101304,7.47,12.26,0.91,0.518
101307,7.17,13.48,0.58,0.323
101315,8.01,10.21,1.48,0.6
101331,8.55,12.02,1.17,0.646
101334,10.34,13.82,1.93,0.86
101345,5.66,41.26,0.87,0.689
101382,7.08,44.99,0.64,0.796
101395,9.12,11.09,1.36,0.564
101399,8.66,18.48,1.71,0.738
101414,7.96,10.03,1.12,0.398
101422,7.86,10.2,1.06,0.612
101430,8.22,17.71,1.65,0.549
101432,6.8,25.48,0.89,0.666
101443,7.47,20.72,1.29,0.548
101461,11.88,22.27,3.23,1.4
101463,9.43,14.45,1.52,0.748
101467,6.5,10.28,0.57,0.994
101469,7.0,13.11,0.84,0.262
101472,9.34,15.18,1.35,0.73
101477,5.12,15.1,0.8,0.999
101479,8.24,11.24,1.14,0.594
101483,5.39,18.85,0.82,0.093
101494,8.27,12.51,1.31,0.557
101503,10.0,12.13,1.62,0.81
101507,6.11,30.45,0.96,0.543
101510,9.65,16.53,1.49,0.77
101511,7.28,13.14,0.61,0.392
101513,9.57,12.81,1.63,0.637
101516,11.53,67.65,2.32,-0.097
101551,7.86,15.86,2.25,0.483
101558,6.45,14.94,0.88,0.264
101564,7.77,10.81,0.87,0.476
101578,7.78,12.0,0.64,0.852
101579,8.91,32.73,1.27,0.96
101587,9.21,14.73,1.74,0.69
101589,4.64,14.36,0.75,0.12
101591,8.68,12.52,1.3,0.67
101593,10.08,30.53,1.0,1.18
101594,7.92,10.27,1.21,0.515
101597,8.5,26.08,1.17,0.759
101608,6.19,13.9,0.93,0.218
101611,7.51,14.22,0.61,0.454
101612,4.75,36.27,0.67,0.291
101613,10.06,16.19,1.05,0.747
101614,8.24,15.24,0.83,0.656
101620,7.42,19.8,1.01,0.487
101628,9.16,14.14,0.89,0.618
101629,7.2,16.92,0.85,0.424
101631,9.1,19.84,1.01,0.77
101636,8.59,15.16,1.2,0.579
101651,9.87,17.8,1.76,1.01
101672,8.84,14.38,0.99,0.59
101673,9.77,11.81,1.7,0.436
101684,6.34,17.05,0.78,0.413
101693,8.97,11.96,1.28,0.498
101706,7.65,11.4,1.7,0.405
101716,5.59,10.68,0.67,-0.05
101719,7.03,17.24,0.53,0.401
101726,8.1,27.18,1.16,0.648
101739,8.04,20.67,1.13,0.565
101750,7.46,36.16,0.97,0.859
101752,8.78,14.53,1.2,0.639
101757,7.79,13.07,0.76,0.44
101760,8.95,19.01,1.65,0.832
101768,6.51,20.3,0.62,0.371
101769,3.64,33.49,0.88,0.425
101772,3.11,32.21,0.75,0.998
101773,4.86,16.73,0.64,0.447
101774,8.27,13.45,1.17,0.47
101779,8.71,14.56,1.05,0.61
101785,7.42,19.82,0.97,0.465
101787,6.62,11.18,0.82,0.434
101800,5.42,18.4,0.8,0.05
101806,7.5,21.31,0.91,0.667
101808,6.38,19.86,0.85,0.328
101812,7.82,13.22,1.0,0.448
101814,10.25,16.22,1.0,0.743
101818,7.03,15.76,0.59,0.495
101844,11.36,31.24,2.81,1.42
101846,10.05,26.85,1.92,1.143
101848,7.8,10.54,0.98,0.906
101852,7.78,23.89,1.15,0.597
101854,8.91,13.27,1.13,0.599
101855,7.3,12.35,1.0,0.949
101856,11.7,29.12,3.59,1.457
101857,8.32,15.98,1.08,0.653
101867,4.81,15.27,0.67,-0.03
101875,6.76,37.12,0.62,0.61
101880,10.21,16.73,1.81,0.936
101893,8.85,19.06,1.21,0.68
101895,7.53,13.4,0.99,0.443
101898,8.53,11.53,1.22,0.518
101904,7.95,16.06,1.0,0.541
101905,7.33,29.73,0.9,0.626
101906,7.18,17.96,1.04,0.483
101910,10.52,15.09,1.92,0.871
101911,6.46,13.93,0.97,1.016
101916,5.07,33.27,0.82,0.702
101932,8.52,35.22,1.14,0.91
101936,5.15,13.33,0.88,1.06
101948,6.81,30.46,0.6,0.507
101955,7.88,53.82,2.21,1.241
101958,3.77,13.55,0.71,-0.057
101966,6.39,30.31,0.81,0.559
101971,8.98,11.42,0.81,0.515
101982,8.92,13.19,1.25,0.73
101983,5.11,41.33,0.73,0.544
101989,10.6,13.41,1.69,0.743
101996,9.41,10.17,1.45,0.657
101997,6.36,68.28,0.82,0.719
102011,6.02,30.12,0.48,0.443
102014,5.47,13.64,0.79,1.118
102016,8.02,18.6,0.73,0.637
102018,7.21,23.42,0.89,0.607
102021,8.48,10.01,1.25,0.626
102022,10.21,13.14,1.85,0.665
102023,8.85,15.09,1.3,0.679
102025,10.06,22.36,1.78,1.095
102029,6.76,14.36,0.88,0.458
102033,6.02,12.2,0.65,0.163
102040,6.43,47.65,0.76,0.611
102046,8.24,15.78,1.22,0.489
102077,8.65,10.02,1.15,0.618
102081,8.18,16.7,0.85,0.67
102101,10.27,41.74,1.15,1.36
102115,10.53,35.83,2.5,1.318
102119,9.83,43.42,1.48,1.121
102125,6.51,22.95,2.1,0.62
102130,8.02,18.55,1.18,0.592
102131,7.76,12.29,1.42,0.453
102141,10.27,97.8,4.65,1.55
102146,8.07,11.86,1.04,0.446
102147,8.27,17.91,2.01,0.606
102152,9.18,12.36,1.22,0.651
102154,7.52,14.88,0.67,0.464
102168,9.15,14.09,1.34,0.683
102173,8.48,10.25,0.72,0.52
102186,8.83,82.57,1.25,1.324
102189,7.59,17.96,0.67,0.613
102200,9.18,12.38,1.32,0.65
102203,7.61,33.15,1.2,0.711
102205,6.94,11.89,0.56,0.221
102207,12.38,47.39,4.04,-0.199
102211,8.08,13.89,1.37,0.598
102218,7.74,13.85,1.19,0.476
102221,8.17,12.07,1.03,0.455
102226,8.26,39.38,1.03,0.889
102231,7.61,10.76,0.83,0.34
102233,7.31,14.63,0.63,0.345
102234,8.78,13.16,0.86,0.573
102237,11.41,21.86,2.18,1.381
102238,10.79,16.81,2.01,1.083
102240,7.75,12.71,0.64,0.552
102253,5.59,23.49,0.49,0.218
102259,7.68,15.22,0.71,0.599
102264,6.95,44.57,0.87,0.671
102272,9.23,14.07,1.63,0.641
102273,8.68,11.92,1.06,0.453
102281,4.43,16.03,0.68,0.302
102289,8.3,10.08,1.28,0.465
102290,8.66,17.6,1.13,0.598
102300,11.87,46.11,1.76,1.997
102301,11.46,38.38,3.24,1.449
102320,9.95,18.49,2.34,1.21
102332,9.84,38.26,2.0,1.191
102333,4.51,41.38,0.82,0.278
102338,8.2,17.31,1.02,0.645
102357,10.29,50.18,1.99,1.457
102373,7.24,11.38,1.06,0.279
102375,8.91,12.84,1.24,0.579
102379,8.21,11.91,1.19,0.545
102393,7.55,16.84,1.11,0.656
102394,10.43,20.89,2.07,1.101
102395,3.42,23.71,0.63,0.163
102399,10.44,15.8,1.93,0.999
102401,10.79,80.01,1.57,1.491
102406,9.31,13.56,1.3,0.719
102409,8.81,100.59,1.35,1.47
102418,8.62,14.95,1.44,0.576
102419,6.98,17.28,1.14,0.359
102422,3.41,69.73,0.49,0.912
102431,4.52,36.87,0.46,0.535
102435,6.78,16.4,0.98,0.333
102446,8.88,15.33,1.28,0.636
102453,4.22,15.84,0.62,1.051
102458,9.82,15.61,1.55,0.792
102466,8.6,15.09,0.73,0.686
102471,9.54,13.59,1.57,0.717
102485,4.13,68.16,0.91,0.426
102486,7.82,30.1,1.34,0.914
102487,5.91,12.09,0.81,0.066
102488,2.48,45.26,0.53,1.021
102490,7.09,26.15,1.46,0.794
102491,9.01,11.14,1.41,0.682
102495,10.73,32.48,1.98,1.299
102496,6.49,14.42,0.84,0.433
102497,5.48,10.19,0.84,-0.078
102500,10.45,16.88,1.15,0.99
102507,7.01,19.59,1.78,0.414
102521,7.66,28.47,1.06,0.62
102523,8.54,17.52,1.21,0.653
102525,8.18,12.9,1.01,0.486
102527,8.42,10.42,1.22,0.492
102531,5.15,31.69,2.37,0.495
102532,4.27,32.14,1.19,1.042
102533,9.01,12.05,1.58,0.704
102538,7.88,10.3,1.01,0.341
102548,9.52,14.82,1.56,0.686
102556,9.16,10.06,1.42,0.724
102569,9.88,14.6,2.09,0.955
102578,8.79,11.49,1.29,0.574
102579,7.36,11.12,0.83,0.3
102580,8.26,25.32,1.12,0.759
102581,7.89,14.21,1.13,0.505
102582,9.72,31.68,1.62,1.032
102587,8.14,13.96,1.12,0.568
102592,7.95,12.81,1.24,0.405
102610,7.43,25.6,0.92,0.587
102611,7.6,18.63,0.87,0.501
102612,7.28,12.54,1.13,0.461
102616,10.76,37.39,1.41,1.365
102618,3.78,14.21,0.9,0.0
102620,7.62,12.75,0.88,0.419
102626,9.44,22.52,1.64,0.939
102640,7.03,10.27,0.71,0.257
102642,6.29,23.88,0.56,0.883
102643,9.9,11.03,1.53,0.7
102655,8.44,18.43,1.4,0.61
102659,7.84,15.67,1.18,0.461
102660,6.81,11.64,0.96,0.422
102664,8.02,26.41,1.27,0.619
102675,7.31,20.09,0.94,0.527
102684,6.98,12.6,0.57,0.38
102693,5.11,24.35,0.9,0.361
102703,7.62,14.75,1.18,0.581
102709,9.46,14.11,0.97,0.715
102725,7.0,12.94,0.69,0.283
102727,7.92,14.13,0.62,0.492
102741,7.8,12.41,0.63,0.91
102751,7.99,10.09,1.08,0.5
102753,9.25,24.45,1.58,0.979
102762,8.13,16.41,1.04,0.594
102766,8.25,42.23,0.98,0.939
102773,5.41,10.7,0.57,1.122
102776,10.19,12.95,1.62,0.747
102779,9.25,10.29,1.37,0.549
102781,7.18,13.05,0.59,0.413
102782,9.3,29.16,3.28,1.074
102784,9.31,29.16,3.28,1.073
102791,8.23,28.61,0.74,0.767
102793,8.43,15.98,1.13,0.611
102801,6.65,15.7,0.58,0.372
102805,6.01,33.81,0.83,0.42
102807,7.12,19.64,0.84,0.455
102809,10.53,20.91,2.04,1.027
102812,9.19,10.38,1.4,0.593
102815,7.67,19.42,0.88,0.602
102817,10.86,22.62,2.39,1.356
102820,7.91,11.87,1.16,0.531
102838,8.54,16.74,1.18,0.679
102843,5.06,23.67,0.56,0.198
102851,8.32,48.38,1.77,1.068
102862,8.94,16.78,1.3,0.628
102868,9.3,13.94,0.87,0.646
102869,6.84,18.63,0.97,0.49
102870,9.69,44.57,1.01,1.16
102872,8.39,11.51,1.11,0.593
102878,6.63,10.09,0.92,0.036
102881,9.6,20.09,1.43,0.966
102891,5.87,13.06,1.0,1.075
102895,8.97,24.41,1.28,0.814
102908,7.14,14.06,0.86,0.45
102914,9.79,25.07,1.87,1.035
102923,9.82,20.71,1.63,0.9
102924,8.21,13.46,0.8,0.498
102945,5.99,16.97,1.26,0.464
102959,6.84,10.22,0.91,0.26
102961,8.05,14.28,0.86,0.671
102962,5.67,13.67,1.16,0.203
102963,7.12,16.21,1.02,0.489
102964,9.73,26.17,1.46,1.01
102968,8.06,12.11,0.98,0.571
102970,7.81,33.8,0.68,0.685
102981,8.21,10.29,0.97,0.501
102988,10.23,14.67,1.14,0.912
103004,4.56,15.06,0.6,0.835
103008,8.66,13.89,1.16,0.608
103014,10.52,23.29,1.17,1.095
103019,10.35,28.49,1.97,1.332
103025,8.72,15.73,1.11,0.652
103031,8.5,14.86,1.0,0.552
103039,11.41,182.15,3.68,1.653
103045,4.73,21.01,1.04,0.325
103048,7.68,15.52,0.99,0.481
103055,8.65,18.68,1.3,0.804
103071,6.32,13.33,1.17,0.876
103077,6.38,22.17,0.99,0.661
103091,9.06,16.24,1.31,0.654
103093,9.68,13.66,0.89,0.705
103096,8.55,141.95,0.77,1.483
103104,7.38,10.65,0.57,0.24
103107,8.76,13.74,1.22,0.502
103118,9.36,10.67,1.5,0.737
103131,7.78,17.19,0.73,0.747
103138,9.76,26.08,1.75,1.085
103139,9.55,15.66,1.52,0.731
103142,9.36,11.88,1.39,0.807
103144,7.23,10.68,0.73,0.785
103150,11.1,29.58,2.36,1.275
103153,10.0,14.13,1.29,0.911
103154,6.44,14.18,1.05,0.361
103166,7.46,14.97,0.98,0.57
103179,9.77,13.82,1.47,0.74
103199,9.68,16.33,1.48,0.84
103204,9.56,18.77,1.03,0.8
103208,9.84,14.99,1.47,0.729
103224,6.66,11.17,0.92,0.297
103230,7.41,13.49,1.63,0.524
103232,7.46,17.37,1.6,0.594
103234,9.4,11.94,1.36,0.574
103237,7.75,15.17,1.2,0.48
103239,9.29,10.97,1.19,0.529
103247,7.8,14.65,1.47,0.674
103250,7.81,18.74,1.21,0.616
103256,8.82,44.04,1.19,1.054
103260,7.02,21.64,0.94,0.607
103261,6.55,12.59,0.97,0.286
103268,7.73,14.1,0.76,0.49
103269,10.28,14.24,1.46,0.59
103271,7.45,16.72,0.94,0.436
103287,9.07,26.83,2.77,0.748
103298,5.54,16.35,0.73,0.131
103302,7.62,11.75,0.87,0.618
103311,7.27,20.96,1.0,0.544
103324,11.47,35.56,2.72,1.46
103327,8.24,10.71,1.01,0.405
103348,6.68,12.85,0.62,1.117
103359,5.83,18.75,0.53,0.337
103361,7.96,18.97,1.71,0.646
103368,9.95,19.88,1.68,0.939
103389,5.7,47.61,0.95,0.507
103391,6.89,11.24,0.94,0.997
103392,7.21,11.64,0.68,0.96
103393,11.87,56.56,4.03,1.49
103414,6.06,10.24,0.85,1.217
103430,10.04,16.1,1.58,0.94
103437,7.7,10.22,0.9,0.885
103438,7.95,19.63,1.87,0.658
103441,11.98,73.24,3.24,1.533
103455,6.93,30.11,0.84,0.584
103454,7.69,13.57,1.16,0.9
103458,6.52,46.26,0.81,0.587
103460,5.89,17.58,0.85,0.18
103480,8.73,13.57,1.32,0.645
103481,9.02,10.35,1.21,0.603
103484,9.66,11.3,1.45,0.723
103485,7.95,10.6,0.61,0.446
103491,8.56,12.35,1.35,0.625
103498,8.28,18.94,1.03,0.536
103519,5.55,12.32,0.63,0.973
103523,7.45,10.78,0.72,0.474
103527,5.51,13.68,0.7,0.934
103535,7.98,11.09,0.86,0.391
103544,11.21,42.8,2.23,1.741
103545,5.95,11.83,0.83,0.244
103570,8.29,11.96,1.06,0.58
103572,8.56,14.72,1.29,0.568
103573,8.18,13.8,1.02,0.461
103576,11.31,29.12,2.89,1.38
103577,12.03,31.4,3.68,1.4
103578,9.37,15.32,1.37,0.688
103581,8.51,30.07,1.27,0.955
103583,10.59,22.6,2.1,1.348
103585,9.53,13.61,1.54,0.658
103587,9.02,10.11,0.91,0.595
103595,8.18,12.87,1.14,0.593
103601,7.98,10.84,1.07,0.446
103602,8.31,11.87,0.6,0.449
103605,7.35,15.44,0.95,0.843
103609,8.22,13.78,1.43,0.856
103611,8.61,20.98,1.15,0.673
103613,9.45,10.19,1.49,0.694
103620,8.33,23.42,1.4,0.829
103626,9.19,16.42,1.46,0.697
103635,6.62,20.93,0.95,0.376
103636,11.67,31.99,2.95,1.437
103640,6.61,10.21,0.89,0.177
103641,6.58,25.6,0.72,0.584
103646,6.1,24.11,0.83,0.4
103650,9.32,38.87,0.83,1.12
103652,5.98,13.85,1.1,0.283
103655,10.12,66.21,2.54,1.52
103654,6.86,26.88,0.69,0.627
103659,7.49,12.43,1.02,0.442
103660,7.28,13.75,0.88,0.422
103673,5.76,35.07,0.83,0.48
103678,9.78,25.6,1.69,1.073
103682,6.21,37.8,1.01,0.635
103687,6.7,16.58,0.95,0.981
103691,9.62,14.86,1.42,0.751
103692,8.05,18.98,1.08,0.707
103699,8.02,29.84,1.48,0.747
103702,10.2,10.77,1.05,0.831
103710,10.04,17.74,1.94,1.043
103713,11.1,24.07,2.81,1.217
103714,10.12,12.81,1.76,0.545
103735,7.68,22.18,1.11,0.62
103738,4.67,14.59,0.79,0.89
103743,7.7,12.85,0.9,0.51
103749,7.14,19.29,0.84,0.503
103752,6.36,12.0,0.62,0.101
103754,8.65,20.24,0.66,0.717
103766,10.83,27.61,2.42,1.407
103767,7.93,14.62,1.01,0.529
103768,9.37,48.87,1.71,1.239
103770,7.76,12.01,0.95,0.493
103777,6.04,10.94,0.96,0.073
103779,6.76,13.64,0.66,0.315
103784,7.64,18.56,0.96,0.708
103785,8.76,10.32,1.33,0.425
103787,9.62,25.84,1.6,1.055
103800,11.23,72.37,2.86,1.527
103804,7.85,10.26,1.29,0.3
103812,9.06,17.1,1.3,0.666
103814,6.64,12.28,1.04,0.663
103818,7.81,13.05,0.78,0.486
103819,6.9,11.81,0.98,0.959
103820,9.36,32.8,1.6,1.046
103824,7.72,22.83,1.75,0.748
103832,10.4,25.66,2.1,1.158
103833,7.33,20.06,0.85,0.614
103836,5.93,15.21,0.89,1.106
103852,8.06,12.43,1.57,0.593
103854,8.81,11.11,1.27,0.613
103855,9.07,22.81,2.87,1.027
103859,7.69,51.65,0.72,0.97
103860,9.73,19.77,1.49,0.911
103867,11.04,24.22,1.96,1.19
103882,5.32,28.32,0.86,0.424
103883,8.29,10.45,1.24,0.544
103892,6.24,15.17,1.26,0.479
103895,9.15,18.85,0.98,0.68
103896,8.55,21.26,1.51,0.632
103898,7.88,10.99,1.08,0.894
103910,12.88,70.51,5.16,1.653
103913,10.27,19.76,1.76,0.98
103917,8.31,12.67,0.98,0.53
103926,7.77,12.64,1.01,0.398
103931,6.91,20.68,0.87,0.423
103941,9.28,11.1,1.31,0.681
103943,9.48,22.07,1.53,0.894
103949,6.32,12.4,0.54,0.259
103953,7.64,18.16,0.85,0.546
103957,7.88,10.08,1.12,0.476
103962,8.98,11.22,1.03,0.638
103972,10.49,20.22,2.18,0.959
103978,8.83,14.0,1.1,0.526
103983,8.39,15.7,1.29,0.65
103986,8.94,11.86,1.5,0.509
103987,7.31,17.83,1.29,0.547
103994,8.35,12.68,1.12,0.578
104003,10.12,20.84,1.92,1.089
104019,4.82,20.64,1.47,0.169
104024,9.33,12.35,1.6,0.68
104026,7.06,16.63,0.98,0.582
104027,9.82,15.76,1.79,0.783
104034,7.29,14.32,0.55,0.456
104043,5.13,22.07,0.57,0.49
104045,8.34,18.64,1.21,0.639
104057,7.65,10.71,0.94,0.396
104059,11.45,52.26,3.06,1.443
104065,9.12,13.38,1.41,0.649
104071,7.72,18.15,1.12,0.606
104075,7.97,22.57,2.95,0.654
104076,8.73,15.04,0.71,0.51
104083,9.22,10.17,1.21,0.622
104092,8.27,67.38,1.35,1.119
104094,8.59,11.79,1.17,0.672
104097,10.51,19.45,2.17,1.15
104101,5.94,27.06,1.07,0.538
104108,9.42,29.76,3.76,1.04
104124,10.75,22.07,2.03,1.05
104128,6.64,22.82,0.91,0.476
104137,12.13,43.63,4.58,1.548
104138,10.4,15.09,1.81,0.868
104139,4.08,20.61,0.92,-0.01
104152,8.15,14.75,1.08,0.631
104158,9.57,11.54,1.08,0.743
104163,7.26,13.94,0.9,0.616
104164,7.73,18.22,1.2,0.495
104171,5.88,20.36,0.52,0.386
104179,8.17,17.27,1.1,0.62
104195,7.86,11.0,1.09,0.519
104197,10.84,29.85,1.42,1.26
104199,8.8,12.44,1.32,0.604
104200,9.41,11.2,1.45,0.642
104202,6.48,14.63,1.03,0.88
104206,7.12,11.79,0.72,0.351
104214,5.2,287.13,1.51,1.069
104217,6.05,285.42,0.72,1.309
104225,8.19,30.45,0.72,0.766
104226,9.38,15.71,1.75,0.851
104229,7.09,14.61,0.89,0.423
104239,7.12,56.67,1.18,0.901
104241,8.16,11.25,1.21,0.455
104246,8.46,11.16,1.23,0.555
104256,8.82,18.69,2.07,0.82
104269,6.77,12.86,0.86,0.642
104289,10.25,14.64,1.84,0.679
104292,8.2,14.72,1.12,0.473
104293,6.86,12.73,0.99,0.21
104294,7.59,20.09,1.02,0.546
104296,6.45,10.57,0.84,0.245
104298,7.24,14.98,0.96,0.464
104299,8.55,37.36,1.11,0.84
104304,9.6,28.53,2.23,1.102
104308,6.69,15.05,0.8,0.247
104318,8.01,27.86,1.34,0.692
104325,7.38,12.11,1.04,0.413
104329,9.84,28.6,1.55,1.16
104331,9.72,22.41,1.59,0.997
104338,6.88,12.07,0.87,0.263
104344,7.87,15.35,0.74,0.539
104365,5.3,17.06,1.0,0.0
104367,7.89,10.95,1.05,0.511
104369,9.59,20.06,1.05,0.909
104375,8.69,32.59,0.73,0.832
104383,9.45,37.91,2.28,1.15
104382,5.45,12.07,0.48,0.283
104390,8.75,14.65,1.6,1.0
104396,6.97,14.64,0.61,0.395
104406,7.92,12.02,0.85,0.435
104407,8.9,10.72,0.84,0.495
104419,9.69,20.4,1.6,0.94
104421,7.98,12.75,0.93,0.541
104426,9.77,22.21,1.06,1.003
104432,10.87,82.33,2.4,1.49
104435,7.62,16.67,1.03,0.625
104436,6.98,41.28,0.58,0.619
104440,5.67,53.38,2.18,0.59
104441,6.47,13.53,1.05,0.52
104445,8.93,11.85,1.31,0.634
104450,8.26,11.0,1.25,0.629
104452,6.25,18.57,1.03,0.385
104453,7.9,16.72,0.7,0.517
104459,4.5,19.93,0.77,0.926
104461,10.57,18.13,2.16,1.055
104467,7.72,10.89,1.02,0.624
104468,7.6,15.38,0.65,0.513
104470,9.47,11.29,1.65,0.67
104471,6.96,23.24,0.94,0.507
104476,8.09,19.28,1.19,0.739
104477,8.43,12.15,0.69,0.493
104481,6.44,10.89,0.97,0.375
104488,11.65,22.53,3.17,1.29
104493,10.58,22.07,2.22,1.11
104504,8.54,18.87,1.23,0.622
104514,8.14,14.59,1.03,0.534
104520,8.01,13.34,0.69,0.516
104521,4.7,28.38,0.9,0.262
104526,7.07,30.93,1.43,0.687
104549,8.05,17.75,1.07,0.606
104560,8.69,15.6,1.3,0.593
104565,11.06,31.55,2.57,1.372
104580,8.65,11.75,1.16,0.455
104587,7.83,32.68,0.8,0.78
104604,6.98,20.47,2.08,0.575
104610,10.99,29.64,2.27,1.301
104639,8.51,13.0,1.08,0.486
104644,11.98,69.76,4.06,1.586
104659,7.37,28.26,1.01,0.525
104660,8.06,17.95,1.44,0.595
104673,7.17,11.2,1.24,0.441
104672,8.08,12.56,1.05,0.56
104680,5.83,30.9,0.84,0.45
104687,7.44,20.87,1.99,0.654
104700,9.76,11.62,1.47,0.606
104721,7.41,18.72,0.97,0.443
104726,7.41,11.04,0.98,0.432
104732,3.21,21.62,0.63,0.99
104733,7.32,37.12,0.8,0.666
104735,7.73,14.52,1.22,0.458
104738,5.25,29.96,0.97,0.46
104759,8.18,20.27,1.03,0.665
104764,7.53,16.72,0.95,0.433
104766,8.01,13.48,1.05,0.519
104767,7.24,11.48,1.22,0.323
104768,8.19,12.9,1.18,0.714
104771,6.27,11.17,0.85,0.238
104772,7.15,10.51,0.93,0.33
104780,9.78,19.99,1.61,1.611
104788,6.38,24.16,0.48,0.625
104809,7.38,33.63,0.95,0.689
104811,8.6,11.73,0.86,0.463
104815,10.33,19.12,2.15,0.95
104838,6.89,15.58,0.85,1.011
104840,7.9,10.55,0.98,0.5
104856,10.04,19.35,1.4,0.9
104858,4.47,54.11,0.85,0.529
104864,8.39,20.13,1.16,0.614
104884,6.95,12.61,0.84,0.292
104887,3.74,47.8,0.61,0.393
104893,8.13,13.4,1.18,0.559
104897,7.38,10.61,1.29,0.496
104900,8.31,11.55,0.59,0.569
104903,8.08,21.58,1.14,0.714
104913,9.56,14.51,0.89,0.751
104922,8.98,11.42,1.52,0.66
104926,8.24,14.62,1.16,0.644
104941,6.6,14.61,0.61,0.903
104946,8.56,13.96,1.18,0.625
104959,8.62,18.59,1.41,0.611
104965,6.54,10.54,0.74,0.308
104969,7.92,13.31,0.67,0.422
104983,7.88,10.28,0.83,0.376
104987,3.92,17.51,0.89,0.549
104992,10.17,14.92,1.4,0.983
105007,9.23,11.64,1.35,0.727
105025,8.49,10.25,1.19,0.441
105028,7.76,11.95,0.86,0.807
105029,9.53,14.12,1.46,0.693
105033,9.12,23.21,0.96,0.924
105038,7.88,61.83,1.06,1.02
105044,8.09,14.26,1.03,0.485
105047,7.37,10.95,0.65,0.267
105062,10.04,23.81,1.6,1.079
105063,8.55,12.03,1.14,0.754
105066,8.08,23.33,1.32,0.737
105086,7.56,16.43,1.15,0.549
105090,6.69,253.37,1.13,1.397
105109,8.61,10.87,1.18,0.534
105111,7.21,10.41,0.81,0.481
105112,7.91,12.82,1.29,0.551
105116,6.98,11.64,0.68,0.355
105118,9.26,10.49,1.5,0.518
105120,7.44,14.19,0.97,0.432
105129,8.06,10.26,0.94,0.495
105140,4.71,19.76,0.88,0.07
105152,8.15,52.03,1.23,0.99
105156,8.47,21.09,1.59,0.667
105159,9.33,18.77,1.34,0.79
105160,8.67,10.16,1.01,0.5
105177,8.8,14.82,1.1,0.53
105184,6.75,42.04,0.9,0.637
105188,8.71,11.13,1.16,0.626
105189,7.96,14.36,1.08,0.526
105190,7.35,11.8,0.83,0.509
105192,7.34,17.04,0.93,0.44
105195,9.23,15.18,1.21,0.648
105198,8.34,14.94,1.28,0.532
105199,2.45,66.84,0.49,0.257
105200,7.01,19.79,1.18,0.605
105202,7.27,23.78,0.91,0.488
105204,9.83,26.71,2.04,1.111
105214,6.6,32.1,0.76,0.689
105232,8.45,24.48,1.05,0.75
105243,10.16,15.49,1.94,1.008
105251,8.36,11.03,1.25,0.461
105254,6.7,19.11,0.8,0.366
105261,11.57,24.49,3.16,1.409
105274,7.76,15.2,0.67,0.501
105283,7.81,10.07,0.86,0.343
105290,7.7,11.09,0.7,0.61
105312,6.56,53.4,1.09,0.737
105317,8.3,12.73,1.17,0.54
105319,4.39,33.58,0.76,0.191
105323,8.33,12.35,1.15,0.609
105327,8.22,18.22,1.14,0.561
105331,7.68,10.79,0.6,0.324
105336,10.9,50.15,3.31,1.45
105341,9.09,61.04,1.31,1.34
105350,7.55,14.61,1.34,0.46
105354,7.87,14.36,1.15,0.445
105357,6.73,13.25,0.54,0.504
105359,8.51,19.97,1.34,0.712
105360,7.58,10.07,0.92,0.336
105368,10.56,21.08,1.82,1.024
105371,8.07,11.59,1.62,0.601
105372,8.15,11.08,0.71,0.48
105382,4.8,17.49,0.89,0.029
105384,7.84,27.49,1.18,0.687
105388,8.65,21.81,1.17,0.69
105390,6.45,13.65,1.16,0.802
105391,7.46,18.76,0.92,0.614
105393,10.63,15.21,1.91,0.808
105404,8.89,21.72,1.45,0.854
105406,6.39,37.64,0.59,0.533
105408,8.89,16.05,1.46,0.627
105410,7.21,11.94,0.99,0.391
105411,5.58,11.63,0.73,1.057
105424,8.0,13.06,1.27,0.564
105430,6.73,11.29,0.57,0.176
105431,6.72,21.54,0.82,0.535
105434,8.47,12.07,1.22,0.458
105439,6.75,20.85,0.8,0.654
105441,8.97,32.52,1.34,1.01
105451,7.8,13.86,1.06,0.424
105454,9.38,10.17,1.28,0.65
105461,9.18,16.93,1.49,0.681
105481,7.45,14.85,1.09,0.613
105483,8.03,25.22,1.05,0.762
105496,10.67,24.43,1.94,1.21
105502,4.08,21.19,0.87,1.108
105504,10.21,20.7,2.33,1.255
105506,9.76,22.77,1.48,1.022
105510,9.24,19.94,1.26,0.829
105511,7.19,14.28,0.62,0.339
105514,7.65,11.58,0.71,0.834
105515,4.28,15.13,0.8,0.888
105521,8.23,15.95,1.26,0.663
105522,8.1,10.5,1.01,0.56
105530,7.64,12.0,0.86,0.385
105533,9.91,48.28,1.61,1.495
105534,6.67,10.19,0.93,0.384
105541,8.63,11.31,1.24,0.682
105546,9.62,15.8,1.66,0.841
105547,7.45,15.97,0.85,0.456
105557,6.85,25.67,0.54,0.64
105577,7.66,12.51,1.42,0.642
105580,7.82,14.84,1.06,0.581
105584,7.78,11.4,0.97,0.441
105586,7.81,11.45,0.86,0.632
105589,8.4,10.37,1.49,0.603
105606,7.61,26.53,1.03,0.741
105612,7.88,29.21,0.75,0.687
105617,8.09,10.99,0.9,0.569
105620,8.99,15.98,1.22,0.695
105629,7.47,19.1,0.85,0.546
105631,7.47,10.76,0.99,0.41
105639,8.95,15.55,1.53,0.851
105641,7.62,16.86,1.06,0.501
105643,8.1,11.73,0.98,0.37
105652,5.7,18.05,0.65,0.314
105656,7.36,14.26,0.93,0.412
105661,9.69,13.36,1.7,0.735
105665,5.38,14.31,0.91,1.176
105668,5.48,20.8,0.91,0.297
105675,8.68,39.39,1.26,1.063
105676,7.8,19.68,0.82,0.675
105679,12.45,37.22,4.7,1.52
105683,6.73,14.23,0.85,0.357
105685,6.3,10.39,0.88,0.235
105697,9.67,14.65,1.68,0.78
105703,5.67,14.84,0.67,0.323
105705,7.14,10.65,0.94,0.342
105712,6.98,48.86,0.81,0.723
105723,9.62,11.13,1.53,0.75
105729,6.38,14.03,0.89,0.334
105734,7.78,11.28,1.24,0.558
105740,9.92,20.71,1.61,0.989
105742,8.76,11.45,1.1,0.586
105760,9.14,11.72,1.3,0.626
105761,5.71,11.82,1.08,0.208
105764,6.92,11.51,1.19,0.506
105766,7.26,38.86,0.58,0.619
105769,5.59,29.14,0.5,0.335
105773,7.95,17.47,0.84,0.449
105789,8.5,13.08,1.14,0.556
105791,8.28,35.83,1.06,0.828
105793,7.64,11.33,0.91,0.418
105819,6.45,11.46,0.99,0.162
105821,9.48,20.22,1.42,0.858
105841,6.1,15.68,0.77,0.366
105845,9.21,11.13,1.24,0.576
105849,10.6,14.91,1.19,0.797
105854,5.64,11.82,0.8,1.185
105855,9.21,11.51,0.87,0.595
105856,6.7,13.62,0.91,1.022
105857,8.31,12.19,0.9,0.501
105858,4.21,108.5,0.59,0.494
105860,6.08,21.72,0.78,0.235
105863,10.7,18.63,2.72,1.335
105864,6.12,20.89,0.88,0.481
105872,9.38,12.87,1.37,0.892
105873,9.38,12.62,1.62,0.77
105874,7.99,10.42,0.87,0.401
105879,7.21,15.2,0.93,0.54
105885,10.5,34.92,2.11,1.369
105888,8.49,13.02,1.11,0.572
105899,8.92,14.03,1.66,0.58
105902,6.97,10.71,0.92,0.382
105904,8.27,10.63,0.81,0.663
105905,8.65,43.12,1.17,0.924
105906,8.06,21.28,0.7,0.8
105911,7.49,42.52,1.29,0.876
105913,5.5,18.57,0.76,0.392
105918,6.72,29.56,0.96,0.529
105929,9.82,14.58,1.81,0.755
105931,7.52,13.8,1.06,0.285
105932,11.09,61.57,2.61,1.5
105933,6.78,10.9,0.89,0.336
105947,7.53,17.11,1.13,0.599
105963,11.06,33.69,4.52,1.785
105966,5.39,17.96,0.71,0.049
105969,8.26,16.61,1.78,0.643
105979,10.26,12.96,1.21,0.798
105981,7.4,12.23,0.54,0.496
105984,7.12,10.62,0.67,0.206
105992,8.84,25.85,0.79,0.84
106002,8.6,12.25,0.87,0.62
106003,5.75,22.41,0.65,0.333
106005,8.73,21.79,1.28,0.864
106006,7.99,21.14,1.06,0.697
106007,6.61,28.41,0.98,0.49
106039,4.5,18.18,0.89,0.889
106040,7.8,16.51,0.92,0.499
106043,12.2,26.72,3.91,1.42
106047,10.43,10.58,1.42,0.85
106055,7.16,10.77,1.1,1.114
106066,7.09,13.41,0.58,0.519
106072,10.87,23.38,1.86,1.305
106078,7.33,19.05,0.97,0.663
106080,8.68,17.76,1.15,0.61
106081,6.75,10.25,0.78,1.086
106093,5.22,14.58,0.54,0.965
106097,8.64,14.62,1.08,0.648
106098,7.44,10.61,0.88,0.587
106100,9.46,14.37,1.44,0.693
106102,9.08,16.64,1.2,0.59
106106,10.33,148.29,1.85,1.62
106122,7.93,33.6,0.78,0.759
106123,7.26,11.72,0.9,0.44
106147,9.11,55.38,1.42,1.261
106157,7.62,16.5,1.09,0.503
106164,8.23,10.2,1.19,0.473
106168,8.45,12.23,0.83,0.49
106176,8.62,11.38,1.17,0.979
106177,10.31,13.84,1.97,1.062
106199,6.63,10.18,1.0,1.202
106204,10.67,22.86,1.88,1.224
106208,10.85,18.51,2.38,1.206
106213,7.14,25.55,0.76,0.596
106218,10.66,20.6,1.98,1.03
106230,6.86,20.19,0.57,0.681
106231,9.23,39.91,1.18,1.05
106233,8.16,10.78,1.03,0.379
106263,7.44,11.02,0.93,0.488
106286,10.36,31.72,1.34,1.5
106288,9.02,15.51,1.31,0.649
106296,9.55,21.33,1.46,0.831
106305,8.84,28.8,1.22,0.955
106308,10.08,13.11,1.75,0.726
106310,7.24,11.34,0.89,0.223
106311,8.94,12.4,1.04,0.618
106317,11.81,22.32,3.3,1.414
106323,7.49,10.63,0.78,0.363
106336,8.28,15.46,1.08,0.717
106335,9.72,20.26,2.0,0.954
106353,8.45,37.1,1.26,0.878
106356,8.31,16.43,1.23,0.61
106362,7.3,10.15,0.99,0.231
106363,6.43,14.42,0.86,0.2
106368,8.23,12.39,1.09,0.511
106369,8.48,14.13,1.08,0.578
106391,10.19,27.82,1.44,1.037
106394,8.54,26.18,1.81,0.835
106395,7.02,18.41,1.46,0.529
106400,9.34,43.2,0.95,1.163
106407,7.78,34.76,0.76,0.81
106418,8.16,10.96,0.61,0.436
106433,10.08,12.84,1.8,0.807
106438,7.65,21.19,0.95,0.656
106440,8.66,202.53,1.33,1.521
106442,8.32,14.88,0.86,0.622
106452,8.04,16.5,1.06,0.591
106456,7.18,14.57,1.22,0.457
106473,8.41,14.16,0.97,0.644
106481,3.98,26.2,0.51,0.885
106488,6.69,11.19,1.02,0.252
106500,6.32,10.1,0.89,1.093
106502,10.13,17.98,1.7,0.847
106510,10.7,21.02,2.46,1.15
106512,8.18,16.12,1.18,0.602
106513,8.05,15.78,0.98,0.528
106519,7.91,14.62,1.35,0.581
106527,6.45,14.45,0.73,0.513
106534,10.78,19.7,2.66,1.204
106543,8.31,12.52,1.0,0.584
106546,11.13,23.24,2.52,1.29
106552,10.23,14.99,1.61,1.015
106551,4.87,12.76,0.53,1.085
106555,10.35,17.24,1.62,0.805
106557,12.01,57.37,2.59,1.8
106559,5.7,36.86,0.91,0.423
106560,8.12,24.09,1.1,0.622
106568,6.74,17.99,0.94,0.498
106573,8.47,10.47,1.19,0.534
106581,9.6,16.66,1.72,0.94
106577,8.97,13.41,1.24,0.599
106582,7.17,10.58,1.2,0.1
106586,6.86,18.78,0.86,0.492
106591,7.96,16.03,1.0,0.486
106594,7.95,12.83,1.09,0.432
106595,6.25,13.9,0.73,0.357
106601,7.27,16.59,1.05,0.57
106615,7.84,12.25,1.02,0.596
106619,9.21,10.05,1.43,0.546
106641,8.37,10.07,0.75,0.468
106654,5.73,18.57,0.79,0.234
106668,9.25,13.22,1.35,0.63
106678,8.62,13.55,1.05,0.69
106694,10.17,46.8,3.37,1.433
106696,7.14,67.85,0.92,0.879
106700,9.0,14.97,1.27,0.66
106701,8.03,20.2,1.14,0.699
106702,8.21,10.18,1.05,0.338
106703,6.1,13.76,0.84,0.226
106704,10.09,27.94,1.6,1.379
106705,8.67,15.09,1.21,0.704
106707,7.62,17.46,1.02,0.56
106709,7.32,14.11,1.02,0.374
106711,5.04,15.79,0.61,0.198
106714,7.36,14.95,0.93,0.424
106741,7.19,19.02,0.99,0.396
106743,9.87,15.01,1.55,0.883
106749,9.04,18.61,1.23,0.532
106759,8.06,10.66,1.02,0.493
106781,7.66,11.53,1.05,0.368
106782,7.2,19.45,0.97,0.473
106783,6.19,12.68,0.77,0.046
106786,4.68,18.26,0.84,0.175
106787,5.46,10.15,0.72,0.321
106792,11.11,20.58,2.44,1.298
106794,10.57,33.02,1.5,1.012
106803,10.63,47.58,5.17,1.42
106811,9.83,76.07,2.53,1.495
106824,8.56,11.07,1.12,0.546
106825,8.62,27.21,1.23,0.844
106837,8.5,12.78,1.35,0.483
106856,5.66,18.74,0.75,0.265
106866,9.31,12.94,1.39,0.572
106868,8.39,21.1,1.28,0.641
106876,7.25,13.29,0.97,0.527
106880,8.26,12.8,1.11,0.5
106881,6.17,16.64,0.56,0.46
106882,8.91,23.72,0.75,0.867
106897,5.77,25.57,0.74,0.314
106904,10.19,12.99,1.89,0.64
106907,6.28,22.16,0.81,0.949
106913,6.75,39.13,0.83,0.623
106914,7.12,15.82,0.55,0.476
106924,10.36,15.2,1.21,0.551
106931,8.07,24.81,1.03,0.684
106938,6.07,10.22,0.91,1.034
106942,6.66,23.13,1.45,0.514
106944,5.1,13.55,0.88,1.034
106947,9.51,17.66,1.44,0.756
106949,8.97,19.91,1.14,0.664
106951,8.48,15.21,1.28,0.617
106972,11.62,39.78,3.7,1.515
106985,3.69,23.48,1.1,0.32
106995,8.19,10.29,0.99,0.443
106997,8.72,11.95,1.19,0.581
107001,7.61,18.46,1.1,0.576
107010,7.43,20.1,0.71,0.536
107011,9.75,11.13,1.44,0.649
107014,9.56,15.94,1.48,0.757
107018,9.5,12.81,1.34,0.659
107020,8.54,24.66,1.2,0.672
107022,7.07,45.17,0.67,0.755
107031,10.86,14.93,2.22,1.123
107035,9.37,10.14,1.32,0.669
107038,8.37,34.61,0.63,0.868
107039,7.64,12.46,0.98,0.555
107040,7.41,19.95,0.8,0.6
107042,11.35,20.79,2.68,1.231
107055,8.33,18.82,0.71,0.653
107061,7.99,10.96,0.78,0.45
107062,9.16,30.96,1.4,1.006
107069,8.51,10.04,0.84,0.495
107070,7.45,37.19,0.89,0.686
107072,7.93,10.08,1.02,0.514
107088,7.18,10.96,1.02,0.362
107089,3.73,47.22,2.9,1.008
107095,5.16,30.73,0.92,0.672
107100,7.02,13.74,0.76,0.302
107107,8.27,18.23,1.62,0.72
107119,4.55,18.55,0.46,1.108
107122,7.18,13.89,0.99,0.973
107128,5.24,13.18,0.8,0.991
107133,10.52,32.99,2.13,1.295
107143,8.82,42.4,3.35,1.054
107152,8.36,26.72,1.13,0.756
107160,7.62,13.21,1.0,0.727
107175,10.94,22.13,1.93,1.189
107188,4.72,11.22,0.79,0.868
107191,6.88,27.78,0.51,0.531
107218,8.15,10.15,0.96,0.624
107219,9.11,12.27,1.3,0.597
107225,6.67,26.56,0.81,0.559
107228,8.35,18.43,0.83,0.596
107230,5.18,13.19,0.46,1.063
107233,9.46,26.39,0.99,1.059
107236,10.1,10.05,1.03,0.71
107239,8.88,16.56,0.89,0.66
107246,7.85,20.97,1.22,0.654
107253,5.69,11.97,0.6,-0.01
107258,7.42,11.82,0.82,0.323
107266,8.28,10.47,1.27,0.443
107273,9.93,16.6,2.1,0.903
107288,7.46,12.12,1.07,0.45
107295,9.22,21.68,1.36,0.831
107299,6.49,23.05,0.77,0.484
107300,6.86,23.3,0.81,0.477
107302,5.96,19.08,0.95,0.219
107305,9.19,11.96,1.32,0.609
107309,9.55,12.23,1.11,0.597
107310,4.49,44.64,0.69,0.512
107312,9.81,14.62,1.61,0.92
107313,8.4,17.7,1.21,0.69
107314,9.48,22.39,1.41,0.781
107317,12.06,47.3,3.84,1.522
107326,6.89,12.99,0.82,0.411
107328,10.34,10.54,1.03,0.935
107334,7.11,10.76,0.55,0.267
107339,6.61,20.9,0.64,0.413
107346,9.65,49.27,1.43,1.334
107345,11.72,23.66,2.85,1.4
107350,5.96,54.37,0.85,0.587
107354,4.14,28.34,0.88,0.425
107356,8.3,10.73,1.39,0.664
107362,8.03,16.11,1.17,0.58
107370,8.68,14.95,1.27,0.672
107380,4.35,15.93,0.8,-0.053
107385,9.79,25.12,1.35,0.963
107388,9.1,16.31,1.3,0.703
107397,8.32,15.46,1.11,0.657
107412,6.69,25.7,0.87,0.439
107422,8.92,12.75,1.69,0.574
107431,7.64,15.35,1.0,0.454
107443,7.87,10.12,0.86,0.38
107447,7.23,13.22,0.88,0.939
107454,8.47,18.94,1.65,1.0
107457,8.0,26.33,0.59,0.727
107476,11.25,20.79,2.88,1.31
107494,10.88,19.05,2.33,1.64
107517,5.57,11.1,0.8,-0.002
107522,8.77,52.56,1.88,1.322
107527,6.99,16.08,0.87,0.471
107528,7.54,13.18,0.91,0.401
107551,10.1,12.96,1.72,0.822
107552,8.16,12.22,1.27,0.475
107556,2.85,84.58,0.88,0.18
107558,6.18,19.9,0.8,0.35
107564,7.65,10.51,0.99,0.483
107567,7.68,11.46,1.14,0.446
107573,7.49,11.01,0.82,0.308
107584,9.95,10.72,1.57,0.634
107587,10.16,22.72,1.98,1.055
107596,6.17,12.74,0.89,0.23
107599,7.67,17.99,0.97,0.525
107607,8.69,10.51,1.14,0.554
107612,9.81,14.77,1.63,0.705
107614,8.58,22.36,1.07,0.674
107618,8.06,21.08,1.03,0.613
107620,7.59,29.43,0.89,0.66
107624,8.04,12.14,0.97,0.484
107625,8.62,42.12,1.06,0.96
107647,8.15,11.32,1.11,0.446
107649,5.57,63.95,0.78,0.601
107665,8.72,22.16,0.88,0.819
107684,9.67,11.95,1.52,0.698
107700,8.97,27.99,0.82,0.86
107705,9.53,62.0,2.43,1.42
107710,6.49,10.37,0.76,0.391
107712,8.06,14.05,0.96,0.499
107731,8.63,19.11,1.23,0.62
107736,8.37,10.5,1.11,0.401
107742,8.6,12.07,1.3,0.48
107747,7.16,10.11,0.63,0.485
107756,9.42,10.01,1.28,0.6
107758,10.85,33.87,2.43,1.367
107763,5.07,10.78,0.58,0.01
107771,9.03,11.63,1.38,0.549
107772,10.56,44.45,2.15,1.328
107779,7.45,20.39,0.93,0.573
107788,5.34,29.91,0.77,0.394
107790,7.96,10.64,1.0,0.425
107798,8.74,10.07,1.08,0.692
107799,7.73,11.57,1.04,0.513
107805,8.28,25.94,1.01,0.735
107806,7.89,24.46,1.02,0.726
107817,8.3,12.95,1.13,0.549
107821,7.97,20.27,0.97,0.737
107822,7.81,29.31,0.66,0.777
107846,8.62,10.52,1.18,0.692
107847,9.19,16.06,1.62,0.726
107849,8.82,17.12,1.16,0.885
107851,7.87,14.02,1.03,0.511
107857,7.49,12.46,1.0,0.801
107860,9.16,12.48,1.44,0.706
107865,11.47,29.89,2.41,1.633
107868,8.51,18.63,1.67,0.67
107873,9.31,10.09,1.39,0.484
107877,6.85,25.11,0.98,0.487
107882,10.12,12.66,1.61,0.76
107893,6.37,12.55,0.84,0.281
107895,8.6,28.47,1.26,0.848
107901,6.19,15.54,0.86,0.374
107916,8.63,11.62,1.01,0.571
107919,6.66,13.96,0.8,0.29
107920,7.85,33.93,1.41,0.798
107922,9.1,11.74,1.27,0.595
107924,10.17,19.82,1.93,1.1
107925,7.72,10.01,1.26,0.325
107931,11.63,30.95,3.63,1.42
107936,9.47,26.93,1.55,1.003
107941,8.19,31.97,1.06,0.88
107947,7.22,22.18,0.8,0.51
107949,7.7,10.51,1.43,0.509
107958,8.24,24.95,1.05,0.72
107968,12.74,39.84,4.47,-0.011
107974,7.2,19.58,0.94,0.445
107975,5.52,36.15,0.69,0.426
107985,8.78,18.08,1.19,0.691
107994,10.59,14.64,1.98,0.997
107995,6.64,11.51,0.52,0.108
108020,9.84,35.78,1.66,1.18
108028,8.18,41.71,0.98,0.937
108036,5.08,36.15,0.81,0.378
108041,8.7,20.75,0.96,0.746
108060,5.69,14.18,0.69,0.011
108065,7.82,27.56,0.93,0.733
108068,9.04,13.59,1.32,0.656
108070,8.65,14.6,1.24,0.699
108072,7.91,12.13,1.4,0.5
108085,3.0,16.07,0.77,-0.084
108092,10.3,43.07,1.55,1.333
108095,8.52,19.73,1.15,0.53
108098,8.11,11.15,1.04,0.519
108102,5.71,11.22,0.76,1.185
108103,9.25,15.44,1.65,0.63
108110,9.81,25.6,1.16,1.021
108144,6.24,14.35,0.98,0.466
108147,7.47,14.13,0.69,0.352
108154,9.25,17.72,1.22,0.704
108156,7.73,49.21,0.93,0.911
108159,11.99,66.12,3.51,1.56
108158,7.43,25.1,0.74,0.696
108162,8.23,37.91,1.18,1.0
108166,7.74,11.71,0.91,0.3
108170,9.81,14.88,0.99,0.84
108174,6.92,20.8,0.58,0.486
108184,9.26,12.74,1.34,0.698
108193,8.96,21.48,1.1,0.67
108194,9.82,13.68,1.56,0.835
108195,5.92,21.49,0.67,0.393
108199,7.6,10.86,0.88,0.319
108216,9.82,27.32,1.77,1.048
108220,6.65,10.34,0.63,0.051
108228,7.72,22.51,1.76,0.64
108232,6.63,10.65,0.63,0.262
108241,8.46,30.22,1.06,0.842
108256,8.86,17.16,0.97,0.665
108258,6.55,18.12,0.86,0.481
108267,7.75,12.56,0.98,0.498
108271,10.89,23.33,1.61,1.7
108282,10.25,18.46,1.78,1.186
108288,8.39,13.75,1.23,0.606
108290,7.99,13.57,0.92,0.563
108294,5.45,10.35,0.72,0.084
108322,9.3,13.8,0.95,0.722
108329,7.46,12.89,0.96,0.386
108342,8.78,17.26,1.51,0.623
108344,7.94,16.58,1.08,0.517
108375,7.47,22.73,1.01,0.568
108380,11.02,50.43,2.48,1.439
108388,8.81,15.13,1.12,0.685
108389,7.06,11.18,0.9,0.519
108391,10.77,31.68,1.85,1.806
108394,8.85,12.79,0.86,0.599
108400,7.89,12.11,0.88,0.53
108405,10.36,61.63,2.67,1.51
108408,7.3,13.72,1.08,0.513
108416,9.05,32.13,4.31,1.035
108419,11.7,24.09,3.09,1.393
108422,8.9,18.2,1.17,0.767
108429,8.75,10.7,1.12,0.463
108431,4.4,17.65,0.78,0.297
108434,8.88,19.63,0.86,0.73
108436,8.73,10.18,1.16,0.434
108438,8.3,18.12,1.1,0.641
108443,9.48,11.21,1.4,0.653
108453,6.33,17.98,0.81,0.378
108456,6.92,25.38,1.92,0.517
108459,8.21,13.01,1.19,0.512
108466,11.11,16.04,1.41,1.534
108467,10.56,47.95,1.08,0.742
108468,7.16,29.06,0.89,0.64
108473,6.95,23.68,1.05,0.577
108475,8.28,10.54,1.06,0.388
108478,6.13,15.04,1.1,0.469
108481,9.09,31.7,1.23,1.04
108484,6.54,14.4,0.84,0.897
108490,6.95,34.12,0.7,0.501
108491,8.28,11.13,1.06,0.658
108495,9.28,10.23,1.18,0.613
108502,8.71,12.66,1.15,0.54
108504,10.65,22.67,1.86,0.945
108506,6.24,27.77,0.81,0.971
108513,6.5,15.68,0.8,1.013
108523,11.87,37.83,3.99,1.653
108525,8.45,28.15,1.42,0.755
108535,5.04,26.67,0.45,0.439
108536,9.41,15.32,1.14,0.776
108540,7.41,13.51,1.02,0.437
108552,7.89,10.48,0.85,0.335
108567,9.53,43.04,1.53,1.202
108569,9.74,84.26,1.74,1.479
108571,7.23,13.85,1.07,0.38
108576,9.8,14.53,1.63,0.79
108589,8.14,15.26,1.22,0.5
108594,11.97,23.51,3.25,1.42
108598,9.57,22.95,1.38,0.711
108602,7.54,21.27,0.69,0.553
108611,8.21,16.17,1.11,0.502
108617,9.6,14.23,1.22,0.639
108632,6.46,15.05,0.66,0.463
108634,9.44,20.4,1.5,0.946
108640,8.27,10.36,1.09,0.428
108641,8.47,11.71,1.19,0.592
108649,7.72,15.48,0.97,0.523
108655,8.86,10.07,1.39,0.387
108656,7.77,12.41,1.13,0.909
108660,7.26,15.14,0.79,0.347
108669,10.49,17.43,2.36,0.976
108686,9.02,10.2,1.51,0.504
108689,8.51,10.68,0.8,0.626
108692,7.35,13.62,1.0,0.443
108693,5.61,14.3,0.81,0.336
108706,11.99,111.57,3.19,1.718
108708,8.94,15.77,1.27,0.661
108709,9.18,18.06,1.36,0.831
108729,9.18,16.12,1.4,0.673
108734,9.16,11.88,1.39,0.519
108736,7.12,27.96,0.86,0.572
108748,7.95,14.59,1.1,0.531
108752,10.65,60.94,2.14,1.498
108754,8.67,10.52,1.26,0.525
108756,9.35,15.64,1.26,0.717
108759,6.39,10.48,0.56,0.231
108761,8.0,21.86,1.11,0.687
108767,8.33,12.31,1.07,0.563
108774,7.96,29.79,0.9,0.693
108782,9.17,96.98,1.48,1.453
108784,6.28,11.79,0.8,1.002
108787,9.01,21.09,1.4,0.847
108804,8.81,10.06,1.32,0.604
108806,8.06,21.36,1.15,0.576
108808,8.59,10.95,1.05,0.495
108809,6.63,33.25,0.91,0.504
108812,6.99,11.37,0.74,0.264
108816,9.68,13.32,1.57,0.684
108827,8.51,11.55,1.17,0.545
108836,10.99,23.98,2.85,1.14
108842,7.26,10.14,0.97,0.396
108849,5.94,16.2,0.57,0.399
108859,7.65,21.24,1.0,0.594
108868,5.55,12.02,0.8,0.959
108871,7.14,14.78,0.9,0.33
108870,4.69,275.76,0.69,1.056
108898,7.85,13.18,0.98,0.483
108901,8.35,10.71,1.14,0.456
108903,6.88,20.76,0.82,0.564
108912,7.87,23.29,0.98,0.617
108917,4.26,32.07,0.68,0.379
108921,7.8,14.52,0.69,0.568
108923,8.33,19.61,1.57,0.3
108930,10.98,33.56,2.4,1.34
108940,9.44,27.44,1.65,1.134
108944,7.95,11.89,0.96,0.95
108947,8.37,31.38,1.09,0.816
108949,7.04,14.99,1.53,0.47
108950,7.23,19.5,0.89,0.718
108961,7.88,10.86,0.95,0.591
108962,10.93,20.32,2.39,1.243
108971,7.86,15.65,0.94,0.486
108985,8.67,11.72,1.09,0.565
108991,5.29,14.1,0.82,0.231
108996,8.88,16.8,1.24,0.63
109005,5.27,10.25,0.47,1.413
109007,9.59,16.22,1.5,0.882
109012,8.58,19.44,1.13,0.758
109014,7.67,12.41,0.9,0.385
109037,8.86,20.21,1.24,0.67
109042,8.92,11.32,1.15,0.623
109053,8.01,11.44,1.05,0.46
109055,7.56,10.17,0.94,0.33
109056,5.69,10.71,0.68,-0.048
109058,9.07,20.01,1.28,0.754
109059,8.19,10.42,1.23,0.609
109067,9.55,21.52,1.59,0.672
109068,4.86,12.38,0.9,1.443
109073,8.71,18.61,1.49,0.597
109086,8.65,13.5,1.33,0.571
109090,7.78,18.02,0.93,0.536
109110,7.57,28.16,1.01,0.674
109111,4.47,13.2,0.78,1.349
109116,8.53,11.86,1.1,0.534
109121,6.19,10.09,0.61,0.078
109122,7.12,21.53,0.97,0.445
109133,8.95,12.27,1.38,0.654
109138,8.3,14.02,1.08,0.471
109139,4.29,18.9,0.95,-0.075
109144,7.24,19.77,1.02,0.537
109147,7.22,11.08,0.95,0.285
109149,10.26,21.1,1.89,1.02
109162,7.8,31.99,0.67,0.788
109166,8.44,33.11,1.22,0.86
109169,8.1,14.11,0.64,0.735
109172,7.86,16.03,1.0,0.539
109174,10.44,18.75,1.2,1.278
109176,3.77,85.06,0.71,0.435
109182,7.22,16.48,0.72,0.455
109183,8.66,14.55,1.91,0.709
109196,7.52,10.28,0.64,0.428
109198,9.01,10.53,0.98,0.521
109203,9.49,16.74,1.43,0.838
109207,8.79,14.36,1.15,0.763
109209,5.74,16.39,0.62,0.331
109214,6.99,22.49,0.72,0.585
109221,8.79,10.25,1.23,0.579
109228,7.15,15.48,0.84,0.953
109230,7.16,12.35,0.86,0.351
109237,9.54,24.99,2.26,0.876
109241,7.92,11.74,0.98,0.453
109245,6.67,33.48,0.67,0.544
109262,10.52,20.32,1.94,1.186
109266,8.27,14.03,0.97,0.544
109268,1.73,32.16,0.82,-0.07
109270,10.31,13.26,1.97,0.914
109271,7.84,17.13,1.07,0.564
109274,7.7,10.4,0.79,0.42
109276,6.08,11.6,0.71,0.311
109281,6.57,12.65,0.79,0.842
109284,9.51,11.0,1.26,0.791
109285,4.5,25.01,1.29,0.054
109299,8.84,11.29,1.28,0.484
109303,6.11,23.79,0.59,0.763
109306,6.37,12.7,0.89,0.205
109310,8.43,19.22,1.14,0.634
109316,6.91,20.4,0.9,0.469
109324,7.76,12.21,0.59,0.483
109330,9.61,16.93,1.6,0.791
109338,7.15,10.07,0.65,0.804
109343,11.39,27.63,3.13,1.413
109347,8.32,10.24,1.25,0.523
109349,6.64,11.25,0.96,0.076
109352,5.58,11.51,0.64,0.985
109355,8.63,17.89,1.38,0.67
109361,7.45,23.47,0.78,0.561
109367,8.31,10.67,1.07,0.42
109368,10.87,19.32,1.53,0.956
109372,7.93,12.61,0.87,0.524
109378,6.54,46.97,0.79,0.773
109381,7.83,22.85,0.96,0.66
109384,9.61,18.12,0.87,0.78
109388,10.41,113.97,2.1,1.531
109391,9.46,12.6,1.35,0.571
109401,8.93,11.32,1.37,0.52
109402,11.86,27.87,2.78,1.436
109403,9.55,23.88,1.09,0.9
109404,5.37,15.35,0.77,0.241
109405,9.74,13.88,1.65,0.838
109410,4.28,12.96,0.62,0.471
109413,7.63,14.1,1.2,0.524
109421,10.25,29.74,2.37,1.157
109422,4.94,53.36,0.82,0.489
109423,8.64,17.41,1.19,0.737
109427,3.52,33.77,0.85,0.086
109428,8.73,11.05,1.37,0.702
109439,6.18,18.01,0.66,0.688
109440,8.08,18.38,1.96,0.3
109443,7.62,15.8,0.94,0.527
109450,7.57,20.58,0.78,0.618
109454,7.95,10.18,0.83,0.411
109461,9.19,26.93,1.21,0.924
109462,7.53,14.35,1.6,0.636
109466,5.98,11.57,0.86,0.981
109468,9.57,20.63,1.48,0.96
109470,7.08,15.9,0.92,0.451
109474,5.52,30.61,0.5,0.391
109479,7.49,23.7,0.55,0.631
109488,7.22,19.51,0.89,0.663
109489,9.51,10.53,1.46,0.763
109490,8.02,22.24,1.0,0.598
109491,7.76,11.59,0.81,0.663
109504,10.12,13.32,1.82,0.689
109509,6.1,17.64,0.84,0.503
109521,5.38,18.24,0.56,0.152
109527,7.23,44.57,0.79,0.812
109528,11.07,24.11,2.1,1.32
109537,11.11,44.84,3.24,1.46
109549,9.17,17.21,1.5,0.79
109555,10.25,87.42,1.63,1.465
109557,9.28,10.53,1.24,0.595
109563,8.45,13.78,1.18,0.594
109565,7.9,15.67,0.98,0.493
109567,7.72,12.63,0.7,0.818
109572,5.24,27.03,0.49,0.534
109577,5.93,17.88,0.74,0.951
109584,6.13,10.8,0.62,1.001
109587,8.0,17.23,1.75,0.548
109596,9.39,11.33,0.73,0.631
109600,9.18,17.65,1.05,0.725
109601,10.16,24.11,1.5,1.167
109612,9.66,20.39,1.56,0.955
109614,7.15,12.52,0.86,0.357
109624,6.04,23.0,0.9,0.386
109631,6.59,10.26,0.83,0.955
109634,8.8,10.99,1.3,0.586
109637,7.12,13.29,1.17,0.403
109638,11.99,71.97,4.34,1.553
109639,7.92,12.48,1.11,0.472
109642,7.73,16.66,2.03,0.546
109646,7.44,26.57,0.85,0.535
109647,6.39,10.68,0.92,0.498
109650,8.58,14.35,2.03,0.661
109652,7.55,12.8,0.98,0.503
109654,5.34,12.74,0.58,1.134
109655,9.74,22.22,1.64,1.01
109660,7.99,11.87,0.82,0.624
109667,6.19,17.22,0.81,0.169
109672,8.89,15.42,1.28,0.834
109677,7.39,14.72,0.74,0.559
109680,9.67,14.79,1.18,0.802
109693,5.27,12.75,0.49,-0.03
109700,7.24,14.39,0.79,0.48
109727,7.09,11.68,0.66,0.521
109730,5.87,13.08,0.62,1.169
109737,5.58,14.78,0.79,0.497
109745,5.53,13.0,0.54,0.021
109748,7.86,15.41,1.14,0.528
109753,8.54,11.07,1.19,0.702
109756,11.82,38.99,3.59,1.456
109767,9.84,11.18,1.1,0.727
109771,8.08,13.99,1.0,0.534
109774,8.47,10.22,1.09,0.486
109782,8.71,15.97,1.17,0.617
109786,5.33,11.59,0.98,0.812
109787,10.08,17.53,1.8,0.754
109792,9.46,10.41,1.47,0.617
109794,7.1,13.86,0.92,0.473
109796,8.11,15.53,1.3,0.611
109807,10.4,32.33,1.92,1.252
109812,10.33,50.56,1.68,1.426
109816,9.52,33.74,1.48,1.07
109820,7.23,11.14,1.06,0.436
109821,6.23,45.19,0.71,0.648
109822,6.55,26.19,0.82,0.89
109831,5.72,11.67,0.6,0.014
109836,7.82,12.29,0.95,0.756
109838,6.89,16.17,0.82,0.376
109839,8.16,12.99,1.09,0.555
109841,8.6,14.05,0.79,0.63
109842,7.0,20.72,0.76,0.48
109848,9.54,10.76,1.14,0.596
109857,4.18,38.86,0.54,0.278
109869,9.57,13.82,1.53,0.522
109871,8.53,10.38,1.24,0.498
109873,8.58,11.27,1.39,0.482
109876,8.48,13.22,0.82,0.532
109881,7.59,13.49,0.81,0.588
109900,8.13,11.24,1.05,0.381
109908,4.79,12.44,0.76,0.79
109918,9.66,20.6,1.49,0.903
109926,7.5,46.62,0.67,0.81
109931,8.94,13.29,1.11,0.66
109941,10.4,17.59,2.14,1.07
109951,8.72,15.04,1.52,0.707
109956,8.72,14.9,1.2,0.568
109961,7.38,14.37,0.78,0.539
109973,5.11,13.61,0.86,0.93
109976,7.33,11.61,0.74,0.495
109980,9.23,41.69,0.88,1.17
109984,6.16,12.44,0.81,0.194
110003,4.17,17.04,0.74,0.979
110014,7.16,21.96,1.05,0.476
110028,8.58,13.54,1.16,0.659
110035,7.04,32.55,0.95,0.606
110053,8.29,11.22,0.75,0.521
110056,9.21,10.84,0.94,0.52
110066,8.4,39.38,1.13,0.961
110071,8.04,14.26,0.87,0.582
110079,9.31,18.96,1.36,0.754
110078,5.49,26.0,0.52,0.312
110084,8.61,22.54,1.18,0.717
110091,6.39,24.11,0.92,0.441
110094,8.59,16.31,0.76,0.732
110097,9.07,14.24,1.4,0.634
110102,8.48,14.59,0.99,0.592
110105,9.87,11.15,1.31,0.711
110106,11.2,22.72,2.34,1.399
110109,5.36,73.47,0.7,0.614
110115,9.98,14.72,1.51,0.965
110127,10.21,18.7,1.85,0.897
110130,2.87,16.42,0.59,1.39
110138,9.01,17.98,1.38,0.663
110147,8.39,15.8,1.24,0.679
110156,9.95,25.36,1.54,1.13
110161,7.26,19.17,0.72,0.65
110166,6.89,10.01,0.78,0.132
110171,6.19,15.19,1.02,0.27
110176,9.82,11.64,1.36,0.766
110184,7.17,13.73,0.8,0.556
110187,8.9,11.78,1.4,0.599
110190,10.55,21.92,1.73,0.951
110205,7.98,23.88,0.98,0.666
110214,7.38,10.6,0.67,0.33
110217,8.57,10.67,1.22,0.516
110218,10.3,20.12,1.71,1.586
110219,7.28,22.36,0.91,0.526
110229,8.63,14.17,0.81,0.58
110245,10.17,27.62,2.04,1.24
110248,8.42,14.82,0.76,0.59
110249,7.94,13.64,0.78,0.485
110258,10.93,28.72,2.23,1.287
110256,5.09,12.15,0.54,1.276
110262,7.98,14.61,1.09,0.506
110285,9.08,16.31,0.82,0.712
110291,8.5,17.39,1.3,0.586
110294,9.61,17.41,1.29,0.84
110307,7.69,14.55,0.67,0.515
110309,7.41,21.02,0.61,0.497
110327,8.75,15.44,0.88,0.56
110330,8.25,14.6,1.07,0.521
110339,7.43,20.31,0.68,0.474
110340,8.65,21.12,1.2,0.663
110341,6.18,31.45,0.83,0.451
110349,7.88,18.41,1.01,0.582
110355,6.61,14.7,0.67,0.533
110358,7.68,15.89,0.97,0.546
110365,9.22,11.62,1.46,0.564
110367,8.58,11.15,1.02,0.62
110376,7.77,14.01,0.98,0.518
110385,9.15,15.0,1.25,0.724
110391,5.12,17.81,0.87,1.057
110395,3.86,20.67,1.71,-0.057
110400,12.11,62.4,3.67,1.653
110397,9.26,16.23,0.88,0.684
110419,7.43,10.85,1.33,0.437
110424,7.86,16.02,1.14,0.642
110427,9.69,14.04,1.52,0.746
110433,7.45,11.51,1.19,0.336
110440,8.51,17.84,1.28,0.676
110442,9.01,15.03,1.28,0.727
110443,8.98,74.75,1.32,1.329
110468,8.75,35.14,1.3,0.833
110481,8.54,11.69,1.28,0.422
110483,8.19,26.07,1.25,0.752
110491,8.65,10.61,1.12,0.424
110495,8.21,12.15,1.12,0.374
110506,5.62,24.62,0.7,0.372
110508,7.91,30.84,1.0,0.682
110512,7.87,18.77,0.89,0.61
110518,7.02,15.45,0.81,0.462
110529,5.53,12.0,0.77,0.979
110534,10.82,51.57,1.98,1.47
110538,4.42,19.21,0.51,1.015
110548,6.2,29.5,0.83,0.518
110562,8.91,11.93,1.12,0.576
110564,8.96,13.05,1.84,0.763
110566,6.18,19.16,0.65,0.485
110567,7.67,12.85,0.79,0.397
110574,8.11,17.57,1.62,0.605
110577,8.0,11.09,0.98,0.408
110608,9.81,10.83,1.57,0.562
110618,5.28,34.6,0.6,0.66
110620,10.8,17.81,2.38,1.236
110623,8.28,17.43,1.15,0.702
110626,8.03,21.88,0.95,0.678
110628,7.88,12.79,1.06,0.544
110640,8.83,46.74,1.66,1.18
110642,10.27,22.9,1.77,1.185
110649,5.31,48.81,0.61,0.665
110650,10.36,18.39,1.86,0.96
110657,7.06,10.05,0.69,0.196
110658,7.39,10.02,0.77,0.226
110659,8.86,13.09,1.22,0.638
110663,8.63,23.97,1.07,0.77
110668,5.78,19.75,0.6,0.396
110685,8.93,10.07,1.24,0.587
110690,10.32,18.46,2.01,1.072
110691,9.69,11.88,1.73,0.672
110692,10.55,24.49,1.97,1.21
110695,9.51,23.63,1.4,0.925
110712,6.12,43.39,0.96,0.599
110714,10.46,29.93,2.01,1.335
110713,7.29,15.89,0.62,0.432
110715,9.03,13.78,1.39,0.565
110716,8.32,34.28,0.92,0.902
110732,9.11,10.32,1.38,0.674
110739,7.29,11.74,1.13,0.292
110743,7.92,10.54,1.09,0.408
110753,6.94,19.57,0.94,0.461
110758,8.24,12.8,1.14,0.547
110760,7.48,12.38,1.05,0.418
110761,8.23,19.5,1.04,0.762
110773,9.32,22.83,0.81,0.914
110774,9.52,39.97,1.28,1.102
110776,9.7,21.67,1.44,0.821
110778,5.55,49.8,2.54,0.618
110780,6.85,12.56,1.0,0.32
110782,8.76,10.13,1.32,0.521
110785,5.76,25.34,1.66,0.519
110786,6.98,12.23,0.94,0.269
110787,5.83,15.98,0.5,0.171
110788,8.1,18.12,0.96,0.584
110793,10.29,13.73,1.65,1.026
110812,8.79,29.13,1.16,0.867
110838,4.51,12.21,0.63,-0.029
110840,7.56,10.58,0.9,0.385
110843,7.48,27.9,0.96,0.73
110851,8.1,11.19,0.88,0.448
110852,7.76,18.97,0.73,0.56
110853,7.68,12.64,1.04,0.81
110862,8.94,12.13,1.24,0.55
110863,8.14,10.54,0.74,0.478
110867,8.1,16.19,0.72,0.913
110882,4.78,20.39,0.78,1.039
110887,11.51,19.67,2.57,1.3
110889,10.67,19.24,1.45,1.11
110892,10.81,17.22,2.24,1.088
110893,9.59,249.52,3.03,1.613
110894,10.0,14.72,1.47,0.954
110900,7.1,15.87,1.28,0.894
110911,8.5,21.59,2.01,0.851
110920,10.38,13.48,1.94,1.016
110935,5.56,22.96,0.6,0.208
110936,5.47,12.42,0.74,0.959
110939,8.76,12.19,1.04,0.562
110943,8.91,17.87,1.11,0.759
110946,7.98,12.81,0.89,0.611
110951,10.73,44.34,1.81,1.359
110954,9.72,19.94,1.57,0.882
110955,8.96,10.74,1.29,0.47
110958,7.36,13.18,0.89,0.408
110960,3.65,31.53,1.5,0.406
110979,7.71,12.55,0.97,0.652
110980,10.51,45.69,1.92,1.431
110987,9.47,14.82,1.63,1.183
110996,7.65,64.74,1.07,1.08
110997,3.97,11.03,0.85,1.022
111013,8.59,10.75,1.27,0.5
111027,8.53,13.3,1.11,0.556
111029,8.41,23.23,0.85,0.716
111031,8.73,11.97,1.35,1.036
111043,4.12,10.04,1.11,1.57
111045,5.95,23.76,0.81,0.362
111048,10.13,13.19,1.87,0.816
111050,9.18,13.27,1.24,0.641
111051,9.56,14.1,1.65,0.785
111056,5.45,13.75,0.52,0.093
111061,8.32,14.69,1.17,0.522
111062,5.51,18.93,1.23,0.385
111063,8.16,21.66,1.36,0.599
111066,6.41,12.33,1.05,0.356
111067,8.32,12.21,1.49,0.559
111081,7.41,19.96,0.95,0.446
111096,8.11,12.43,0.71,0.471
111108,8.11,12.77,1.09,0.506
111123,4.82,12.29,1.32,-0.053
111134,8.07,10.67,0.89,0.432
111136,8.17,15.54,1.17,0.7
111143,6.81,24.54,0.81,0.603
111145,8.33,10.56,1.13,0.463
111148,7.68,23.14,0.82,0.649
111150,9.37,17.79,1.46,0.973
111151,8.53,11.93,0.88,0.524
111153,8.97,16.56,0.86,0.65
111169,3.76,31.86,0.54,0.031
111170,6.15,39.18,1.83,0.565
111173,11.16,18.91,2.36,1.202
111177,9.01,10.83,1.37,0.505
111188,4.29,21.99,0.78,0.011
111200,6.39,14.49,1.04,0.29
111209,9.57,19.77,1.23,0.798
111210,11.03,19.27,2.46,1.091
111230,7.04,10.11,0.7,0.46
111248,8.49,11.52,1.08,0.5
111272,9.73,14.78,1.6,0.741
111274,6.94,27.92,0.85,0.668
111278,6.43,18.9,0.83,0.35
111282,6.56,11.46,0.75,0.344
111283,9.88,10.04,1.41,0.584
111285,9.51,13.36,1.46,0.67
111286,9.05,11.14,1.09,0.672
111288,11.01,36.11,3.09,1.373
111300,9.34,16.86,1.37,0.823
111310,4.91,11.96,0.6,1.612
111312,7.57,14.28,0.98,0.827
111313,10.36,78.07,2.45,1.501
111314,6.01,13.11,0.56,0.334
111332,8.73,15.05,1.21,0.576
111335,7.89,10.3,1.46,0.887
111349,7.8,31.25,1.0,0.721
111357,7.92,10.03,0.93,0.382
111369,10.2,18.14,1.71,1.028
111374,7.86,15.14,1.02,0.422
111388,9.05,10.14,1.35,0.474
111391,11.25,63.98,2.55,1.494
111407,8.84,20.44,1.22,0.817
111412,8.27,13.12,1.25,1.027
111413,8.48,10.47,1.33,0.489
111426,9.35,10.95,1.19,0.459
111445,8.73,11.38,1.14,0.535
111446,7.6,14.59,1.0,0.377
111447,9.44,13.56,1.43,0.708
111449,5.21,43.97,0.75,0.446
111469,7.08,15.8,0.77,0.403
111473,8.66,23.1,1.14,0.866
111475,9.26,16.23,1.86,0.625
111478,8.01,21.06,0.77,0.563
111486,7.89,14.81,0.71,0.669
111493,8.35,11.89,0.94,0.513
111494,11.32,27.56,1.57,1.448
111496,9.36,22.45,1.15,0.842
111497,4.04,17.77,0.82,-0.083
111510,9.07,12.5,1.24,0.652
111517,8.26,12.43,1.34,0.678
111520,10.23,21.75,2.49,1.256
111528,8.19,13.78,0.79,0.61
111532,5.08,17.7,0.5,0.395
111548,6.22,14.79,0.66,0.212
111553,7.95,20.98,0.98,0.614
111558,9.56,12.87,1.48,0.594
111565,7.58,30.98,0.84,0.67
111566,9.62,32.38,1.4,1.103
111570,7.58,11.91,0.67,0.461
111571,9.98,57.04,1.77,1.411
111575,8.41,11.81,0.86,0.49
111594,6.28,14.41,0.81,0.119
111600,5.82,10.45,0.89,1.074
111616,6.75,18.39,0.75,0.529
111622,7.43,10.48,0.94,0.114
111629,8.93,21.87,1.28,0.86
111634,7.64,13.63,0.97,0.432
111640,9.58,20.22,1.32,0.794
111643,5.85,14.86,0.85,0.06
111647,7.48,10.55,1.19,0.294
111648,8.2,33.14,0.95,0.739
111657,10.59,23.3,1.78,1.271
111659,7.15,11.37,0.9,0.331
111672,10.13,15.81,1.85,1.086
111674,4.64,18.95,0.54,0.254
111680,9.62,20.12,2.23,1.08
111685,9.41,52.94,1.94,1.367
111686,9.77,32.04,2.3,1.223
111697,8.26,10.39,1.18,0.558
111698,10.67,24.9,1.94,1.29
111705,7.99,11.94,1.06,0.476
111707,8.04,13.01,0.84,0.53
111709,9.65,15.19,1.57,0.899
111710,5.04,13.92,0.75,1.14
111718,6.54,10.02,1.0,0.539
111723,7.86,20.45,1.04,0.576
111729,7.78,12.27,0.89,0.525
111732,9.2,13.43,1.27,0.73
111742,10.13,22.14,2.14,1.005
111746,7.89,25.22,1.05,0.64
111748,7.06,19.75,0.74,0.582
111755,10.42,24.45,1.87,1.35
111764,10.61,16.02,1.96,0.85
111766,11.5,67.44,6.47,1.593
111783,9.5,16.15,1.49,0.764
111790,7.49,10.65,0.98,0.296
111797,5.19,10.2,0.51,0.083
111802,9.06,115.71,1.5,1.466
111804,7.86,11.98,1.33,0.423
111805,6.82,26.33,0.8,0.581
111806,9.67,14.9,1.77,0.949
111807,6.82,11.41,1.0,0.2
111808,11.63,24.6,3.48,1.41
111812,8.12,18.12,1.18,0.629
111823,7.76,16.69,0.96,0.558
111827,8.23,10.8,0.97,0.463
111838,9.43,10.63,1.55,0.6
111843,6.93,14.53,1.15,0.619
111844,8.47,11.14,1.04,0.51
111854,10.74,24.86,1.45,1.281
111866,6.96,12.58,0.8,0.284
111868,6.79,11.85,0.64,0.44
111870,7.74,25.42,2.08,0.764
111871,10.47,15.54,1.82,1.31
111873,9.17,12.05,1.49,0.621
111876,8.78,11.42,1.22,0.593
111880,11.1,26.45,2.19,1.367
111883,8.77,35.34,3.44,0.869
111888,8.48,44.1,1.12,0.938
111892,7.8,13.59,1.01,0.578
111898,6.68,10.15,0.65,0.319
111903,7.28,15.83,1.21,0.488
111909,7.37,10.89,0.96,1.038
111910,6.89,19.49,1.19,0.513
111913,8.8,10.49,1.18,0.572
111924,7.38,11.24,0.72,0.271
111928,8.06,10.26,0.88,0.631
111942,9.83,23.29,1.42,1.094
111943,7.37,10.37,0.9,0.415
111944,4.5,10.81,0.56,1.318
111959,9.0,10.74,1.16,0.52
111960,7.83,73.85,1.13,1.143
111958,10.34,29.76,3.19,1.304
111965,6.32,29.86,1.07,0.52
111971,8.13,10.94,1.11,0.488
111974,5.72,30.49,0.95,0.723
111977,7.46,34.05,0.6,0.635
111978,7.41,37.45,0.92,0.789
111981,10.4,13.91,1.83,0.92
111984,9.39,10.03,1.47,0.759
111983,9.14,43.65,1.3,1.044
111982,8.81,11.23,0.81,0.474
111992,7.1,11.83,1.03,0.567
111993,8.01,11.15,0.84,0.939
111994,8.38,12.06,1.19,0.554
112001,9.94,12.49,1.52,0.767
112002,8.62,17.72,1.14,0.672
112008,8.74,16.29,1.95,0.806
112013,8.83,19.97,1.74,0.764
112015,7.36,10.09,0.89,0.448
112029,3.41,15.64,0.75,-0.086
112040,10.82,27.99,2.27,1.631
112041,5.93,10.08,0.65,0.998
112042,7.93,18.9,0.92,0.679
112049,9.39,23.29,0.94,0.972
112051,4.8,10.7,0.69,-0.013
112052,8.96,18.88,1.37,0.661
112063,8.21,12.82,1.56,0.629
112064,10.51,15.69,1.98,1.121
112067,5.92,12.22,0.79,1.114
112073,11.99,22.84,3.4,1.326
112082,7.54,13.17,0.97,0.448
112095,9.56,26.54,1.94,1.031
112100,8.74,14.09,1.47,0.614
112101,9.26,11.35,1.4,0.641
112113,8.1,20.4,0.83,0.735
112114,7.84,15.2,0.7,0.445
112117,5.99,42.47,0.72,0.584
112120,11.78,47.13,2.96,1.501
112122,2.07,19.17,0.75,1.61
112123,9.13,14.0,1.44,0.59
112127,6.06,10.19,0.82,0.956
112135,10.6,24.85,2.52,1.145
112137,9.55,10.06,1.27,0.754
112151,7.73,11.3,0.93,0.865
112158,2.93,15.18,0.79,0.852
112163,8.14,16.07,1.07,0.541
112181,8.14,12.31,1.04,0.461
112183,6.91,13.85,0.66,0.314
112187,7.92,10.26,1.07,0.326
112190,8.11,46.46,1.31,0.966
112199,8.19,12.41,1.17,0.507
112201,8.26,19.24,0.93,0.707
112203,4.84,14.71,0.76,1.027
112219,7.99,22.27,0.97,0.703
112222,6.51,24.86,0.93,0.502
112228,8.06,11.01,1.27,0.433
112229,7.41,23.66,0.97,0.515
112240,7.66,17.23,1.2,0.453
112242,5.11,11.89,0.6,0.96
112243,8.97,14.8,1.22,0.657
112245,7.5,39.82,0.71,0.719
112263,7.5,12.36,0.75,0.593
112268,10.31,19.03,1.88,1.592
112270,8.83,10.23,1.24,0.559
112312,11.7,42.35,3.37,1.3
112315,8.5,13.94,1.1,0.555
112319,7.59,10.69,0.99,0.534
112324,6.45,27.87,0.59,0.43
112330,8.8,10.67,1.23,0.557
112331,8.98,16.82,1.84,0.724
112335,8.78,14.99,1.34,0.555
112336,8.39,10.81,1.25,0.43
112337,8.92,10.19,1.27,0.555
112346,7.43,11.82,1.2,0.2
112354,9.81,24.37,3.3,1.131
112359,8.66,10.38,1.17,0.964
112362,6.52,10.75,0.82,0.181
112364,8.56,12.96,1.21,0.634
112368,6.37,17.57,0.76,0.933
112379,10.46,24.47,3.45,1.24
112382,9.01,16.69,1.28,0.793
112388,11.98,42.55,4.25,1.459
112389,10.76,25.98,2.13,1.592
112396,9.8,14.9,1.67,0.809
112402,7.56,14.35,0.83,0.437
112403,9.19,10.65,1.14,0.602
112405,4.13,23.23,0.5,0.208
112414,6.63,25.88,0.79,0.636
112417,5.84,18.79,0.64,0.358
112422,10.17,15.11,1.59,0.942
112426,7.87,33.54,0.81,0.803
112441,8.96,22.97,1.25,0.953
112447,4.2,61.54,0.77,0.502
112449,6.56,13.51,1.05,0.314
112452,11.51,38.88,2.9,1.633
112461,8.97,13.38,1.6,0.657
112462,7.92,18.74,1.11,0.534
112460,10.29,198.07,2.05,1.54
112475,7.58,18.18,0.89,0.496
112491,7.58,36.73,0.99,0.744
112496,9.02,37.58,1.28,1.048
112497,8.82,10.08,1.18,0.555
112501,6.28,10.18,0.9,1.145
112504,7.35,29.51,1.44,0.684
112506,7.99,25.56,1.03,0.69
112512,6.8,21.59,0.86,0.5
112514,9.14,10.77,1.19,0.548
112515,7.22,30.4,0.91,0.598
112519,4.77,10.06,0.51,1.257
112521,7.55,18.89,0.97,0.508
112523,10.39,29.13,2.11,1.582
112524,10.03,26.95,1.74,1.17
112527,7.53,50.15,0.64,0.867
112529,5.24,12.26,0.87,0.941
112530,8.3,11.15,1.17,0.434
112542,5.68,12.55,1.19,-0.016
112548,7.25,10.2,0.83,0.231
112549,8.27,13.53,1.52,0.619
112552,8.95,11.47,1.14,0.612
112554,6.72,14.75,0.78,0.48
112559,6.67,31.94,1.66,0.654
112568,8.19,11.2,0.91,0.534
112580,8.3,18.42,1.17,0.582
112581,7.49,25.34,0.88,0.589
112584,9.12,15.48,0.83,0.62
112586,7.75,16.12,0.99,0.491
112595,8.04,21.65,0.97,0.664
112608,8.88,10.31,0.88,0.45
112614,8.32,14.97,0.98,0.522
112619,8.44,13.12,1.0,0.582
112621,9.34,11.96,1.64,0.599
112623,3.49,25.16,0.68,0.083
112610,10.95,32.08,2.05,1.59
112637,9.72,27.27,1.66,1.002
112643,9.14,18.54,1.26,0.711
112648,10.67,23.03,2.04,1.358
112652,11.25,30.22,2.34,1.41
112658,7.24,13.03,0.97,0.478
112661,9.84,10.1,1.5,0.706
112662,9.92,22.03,1.93,0.876
112663,8.52,13.33,1.14,0.634
112666,10.16,11.27,1.12,0.76
112670,6.19,16.01,0.89,0.44
112669,8.58,12.63,1.38,0.528
112678,10.5,27.85,2.05,1.234
112688,8.91,12.59,1.31,0.524
112695,8.43,10.05,1.47,0.683
112697,6.75,15.03,0.63,0.552
112703,10.78,29.44,2.22,1.33
112714,6.55,14.57,0.83,0.289
112724,3.5,28.27,0.52,1.053
112730,8.21,18.27,0.94,0.64
112743,8.9,13.72,1.35,0.747
112745,7.92,17.35,0.83,0.586
112746,6.34,14.29,0.88,0.317
112747,10.15,11.1,1.32,0.741
112748,3.51,27.95,0.77,0.933
112753,7.75,18.15,0.77,0.519
112756,8.66,12.47,1.22,0.667
112763,7.77,35.87,1.01,0.741
112768,8.34,30.3,1.1,0.859
112770,9.23,10.39,1.35,0.51
112774,9.86,71.43,1.84,1.452
112800,11.72,52.82,3.04,1.523
112811,9.33,16.66,1.43,0.683
112812,7.22,31.95,0.7,0.59
112816,8.43,26.17,0.94,0.74
112821,7.46,10.74,0.93,0.647
112826,7.58,12.0,0.76,0.747
112829,8.46,25.0,0.81,0.817
112843,11.61,25.41,2.93,1.39
112835,7.43,10.72,0.71,0.264
112845,9.05,10.5,1.26,0.519
112848,7.32,10.16,0.83,0.313
112859,9.88,15.86,1.07,0.966
112864,5.61,14.34,0.76,0.775
112870,8.29,47.56,1.18,0.849
112876,6.65,12.1,0.57,0.759
112890,8.87,11.23,1.47,0.561
112904,8.05,10.06,0.74,0.438
112908,8.75,23.18,2.78,0.925
112909,11.66,70.3,2.71,1.5
112913,9.82,18.69,1.57,0.816
112914,9.67,25.71,1.59,1.06
112915,8.01,41.17,1.35,1.043
112918,9.79,36.83,1.72,1.2
112920,9.71,12.02,1.69,0.642
112927,8.9,18.99,1.36,0.794
112930,7.36,11.09,0.93,0.43
112932,6.86,17.1,0.83,0.398
112935,5.16,37.25,0.76,0.487
112946,7.53,17.21,0.59,0.47
112948,4.46,14.67,0.81,-0.037
112951,9.37,21.14,0.82,0.888
112958,6.99,13.32,0.93,0.495
112959,9.62,11.0,1.6,0.678
112960,7.26,16.26,0.86,0.498
112965,8.17,10.42,1.0,0.451
112970,6.98,17.27,0.68,0.42
112974,6.74,25.59,1.17,0.524
112976,8.91,10.73,0.99,1.033
112978,11.82,51.42,2.9,1.533
112997,5.86,10.33,0.76,1.132
113000,9.6,14.46,1.53,0.807
113010,9.36,21.08,2.1,0.875
113019,7.6,11.97,0.71,0.588
113020,10.16,212.69,2.1,1.597
113026,9.59,31.02,2.2,1.099
113037,8.54,12.88,1.02,0.59
113040,8.58,16.84,1.17,0.542
113044,6.03,30.04,0.73,0.621
113048,5.79,19.22,0.68,0.282
113052,8.9,12.3,1.26,0.752
113076,7.61,23.5,0.88,0.493
113086,7.02,22.89,0.86,0.53
113092,7.71,14.18,1.29,0.51
113100,8.29,20.32,1.17,0.59
113101,8.74,12.14,1.21,0.575
113103,9.95,22.4,1.47,0.969
113113,8.61,16.14,0.97,0.676
113114,8.44,11.77,0.78,0.579
113117,8.39,10.11,1.48,0.526
113119,10.4,15.1,1.87,0.82
113124,11.13,32.39,2.34,1.4
113126,8.01,15.15,0.91,0.457
113128,10.33,18.22,1.76,1.17
113136,3.27,20.44,2.26,0.066
113137,6.04,37.71,0.58,0.66
113142,9.37,13.16,1.33,0.649
113148,5.53,23.27,0.8,1.111
113159,6.76,24.67,0.81,0.469
113164,8.76,11.26,1.1,0.602
113167,6.11,10.61,0.77,0.192
113174,5.91,24.24,0.68,0.397
113176,7.69,10.13,0.69,0.406
113177,7.87,12.55,1.84,0.612
113184,5.72,11.13,0.95,0.881
113186,4.91,11.55,0.95,-0.003
113190,6.67,21.47,0.8,0.458
113191,7.04,21.58,1.7,0.56
113195,7.48,11.92,0.6,0.298
113201,11.6,40.44,3.02,1.653
113202,7.89,11.56,0.79,0.405
113207,8.88,10.19,1.11,0.743
113214,8.85,10.12,1.27,0.557
113219,10.17,15.12,1.65,0.824
113221,11.71,31.31,3.13,1.408
113229,10.42,116.02,1.33,1.485
113231,8.01,28.72,1.3,0.659
113238,8.11,26.39,1.06,0.821
113244,11.23,41.15,2.65,1.433
113246,4.2,19.14,0.87,0.952
113259,8.61,10.42,1.18,0.469
113264,9.72,14.41,1.65,0.695
113270,8.84,11.9,1.14,0.684
113272,8.33,11.32,1.02,0.5
113275,9.11,12.87,1.43,0.749
113280,8.9,31.07,2.07,1.0
113283,6.48,130.94,0.92,1.094
113293,9.56,13.22,1.1,0.696
113294,7.52,12.4,1.12,0.558
113296,8.68,145.27,1.22,1.507
113299,7.6,10.88,1.07,0.796
113302,10.38,23.13,1.67,1.235
113307,5.72,11.98,0.77,0.226
113311,6.53,12.26,1.12,0.17
113323,8.66,11.55,1.28,0.724
113331,6.6,11.76,0.77,0.218
113333,9.93,34.86,2.45,1.18
113336,8.75,10.4,1.31,0.603
113355,7.73,22.41,0.91,0.549
113357,5.45,65.1,0.76,0.666
113368,1.17,130.08,0.92,0.145
113374,9.65,12.13,1.57,0.591
113381,7.91,12.39,1.02,0.436
113386,7.6,14.55,1.44,0.679
113393,8.68,10.08,1.12,0.512
113398,7.47,10.88,1.02,0.441
113400,9.58,14.38,1.5,0.777
113402,6.7,13.75,0.66,0.344
113409,10.13,36.96,1.88,1.233
113421,6.17,50.71,0.75,0.744
113422,10.1,18.02,1.6,0.975
113423,8.57,28.14,1.16,0.846
113430,8.05,16.76,0.87,0.476
113433,6.38,10.28,0.8,0.366
113438,7.67,22.87,1.03,0.617
113439,7.82,12.84,0.95,0.84
113445,6.43,32.32,0.89,0.64
113447,6.15,12.86,0.67,0.582
113448,8.3,11.51,1.17,0.428
113454,7.67,22.68,1.59,0.644
113456,9.07,13.11,1.29,0.566
113462,8.12,12.43,1.12,0.506
113465,6.35,10.41,0.9,0.052
113473,8.65,10.5,1.15,0.485
113477,8.76,24.52,0.77,0.782
113502,7.91,15.1,1.1,0.483
113503,5.76,12.26,0.94,0.293
113514,8.35,20.59,1.18,0.58
113517,7.86,16.86,0.63,0.554
113521,5.43,11.63,0.93,0.982
113528,9.38,19.56,1.37,0.942
113529,9.67,15.97,1.83,0.668
113530,8.09,12.39,0.82,0.441
113535,10.98,20.9,2.2,1.2
113540,7.19,10.12,0.73,0.463
113542,8.75,10.83,1.09,0.389
113543,7.81,19.96,1.23,0.592
113546,11.32,17.45,2.41,1.233
113552,10.57,37.87,2.15,1.402
113557,7.45,10.08,0.76,0.361
113576,7.88,122.8,0.94,1.379
113579,7.47,31.22,0.93,0.655
113583,6.81,10.43,0.92,0.428
113590,11.06,35.66,2.3,1.435
113596,10.55,23.71,1.84,1.192
113597,9.57,33.29,2.58,1.344
113598,8.51,15.2,1.67,0.705
113602,11.56,49.15,3.03,1.526
113605,11.6,49.36,3.19,1.51
113607,9.86,13.5,1.62,1.181
113614,8.32,11.92,0.99,1.0
113628,9.88,20.23,1.15,0.88
113629,7.33,10.65,0.84,0.324
113631,8.26,12.42,1.16,0.608
113632,8.25,18.74,1.0,0.585
113634,9.72,19.86,1.33,1.05
113638,4.11,28.99,1.31,0.96
113646,9.5,17.86,1.23,0.817
113647,7.01,10.54,0.82,0.2
113670,9.3,14.67,1.32,0.695
113677,8.49,10.3,1.25,0.748
113681,8.98,11.36,1.3,0.472
113688,8.68,13.83,1.12,0.651
113691,7.41,11.86,0.91,0.541
113695,7.74,19.76,1.01,0.724
113697,8.93,38.77,4.94,1.024
113698,9.77,21.1,1.41,1.005
113699,7.06,23.23,2.62,0.586
113701,8.17,32.76,1.1,0.827
113711,7.54,10.49,0.97,0.463
113712,11.04,21.67,2.53,1.157
113718,7.48,59.04,3.4,0.943
113719,6.74,12.46,0.75,0.398
113728,8.21,10.18,1.12,0.449
113755,8.66,34.58,0.96,1.019
113770,7.38,13.88,0.91,0.512
113771,11.15,30.39,2.66,1.318
113777,7.75,15.47,0.95,0.849
113785,8.85,22.39,1.23,0.852
113786,8.64,15.22,0.81,0.649
113789,8.52,16.36,0.87,0.791
113792,6.78,11.75,1.11,1.0
113801,5.97,13.01,0.78,0.946
113804,8.36,12.35,1.02,0.425
113807,7.77,16.89,0.65,0.898
113812,10.85,17.57,1.95,1.042
113829,6.65,41.19,0.87,0.62
113833,8.89,11.05,1.15,0.512
113834,7.78,18.21,0.97,0.578
113839,7.8,17.74,0.86,0.523
113842,7.66,14.82,0.93,0.49
113850,10.65,48.15,1.93,1.643
113852,6.43,11.39,0.83,0.898
113858,7.76,15.45,1.01,0.547
113860,5.12,34.98,0.8,0.305
113868,10.1,14.65,1.8,0.684
113876,8.16,12.52,1.39,-0.3
113881,2.44,16.37,0.72,1.655
113884,7.22,36.14,1.01,0.631
113885,8.91,11.11,1.15,0.592
113887,9.48,12.51,1.56,0.602
113896,6.68,32.5,0.93,0.581
113902,5.79,10.84,0.81,1.069
113904,6.42,12.01,0.83,0.417
113906,9.36,10.44,1.55,0.677
113905,8.12,20.49,0.66,0.632
113915,8.15,10.32,1.08,0.509
113919,4.64,18.2,0.57,1.058
113926,8.38,12.21,1.26,0.491
113931,9.12,12.57,1.59,0.688
113933,8.32,11.47,0.78,0.448
113941,11.14,16.26,1.97,1.194
113942,11.17,13.97,2.03,0.953
113944,9.86,49.94,1.04,1.392
113948,8.05,18.62,1.12,0.661
113952,6.77,14.6,0.82,0.398
113959,7.87,12.5,0.96,0.523
113963,2.49,23.36,0.76,-0.002
113969,5.53,18.08,0.56,0.395
113974,8.4,10.34,1.09,0.582
113980,7.07,21.94,0.92,0.472
113981,7.24,12.98,0.96,0.383
113987,7.1,12.32,0.76,0.433
113989,7.49,33.65,0.59,0.646
113994,6.43,24.78,0.94,0.886
113996,5.44,17.31,0.98,0.312
114007,9.62,24.39,1.75,0.988
114016,8.49,11.57,1.44,0.887
114028,7.1,26.39,0.93,0.597
114032,8.89,10.45,1.16,0.624
114034,7.26,13.5,0.92,0.573
114037,9.99,13.81,1.54,0.68
114040,8.66,15.34,1.06,0.709
114044,10.73,28.26,2.11,1.255
114046,7.35,303.9,0.87,1.483
114055,7.71,14.55,1.17,0.412
114059,7.54,13.35,1.09,0.363
114062,9.4,12.15,1.66,0.739
114066,10.87,40.09,1.48,1.44
114069,9.26,16.91,1.49,0.665
114081,6.16,23.16,0.88,0.482
114096,6.44,35.32,0.85,0.544
114098,9.33,27.8,1.39,0.879
114099,10.71,21.2,1.45,1.027
114102,8.59,11.04,1.28,0.521
114108,8.81,12.33,1.22,0.569
114113,9.15,13.26,1.61,0.639
114112,7.67,24.96,0.92,0.606
114119,4.48,17.32,0.88,0.892
114125,9.89,13.35,1.59,0.575
114131,4.28,24.51,0.75,0.423
114132,5.62,11.09,0.79,0.006
114133,8.19,14.88,0.99,0.704
114135,8.98,26.81,1.29,0.915
114136,8.27,13.08,1.11,0.625
114139,6.57,14.6,0.74,0.435
114143,8.29,17.17,1.08,0.586
114144,4.54,10.13,0.87,1.559
114149,8.6,10.6,1.25,0.505
114156,9.62,47.36,1.88,1.276
114167,5.81,25.15,1.08,0.486
114171,10.32,17.86,2.07,0.985
114175,8.51,11.25,0.94,0.427
114177,8.58,13.01,1.16,0.536
114181,9.77,12.33,1.41,0.78
114188,8.66,12.99,1.04,0.5
114189,5.97,25.04,0.85,0.259
114195,9.19,14.11,1.35,0.679
114210,5.68,29.33,0.62,0.449
114222,4.41,14.83,0.62,0.802
114224,7.44,10.7,0.89,0.157
114226,8.58,10.27,0.86,0.613
114233,10.9,63.85,2.04,1.49
114235,8.56,12.16,1.2,0.643
114236,8.44,17.61,1.08,0.62
114252,10.87,45.75,2.6,1.397
114254,5.6,11.42,0.7,0.882
114255,8.87,11.72,1.43,0.554
114256,11.28,12.3,1.51,1.489
114258,6.11,13.44,0.49,0.145
114269,7.22,17.5,0.78,0.634
114270,7.43,16.72,1.46,0.451
114271,8.25,14.33,1.2,0.411
114273,5.42,11.64,1.28,0.908
114276,8.11,16.2,1.01,0.576
114286,8.84,25.03,1.3,0.838
114291,6.74,26.76,0.89,0.476
114294,10.9,24.92,2.24,1.37
114304,9.59,15.31,1.99,0.752
114313,9.26,16.81,1.72,0.661
114320,8.83,10.45,1.24,0.596
114322,8.59,33.4,1.19,1.012
114326,9.05,16.33,1.28,0.679
114328,8.73,14.69,1.07,0.676
114333,8.69,12.6,1.08,0.654
114340,8.79,19.53,1.26,0.656
114341,3.68,13.96,0.94,1.202
114346,9.44,12.62,1.26,0.776
114354,8.15,11.81,1.39,0.563
114361,8.29,66.36,0.95,1.201
114367,6.47,18.93,0.64,0.394
114369,7.91,10.7,1.0,0.42
114370,8.61,11.14,1.22,0.626
114373,6.66,10.08,0.84,0.227
114378,6.54,38.67,0.83,0.607
114382,5.83,28.87,0.87,0.475
114385,7.11,34.06,2.31,0.658
114388,9.65,10.83,1.39,0.737
114402,9.44,11.64,1.08,0.625
114408,6.47,16.06,0.66,0.956
114411,11.27,63.73,3.17,1.566
114416,8.7,48.05,1.05,1.004
114417,10.91,24.28,1.72,1.25
114420,7.29,21.61,0.89,0.674
114421,3.88,17.63,0.92,0.998
114422,9.24,13.26,1.38,0.619
114424,7.33,28.11,1.09,0.604
114427,11.39,30.87,2.46,1.37
114428,6.72,10.79,0.67,0.214
114430,5.91,35.39,0.77,0.45
114432,7.74,14.26,0.93,0.496
114443,9.55,21.47,1.32,0.92
114444,8.44,14.36,1.61,0.582
114448,7.11,11.45,0.92,0.204
114450,8.56,12.78,1.4,0.59
114455,8.65,34.9,1.22,0.966
114456,6.98,42.65,0.74,0.75
114458,9.01,22.57,1.33,0.854
114460,8.69,22.35,0.95,0.753
114472,9.62,10.7,1.4,0.574
114477,9.25,18.45,1.5,0.88
114484,8.97,13.26,1.13,0.546
114487,8.4,11.96,1.12,0.388
114503,10.58,19.28,1.54,0.983
114512,7.21,20.9,0.72,0.694
114519,8.9,19.38,1.36,0.622
114520,5.15,12.89,0.8,0.139
114526,6.19,13.48,0.73,0.937
114530,8.78,19.78,1.15,0.706
114532,8.58,12.14,1.35,0.467
114543,9.55,21.13,2.14,1.05
114546,7.53,18.97,0.6,0.699
114555,8.32,10.22,0.94,0.445
114557,8.38,11.61,0.99,0.881
114558,8.66,12.52,1.23,0.753
114561,9.42,21.55,1.12,0.99
114570,4.53,40.82,0.57,0.302
114571,9.81,12.02,1.56,0.658
114573,8.13,14.21,1.18,0.73
114576,7.71,15.21,0.95,0.622
114585,9.55,14.04,1.6,0.664
114587,8.77,16.01,1.15,0.732
114588,10.76,19.36,2.08,1.182
114590,9.08,10.25,1.42,0.667
114606,7.97,10.34,1.08,0.4
114614,10.78,17.39,2.15,1.34
114616,8.84,16.55,1.2,0.685
114622,5.57,153.24,0.65,1.0
114627,8.86,14.0,1.47,0.47
114637,8.38,15.31,1.2,0.55
114638,8.9,12.12,1.1,0.727
114639,7.4,11.34,0.92,0.788
114644,7.54,11.04,1.05,0.331
114653,9.73,14.79,1.68,0.84
114665,7.18,14.49,0.91,0.393
114666,7.94,13.97,1.3,0.519
114670,7.37,21.68,0.84,0.561
114683,9.49,15.42,1.39,0.767
114699,6.12,34.25,0.61,0.787
114702,7.55,26.52,2.41,0.544
114708,6.9,18.25,0.88,0.733
114709,9.0,13.14,1.37,0.564
114711,9.81,12.44,1.54,0.687
114716,11.99,39.09,2.81,1.48
114719,10.46,51.44,5.79,1.449
114723,8.58,11.15,1.23,0.579
114724,4.22,14.68,0.92,1.545
114729,7.49,16.3,0.92,0.535
114735,8.51,11.54,1.28,0.4
114736,11.01,20.77,2.73,1.27
114743,8.59,14.77,1.22,0.759
114746,9.42,27.53,1.45,0.938
114756,11.5,17.86,2.44,1.25
114759,8.73,11.82,1.14,0.636
114769,7.23,19.0,0.68,0.429
114775,5.77,13.95,0.72,1.16
114780,9.44,11.39,1.43,1.011
114790,7.96,32.78,0.99,0.695
114792,7.64,10.26,0.65,0.476
114796,8.26,16.47,0.96,0.609
114799,9.94,13.72,1.67,0.858
114810,6.57,10.8,0.72,0.29
114821,8.5,10.5,1.2,0.476
114822,5.56,14.09,0.74,0.062
114823,11.21,24.51,2.74,1.156
114830,8.94,11.1,1.49,0.584
114834,6.76,22.51,1.68,0.537
114837,9.89,10.09,1.48,0.581
114838,7.61,10.83,0.89,0.537
114851,7.97,11.68,0.94,1.007
114854,7.28,14.17,0.96,0.433
114855,4.24,21.97,0.89,1.107
114856,7.98,11.99,0.99,0.547
114859,9.96,45.21,2.04,1.05
114863,6.57,23.25,0.75,0.415
114868,6.87,13.62,0.87,0.288
114878,8.02,13.12,1.25,0.551
114880,7.88,15.9,0.89,0.513
114882,9.31,10.45,1.49,0.531
114885,9.22,31.26,1.98,1.007
114886,8.07,41.33,0.97,0.871
114893,8.45,11.75,1.09,0.579
114895,9.15,15.79,1.39,0.807
114899,6.93,15.81,0.8,0.446
114906,7.98,13.56,1.33,0.529
114907,7.11,13.18,0.84,0.312
114911,8.07,10.78,0.74,0.395
114914,7.6,18.3,1.97,0.654
114921,5.92,11.32,0.69,1.053
114922,11.17,31.5,3.85,1.45
114924,5.58,49.31,0.58,0.556
114933,7.25,10.84,1.05,1.034
114941,10.51,38.08,1.81,1.5
114948,5.64,48.6,0.6,0.521
114950,8.08,14.19,1.1,0.684
114952,6.71,26.37,1.0,0.415
114954,10.86,47.58,1.99,1.395
114960,10.16,14.68,1.54,0.874
114967,9.08,17.19,1.39,0.759
114971,3.7,24.92,0.89,0.916
114981,6.44,13.53,0.82,1.077
114980,9.02,36.87,1.1,1.13
114982,8.44,10.88,1.17,0.527
114986,8.71,36.68,1.03,1.049
114996,3.99,45.4,0.61,0.41
114999,8.09,12.32,0.96,0.486
115001,7.76,11.25,1.23,0.694
115004,9.72,26.96,1.4,1.13
115012,7.88,18.1,1.76,0.676
115013,10.39,30.71,1.67,1.316
115031,8.28,15.71,1.33,0.468
115033,4.41,10.13,1.04,-0.144
115053,8.23,10.8,1.2,0.565
115054,5.54,28.89,0.66,0.445
115057,7.28,14.44,0.86,0.433
115058,10.92,41.19,1.87,1.434
115066,8.38,19.58,1.04,0.715
115074,8.57,12.58,1.18,0.582
115087,7.5,25.33,0.87,0.632
115088,4.75,15.48,0.55,0.836
115099,11.25,30.77,4.19,1.633
115100,8.04,12.33,1.01,0.654
115102,4.41,18.24,0.8,1.109
115103,9.16,11.18,1.18,0.569
115108,8.59,10.03,1.05,0.476
115112,8.02,30.76,1.74,0.82
115115,4.99,13.1,1.0,-0.022
115123,8.93,51.97,1.17,1.154
115126,5.2,48.22,5.25,0.787
115137,7.38,11.64,0.96,1.043
115142,5.56,28.72,0.84,0.386
115147,7.53,50.65,0.64,0.893
115151,8.77,15.31,0.93,0.62
115159,7.64,14.2,0.89,0.508
115162,8.94,20.26,1.26,0.749
115165,7.59,10.9,0.63,0.321
115181,8.89,15.89,2.14,0.871
115183,8.09,11.76,0.98,0.584
115194,8.87,31.5,1.18,0.811
115211,11.03,38.28,3.5,1.45
115220,6.64,20.96,0.85,0.52
115223,7.95,11.51,1.02,0.67
115239,8.66,12.85,0.98,0.641
115247,7.3,16.57,0.66,0.458
115250,4.58,19.5,0.73,0.18
115261,6.25,12.5,1.05,0.152
115275,9.68,17.39,1.52,0.849
115277,9.38,26.1,1.38,0.918
115279,8.5,13.07,1.51,0.561
115280,5.77,23.59,0.77,0.468
115286,7.74,13.47,1.19,0.649
115288,6.67,15.11,0.9,0.329
115294,9.95,10.27,1.53,0.744
115302,11.76,36.97,3.8,1.429
115309,7.87,11.44,1.0,0.377
115314,8.42,15.2,1.18,0.579
115328,9.71,16.65,1.61,0.794
115331,7.36,45.63,0.83,0.801
115332,11.7,93.5,3.58,1.524
115337,8.48,12.27,1.01,0.597
115341,8.12,47.66,0.96,1.056
115342,8.71,10.56,1.38,0.647
115344,10.17,20.2,1.65,1.001
115359,8.92,14.97,1.23,0.61
115360,6.59,15.36,0.75,0.4
115361,8.13,15.31,1.1,0.437
115366,6.74,13.45,0.8,0.392
115370,7.76,19.28,0.89,0.619
115380,10.32,13.26,1.67,0.975
115381,8.56,26.95,1.39,0.853
115386,9.31,17.21,1.34,0.72
115404,5.19,13.75,1.04,0.203
115411,8.68,22.08,1.16,0.7
115415,8.71,13.42,1.14,0.536
115418,8.97,10.22,1.32,0.571
115417,6.62,26.7,0.93,0.6
115419,9.71,14.13,2.1,0.873
115422,8.8,11.54,1.1,0.497
115425,7.43,11.49,0.94,0.387
115430,10.03,24.3,1.86,0.95
115438,3.96,20.14,0.72,1.082
115443,8.66,12.78,1.11,0.562
115445,7.8,51.37,1.25,0.881
115455,10.97,18.74,2.51,1.603
115459,7.13,10.05,0.74,0.283
115468,8.93,13.0,1.3,0.546
115470,8.61,32.06,1.54,0.939
115489,8.27,15.63,0.86,0.54
115498,11.47,12.56,1.68,1.204
115500,6.7,13.91,0.74,0.452
115501,8.5,13.31,1.15,0.581
115503,6.97,10.87,0.6,0.401
115505,7.51,14.22,1.1,0.45
115522,6.46,15.99,0.85,0.433
115527,7.62,33.1,0.91,0.682
115547,6.88,23.86,0.62,0.541
115548,7.44,12.43,0.8,0.468
115555,9.11,11.8,1.3,0.722
115562,10.03,76.23,1.41,1.465
115572,7.54,12.03,0.96,0.822
115577,7.59,23.01,0.93,0.692
115578,9.69,10.9,1.5,0.573
115581,9.13,11.82,1.6,0.661
115582,9.01,11.4,1.18,0.574
115604,9.23,11.53,0.96,0.658
115610,9.35,25.02,1.34,0.967
115620,5.6,11.42,0.6,1.063
115623,4.42,18.83,0.72,0.617
115648,11.27,32.87,2.9,1.43
115655,7.89,17.0,0.89,0.569
115659,9.34,12.47,1.57,0.641
115662,7.74,22.11,0.92,0.603
115669,4.38,10.57,0.72,1.46
115673,9.15,13.46,1.45,0.702
115678,6.66,10.02,0.63,0.297
115680,10.56,42.25,2.13,1.461
115684,9.58,11.29,1.4,0.735
115687,9.16,19.21,1.53,0.718
115696,6.81,10.01,0.76,0.95
115697,7.1,20.65,1.04,0.602
115713,5.53,31.28,0.7,0.409
115714,7.98,16.73,0.84,0.597
115716,8.71,14.08,1.08,0.681
115720,8.2,10.71,1.15,0.521
115715,7.36,28.53,1.26,0.644
115721,9.08,10.71,1.05,0.63
115723,7.62,10.05,1.15,0.374
115731,9.76,10.97,1.5,0.654
115734,8.44,10.84,1.05,0.692
115736,7.89,10.98,0.85,0.493
115738,4.95,20.12,0.79,0.036
115746,5.56,10.63,0.49,0.25
115752,10.37,30.3,1.88,1.272
115755,5.75,11.09,0.72,-0.007
115757,8.11,11.45,0.75,0.651
115761,7.6,13.42,0.86,0.566
115769,5.63,10.93,0.61,0.983
115770,5.6,15.81,0.53,0.163
115777,9.6,25.91,0.96,0.88
115779,8.71,17.44,2.12,0.583
115780,8.64,26.9,3.06,0.906
115799,8.22,11.53,0.95,0.63
115802,9.73,13.88,1.37,0.809
115803,7.51,19.9,0.95,0.53
115813,7.2,13.86,0.58,0.482
115819,10.32,16.77,2.07,1.27
115821,11.06,17.97,2.44,1.089
115825,8.19,11.53,1.37,0.563
115826,9.36,10.03,1.23,0.54
115828,8.27,16.76,1.09,0.593
115830,4.27,20.54,0.8,1.062
115849,8.99,27.79,1.27,0.934
115859,8.15,11.72,0.78,0.706
115860,9.81,29.0,1.69,1.13
115861,8.75,17.36,1.17,0.74
115873,9.09,13.2,1.22,0.74
115879,9.34,10.8,1.33,0.654
115880,7.67,13.63,0.86,0.5
115888,9.72,15.04,1.73,0.771
115891,7.87,12.27,1.44,1.0
115894,7.74,17.59,0.62,0.499
115895,8.46,12.98,0.94,0.581
115917,8.26,16.76,1.12,0.508
115919,4.54,18.34,0.74,0.939
115924,8.08,11.61,1.16,0.43
115929,8.97,14.79,1.28,0.632
115937,11.15,20.68,2.57,1.29
115948,8.01,16.61,0.82,0.498
115951,6.88,25.33,1.0,0.62
115953,6.26,20.44,0.86,1.123
115955,10.19,37.51,1.8,1.316
115966,9.53,17.49,1.34,0.894
115969,8.59,10.48,1.22,0.503
115975,7.88,10.19,1.13,0.425
115976,9.44,12.23,1.48,0.714
116003,11.09,67.57,7.83,1.5
116005,8.34,38.98,1.1,0.889
116033,7.53,24.16,0.94,0.636
116043,8.8,11.43,1.21,0.545
116045,9.77,15.84,1.76,0.91
116050,8.12,28.55,1.08,0.799
116051,7.9,12.28,0.97,0.516
116052,9.18,19.13,1.21,0.796
116058,9.03,13.67,1.39,0.673
116063,7.1,33.07,0.69,0.595
116066,8.0,11.88,1.28,0.652
116069,7.17,18.63,1.04,0.448
116072,8.92,13.14,1.08,0.584
116074,8.1,16.18,1.04,0.543
116077,9.9,12.52,1.79,0.925
116076,5.22,13.09,0.71,1.029
116082,7.56,11.01,0.91,0.426
116084,7.82,18.91,0.82,0.513
116085,6.76,59.31,0.67,0.839
116095,8.22,10.67,0.71,0.521
116101,8.71,14.37,0.88,0.62
116106,6.5,38.11,0.87,0.531
116110,9.37,19.51,1.12,0.778
116118,6.24,12.49,0.85,0.319
116122,8.37,19.06,1.06,0.657
116125,7.16,13.72,0.99,0.438
116132,10.05,160.06,2.81,1.19
116138,9.01,12.87,1.34,0.578
116139,8.77,16.0,1.91,0.721
116154,7.95,19.07,0.97,0.617
116159,8.8,12.32,1.22,0.481
116164,6.8,13.0,1.04,0.505
116168,8.27,11.76,1.0,0.643
116174,7.96,16.97,0.98,0.593
116186,7.6,14.32,0.88,0.428
116207,8.61,11.5,0.83,0.548
116213,11.0,28.13,2.09,1.37
116215,8.59,71.7,1.36,1.29
116221,7.47,18.66,0.69,0.773
116222,7.84,19.77,0.89,0.513
116231,4.38,18.28,0.8,-0.095
116232,9.81,10.94,1.37,0.698
116242,8.06,10.96,1.17,0.536
116243,7.32,10.42,1.06,0.809
116247,4.7,10.18,0.75,0.02
116250,5.82,31.49,0.49,0.681
116251,7.2,14.58,0.75,0.92
116255,8.89,15.05,0.81,0.615
116258,8.81,28.69,1.31,0.89
116259,7.14,30.24,1.12,0.585
116266,6.92,10.62,0.93,0.47
116277,6.81,20.74,0.8,0.666
116286,7.22,14.92,0.78,0.439
116293,7.24,17.5,0.87,0.388
116298,8.68,13.34,1.32,0.619
116305,8.5,10.82,1.57,0.574
116315,7.48,16.54,0.94,0.546
116317,11.16,71.56,4.77,1.454
116323,5.91,14.17,0.82,0.299
116332,8.44,11.47,1.38,0.505
116334,11.23,25.73,2.8,1.348
116338,6.9,12.03,0.9,0.428
116343,8.36,10.29,0.95,0.529
116350,7.55,18.97,0.7,0.511
116351,9.05,21.01,1.2,0.792
116352,8.28,20.82,1.24,0.613
116354,5.55,13.97,0.63,0.096
116355,5.63,10.68,0.77,1.042
116360,7.22,19.56,0.79,0.579
116363,8.5,11.18,0.85,0.526
116370,6.65,13.64,0.76,0.218
116374,10.18,27.68,1.54,1.196
116376,9.2,14.08,1.34,0.702
116377,9.07,16.28,1.29,0.723
116384,9.59,51.8,1.74,1.329
116389,4.69,11.92,0.71,0.078
116393,9.94,11.82,1.28,0.655
116395,9.43,26.94,1.33,0.945
116399,7.12,11.57,0.65,0.366
116402,7.23,17.2,0.98,0.411
116410,8.42,25.82,1.37,0.72
116416,7.9,42.63,0.93,0.845
116421,6.86,30.93,0.73,0.604
116422,6.47,10.51,0.87,1.151
116429,8.55,27.69,1.08,0.783
116431,7.35,14.04,0.97,0.405
116433,8.68,12.38,1.41,0.527
116436,6.66,25.96,1.11,0.56
116441,9.1,13.28,1.19,0.56
116443,11.17,36.65,2.3,1.372
116454,10.19,18.1,1.72,0.891
116460,9.7,24.44,1.63,1.16
116473,9.02,10.55,1.24,0.612
116478,7.64,27.91,0.86,0.7
116481,9.5,12.54,0.89,0.729
116482,6.57,15.51,0.92,0.274
116491,10.09,42.13,1.67,1.37
116495,5.68,32.27,0.84,0.449
116497,11.72,37.2,2.7,1.461
116498,10.13,16.58,1.46,0.98
116502,7.63,11.27,0.85,0.422
116505,6.35,12.99,0.79,0.459
116508,8.45,10.58,1.06,0.696
116510,6.92,11.75,0.77,0.2
116513,8.63,10.52,1.04,0.471
116517,8.72,10.12,1.19,0.75
116519,9.31,20.61,1.53,0.904
116528,7.68,12.81,1.84,0.5
116537,8.11,15.18,1.06,0.531
116542,7.21,19.92,0.78,0.616
116551,9.85,14.63,1.15,0.837
116553,9.54,10.31,1.39,0.517
116554,9.22,17.29,1.42,0.809
116559,8.41,16.27,1.24,0.783
116578,8.11,12.4,1.81,0.503
116579,7.18,10.2,0.94,0.97
116584,3.81,38.74,0.68,0.984
116591,5.66,11.5,0.89,1.025
116600,7.3,14.58,1.06,0.461
116602,4.74,16.26,0.7,0.082
116603,7.66,11.02,1.06,0.435
116611,5.49,13.65,0.75,0.01
116612,7.63,12.69,0.74,0.441
116613,6.58,43.26,0.8,0.665
116616,7.11,19.82,0.82,0.665
116617,8.58,11.28,0.83,0.551
116630,7.47,12.32,0.74,1.03
116635,8.9,10.59,1.37,0.537
116645,11.95,54.15,3.39,1.551
116647,9.62,13.3,1.05,0.66
116660,8.77,10.01,1.32,0.505
116691,8.7,10.81,1.24,0.569
116699,7.03,16.07,1.39,0.3
116710,9.61,16.8,1.32,0.685
116714,5.95,12.4,0.54,0.124
116720,8.17,11.57,1.01,0.485
116727,3.21,72.5,0.52,1.031
116737,6.07,11.74,1.03,0.24
116740,7.04,20.27,0.76,0.658
116743,7.53,14.38,0.75,0.864
116745,7.09,87.72,0.64,0.989
116748,8.17,21.64,1.32,0.78
116756,8.87,12.65,1.45,0.654
116758,4.97,24.38,0.85,0.257
116763,7.18,53.52,0.86,0.802
116768,5.99,17.16,0.84,0.212
116771,4.13,72.51,0.88,0.507
116781,6.49,11.2,0.82,0.355
116783,7.56,12.35,0.74,0.579
116788,10.1,10.26,1.06,0.591
116805,4.15,19.22,0.65,-0.071
116807,7.59,14.84,1.1,0.445
116819,7.59,38.11,1.0,0.731
116820,5.3,11.22,0.67,0.965
116821,8.6,11.74,1.18,0.5
116823,7.4,11.81,1.16,1.17
116824,6.24,22.63,0.81,0.424
116834,7.15,14.2,0.98,0.483
116838,8.27,39.51,1.85,1.113
116845,8.74,28.78,0.88,0.777
116849,6.97,14.37,0.84,0.477
116852,7.11,22.13,0.83,0.667
116855,8.83,14.71,0.91,0.657
116874,9.54,14.62,1.56,0.789
116890,9.9,15.3,1.49,0.859
116905,10.94,26.69,1.89,1.367
116906,7.68,23.84,1.11,0.648
116910,9.39,16.04,1.17,0.659
116914,8.79,19.84,1.29,0.731
116928,4.49,32.38,0.84,0.2
116936,10.3,42.42,2.07,1.343
116937,7.99,28.89,1.0,0.704
116940,6.99,12.39,0.75,0.28
116939,9.8,19.27,0.96,0.92
116949,8.27,10.93,1.43,0.465
116951,8.45,10.26,1.25,0.612
116957,5.27,11.65,0.88,1.344
116960,10.45,20.11,1.16,1.232
116959,9.36,11.28,1.42,0.655
116964,8.27,13.17,1.31,0.516
116970,9.57,11.84,1.43,0.76
116971,4.49,21.16,0.87,-0.032
116973,10.09,23.75,2.0,1.085
116976,9.56,30.09,1.41,0.97
116983,8.34,11.29,0.93,0.394
116984,8.65,22.85,1.48,0.81
117011,10.26,27.1,1.83,1.664
117002,9.01,19.1,1.35,0.73
117006,9.46,12.56,1.43,0.775
117014,7.35,15.46,0.72,0.835
117019,8.2,11.48,1.11,0.427
117029,7.14,22.01,0.65,0.645
117033,8.69,10.16,1.17,0.579
117035,7.83,14.64,0.68,0.441
117036,11.27,21.73,2.69,1.19
117043,8.81,13.55,1.37,0.585
117046,8.77,10.19,0.84,0.542
117048,7.99,11.07,0.8,0.559
117064,9.74,14.09,1.67,0.758
117066,7.68,25.18,0.65,0.608
117069,11.3,34.63,1.97,1.4
117073,4.93,13.91,0.75,0.935
117075,6.08,13.68,0.76,0.978
117094,7.47,10.75,1.09,0.551
117105,6.06,21.77,0.57,0.91
117107,6.23,14.7,1.04,0.495
117110,8.6,10.9,1.56,0.513
117112,7.26,12.13,1.03,0.561
117114,9.85,11.65,1.18,0.538
117121,11.6,19.92,2.85,0.583
117138,8.15,12.48,0.92,0.47
117147,8.99,33.89,1.32,0.997
117159,8.4,34.85,1.02,0.859
117164,8.66,21.52,2.51,0.761
117173,6.54,13.24,0.89,0.168
117177,10.15,20.08,1.43,1.041
117184,8.81,13.88,0.98,0.684
117187,9.48,16.25,1.36,0.957
117197,9.89,50.78,1.58,1.338
117200,8.65,13.12,1.09,0.554
117215,7.95,14.19,1.6,0.547
117218,5.28,15.37,1.18,0.299
117219,6.32,15.32,0.77,0.21
117229,9.15,18.38,1.05,0.78
117235,11.78,21.67,3.17,1.376
117236,7.48,22.2,0.94,0.582
117242,8.8,10.82,1.19,0.4
117247,8.93,28.18,1.4,0.882
117254,7.33,12.91,0.78,0.232
117258,7.23,25.92,0.92,0.551
117259,7.86,10.55,0.84,0.464
117266,9.48,11.49,1.3,0.566
117288,9.37,24.25,1.46,0.94
117297,7.64,14.64,0.89,0.536
117300,9.91,13.98,1.5,0.739
117301,4.88,18.88,0.59,1.122
117320,6.89,24.21,0.76,0.659
117322,9.96,11.6,1.55,0.769
117328,8.02,10.81,1.57,0.6
117333,9.59,15.92,1.72,0.775
117336,11.83,24.9,3.0,1.41
117364,8.39,17.08,1.07,0.622
117367,7.69,21.43,1.05,0.627
117370,8.57,10.28,1.27,0.474
117371,5.05,10.96,0.53,0.007
117374,6.73,20.71,0.61,0.446
117375,5.49,11.19,0.85,0.941
117383,12.06,60.56,3.24,1.63
117386,9.81,12.24,1.49,0.689
117390,8.27,16.77,1.69,0.68
117391,7.55,16.19,1.12,0.518
117393,7.85,12.94,0.89,0.451
117394,6.66,17.54,0.81,0.324
117399,9.64,20.68,1.68,0.92
117403,9.14,14.51,1.53,0.701
117404,8.65,26.02,1.46,0.766
117410,9.59,36.96,2.28,1.244
117411,7.6,10.03,0.98,1.083
117415,7.08,14.99,0.75,0.443
117427,8.78,18.65,1.29,0.742
117445,6.47,18.09,1.09,0.461
117452,4.59,22.73,1.12,0.001
117457,8.93,22.4,1.57,0.753
117462,9.94,14.05,1.82,0.826
117463,8.38,37.5,1.25,0.929
117471,8.95,13.34,1.79,0.549
117472,6.36,13.05,0.61,0.408
117473,8.98,167.51,1.49,1.46
117475,8.42,13.14,1.17,0.527
117481,6.95,27.88,1.33,0.511
117484,8.15,10.82,1.14,0.534
117486,7.89,10.45,0.84,0.823
117491,5.77,12.19,0.95,0.167
117492,9.38,35.74,1.5,1.12
117493,7.21,15.87,0.67,0.525
117499,8.85,14.46,0.9,0.618
117500,5.95,12.22,0.73,0.187
117505,11.16,19.84,2.54,1.157
117513,8.54,15.43,1.09,0.565
117515,7.43,10.3,0.85,0.282
117519,8.71,10.25,1.37,0.479
117526,8.34,20.55,1.23,0.744
117527,7.76,11.76,0.89,0.596
117528,6.78,14.84,0.82,0.413
117541,5.93,10.63,0.8,1.133
117542,7.88,39.53,1.13,0.839
117548,9.76,16.2,1.79,0.741
117551,6.47,24.68,0.85,0.403
117558,7.49,10.03,1.1,0.202
117559,9.35,40.24,1.36,1.226
117563,7.09,11.56,0.99,0.907
117569,7.2,10.9,1.08,0.219
117570,7.62,24.45,2.38,0.764
117573,7.15,18.13,0.76,0.466
117577,10.49,18.47,1.88,0.88
117582,8.27,13.76,0.96,0.578
117586,10.77,16.9,2.05,1.07
117596,8.03,18.64,0.64,0.666
117617,8.34,13.03,0.85,0.569
117619,9.41,10.25,1.31,0.625
117622,6.78,17.97,2.0,0.419
117627,7.85,16.11,0.92,0.735
117629,5.17,10.16,1.04,-0.122
117630,7.55,15.24,0.84,0.457
117659,6.65,10.46,0.82,1.096
117666,8.75,16.93,1.53,0.66
117668,7.86,14.45,0.85,0.719
117673,6.95,16.17,1.63,0.434
117681,6.56,25.48,0.52,0.43
117682,9.39,10.65,1.51,0.685
117689,5.1,12.2,0.48,0.934
117696,8.66,12.77,1.32,0.617
117697,11.69,39.4,3.4,1.474
117702,9.43,20.7,1.2,0.794
117706,9.17,22.52,1.55,0.734
117708,8.17,13.88,1.18,0.509
117713,8.75,11.34,1.21,0.63
117712,6.36,92.68,0.55,0.977
117716,7.2,10.46,0.79,0.306
117719,10.1,12.49,1.77,0.766
117722,5.85,11.38,1.05,1.252
117727,8.03,14.69,0.95,0.548
117730,5.3,17.31,1.29,0.186
117733,7.57,19.33,0.85,0.487
117734,6.83,12.09,1.11,0.09
117736,9.55,28.47,1.73,1.076
117740,8.5,10.27,1.07,0.483
117753,8.52,11.06,1.4,0.425
117760,7.4,11.2,0.85,0.345
117762,6.52,20.07,0.75,0.571
117776,8.03,10.03,1.1,0.519
117778,7.51,11.0,0.91,0.968
117779,9.75,44.62,3.88,1.357
117783,9.08,14.1,0.91,0.612
117785,7.36,10.98,0.91,0.438
117795,10.47,36.53,1.57,1.21
117797,6.23,10.88,0.93,0.188
117805,8.54,12.21,1.62,0.63
117811,9.08,11.13,0.93,0.508
117815,6.64,38.66,0.62,0.589
117823,9.33,10.96,1.31,0.498
117826,8.03,10.16,1.01,0.904
117828,9.99,98.43,1.15,1.466
117831,9.28,12.81,1.29,0.569
117835,8.02,12.32,1.09,0.436
117841,9.37,12.35,1.16,0.673
117846,10.08,21.93,1.62,0.96
117854,9.34,12.97,1.61,0.581
117860,6.34,10.82,1.26,0.197
117865,9.93,22.82,1.55,1.098
117869,8.9,12.23,1.18,0.53
117870,8.51,16.35,0.97,0.804
117878,8.94,10.59,1.14,0.628
117880,6.03,35.86,0.8,0.572
117882,9.24,11.88,1.45,0.454
117883,9.79,11.38,1.45,0.815
117885,8.98,10.07,1.06,0.535
117886,10.8,40.44,2.41,1.431
117894,11.84,21.06,3.04,1.358
117895,9.48,18.57,1.61,0.825
117902,8.36,18.83,1.18,0.734
117903,8.66,11.64,1.24,0.574
117905,8.86,20.13,1.76,0.68
117911,10.05,18.94,1.93,0.896
117915,7.51,23.62,0.89,1.007
117917,6.73,13.3,1.0,0.337
117918,8.94,22.08,1.13,0.805
117922,8.98,10.48,1.21,0.678
117930,7.38,12.29,0.76,1.115
117929,9.85,12.82,1.88,0.746
117944,7.76,16.01,1.3,0.513
117946,8.77,39.35,1.16,1.02
117950,8.71,12.83,1.42,0.534
117953,7.72,34.09,0.94,0.751
117958,7.88,25.49,1.19,0.64
117961,8.52,10.94,1.16,0.697
117965,10.48,16.68,2.4,1.136
117972,9.01,20.22,1.29,0.924
117975,10.59,15.16,1.79,1.008
117980,7.3,17.0,1.18,0.498
117990,6.75,12.44,0.78,0.321
117991,8.66,12.47,1.09,0.517
117997,7.47,10.19,0.89,0.409
118008,8.24,45.28,1.11,0.973
118009,9.97,20.43,1.22,0.967
118010,7.67,20.01,0.74,0.638
118019,8.39,11.37,1.06,0.512
118020,8.2,19.52,2.17,0.778
118027,6.57,10.84,0.54,0.064
118040,9.34,19.65,1.51,0.755
118045,9.37,13.22,1.32,0.692
118055,8.35,11.81,0.89,0.61
118061,9.81,16.23,1.87,0.847
118062,8.51,15.59,0.86,0.635
118073,9.07,12.85,1.33,0.609
118075,9.66,10.81,1.53,0.719
118077,5.57,14.97,0.69,0.478
118079,8.35,12.07,0.72,0.63
118080,8.5,13.26,1.09,0.546
118086,10.76,30.95,3.14,1.3
118089,8.29,10.79,1.12,0.531
118091,7.73,17.7,0.97,0.451
118092,5.95,15.91,0.54,0.101
118104,7.64,10.2,1.01,0.405
118106,7.92,13.83,0.88,0.486
118114,5.72,10.38,0.51,1.055
118115,7.89,20.98,1.24,0.643
118117,7.58,17.44,0.67,0.508
118121,5.0,20.53,0.51,0.06
118123,8.21,25.18,0.8,0.613
118127,7.01,14.75,0.82,0.505
118133,6.65,10.24,0.84,0.04
118136,9.85,17.26,1.27,0.895
118143,8.84,17.52,1.17,0.748
118145,9.34,11.01,0.99,0.624
118146,9.97,21.19,1.58,1.0
118147,8.47,12.94,1.19,0.54
118156,8.95,16.19,1.23,0.723
118159,9.02,14.91,1.31,0.653
118160,11.88,30.17,3.26,1.378
118162,6.72,41.35,0.76,0.694
118167,8.57,14.88,1.18,0.629
118169,7.64,15.82,1.0,0.465
118170,8.24,11.69,1.02,0.505
118179,6.86,12.56,0.64,0.825
118180,10.78,29.73,2.94,1.35
118186,8.4,13.92,1.12,0.502
118193,8.38,16.28,0.94,0.624
118200,11.78,58.62,2.92,1.5
118207,8.38,23.37,0.7,0.651
118209,4.88,14.58,0.83,0.93
118210,7.97,13.55,1.03,0.49
118212,9.57,57.62,2.82,1.355
118213,8.28,20.33,0.94,0.734
118215,9.72,12.63,1.57,0.715
118225,7.83,16.86,0.82,0.654
118228,8.06,12.83,0.83,0.581
118234,5.13,12.7,0.65,1.121
118237,9.51,10.13,1.36,0.71
118247,8.05,18.95,1.3,0.579
118251,8.16,22.91,0.82,0.652
118254,7.72,22.19,0.8,0.563
118256,6.78,11.46,0.79,0.215
118259,7.07,11.26,0.78,0.178
118261,8.69,40.9,1.26,1.042
118265,9.65,11.93,1.43,0.585
118268,4.03,30.78,0.87,0.419
118278,7.47,38.76,1.04,0.741
118281,5.81,34.47,1.21,0.539
118282,9.97,19.33,2.5,1.1
118293,7.49,12.56,0.94,0.342
118308,9.93,19.39,1.63,0.89
118310,8.85,39.43,1.36,1.187
118311,11.85,24.63,2.96,1.391
118319,8.23,10.63,1.17,0.639
118321,9.2,19.22,1.0,0.698
