date,region,mode,trips,lat,lon,methodology_note,baseline_2019,index_2019
2019-01-01,Inner Sydney,Train,1321750,-33.8688,151.2093,stable,1284090.4166666667,102.9
2019-02-01,Inner Sydney,Train,1274937,-33.8688,151.2093,stable,1284090.4166666667,99.3
2019-03-01,Inner Sydney,Train,1352539,-33.8688,151.2093,stable,1284090.4166666667,105.3
2019-04-01,Inner Sydney,Train,1357366,-33.8688,151.2093,stable,1284090.4166666667,105.7
2019-05-01,Inner Sydney,Train,1429511,-33.8688,151.2093,stable,1284090.4166666667,111.3
2019-06-01,Inner Sydney,Train,1380667,-33.8688,151.2093,stable,1284090.4166666667,107.5
2019-07-01,Inner Sydney,Train,1361180,-33.8688,151.2093,stable,1284090.4166666667,106.0
2019-08-01,Inner Sydney,Train,1186139,-33.8688,151.2093,stable,1284090.4166666667,92.4
2019-09-01,Inner Sydney,Train,1198597,-33.8688,151.2093,stable,1284090.4166666667,93.3
2019-10-01,Inner Sydney,Train,1128516,-33.8688,151.2093,stable,1284090.4166666667,87.9
2019-11-01,Inner Sydney,Train,1169081,-33.8688,151.2093,stable,1284090.4166666667,91.0
2019-12-01,Inner Sydney,Train,1248802,-33.8688,151.2093,stable,1284090.4166666667,97.3
2020-01-01,Inner Sydney,Train,1226139,-33.8688,151.2093,stable,1284090.4166666667,95.5
2020-02-01,Inner Sydney,Train,1303139,-33.8688,151.2093,stable,1284090.4166666667,101.5
2020-03-01,Inner Sydney,Train,495273,-33.8688,151.2093,stable,1284090.4166666667,38.6
2020-04-01,Inner Sydney,Train,494050,-33.8688,151.2093,stable,1284090.4166666667,38.5
2020-05-01,Inner Sydney,Train,470201,-33.8688,151.2093,stable,1284090.4166666667,36.6
2020-06-01,Inner Sydney,Train,478268,-33.8688,151.2093,stable,1284090.4166666667,37.2
2020-07-01,Inner Sydney,Train,471894,-33.8688,151.2093,stable,1284090.4166666667,36.7
2020-08-01,Inner Sydney,Train,410932,-33.8688,151.2093,stable,1284090.4166666667,32.0
2020-09-01,Inner Sydney,Train,439017,-33.8688,151.2093,stable,1284090.4166666667,34.2
2020-10-01,Inner Sydney,Train,428552,-33.8688,151.2093,stable,1284090.4166666667,33.4
2020-11-01,Inner Sydney,Train,415358,-33.8688,151.2093,stable,1284090.4166666667,32.3
2020-12-01,Inner Sydney,Train,418741,-33.8688,151.2093,stable,1284090.4166666667,32.6
2021-01-01,Inner Sydney,Train,754228,-33.8688,151.2093,stable,1284090.4166666667,58.7
2021-02-01,Inner Sydney,Train,729019,-33.8688,151.2093,stable,1284090.4166666667,56.8
2021-03-01,Inner Sydney,Train,727173,-33.8688,151.2093,stable,1284090.4166666667,56.6
2021-04-01,Inner Sydney,Train,734830,-33.8688,151.2093,stable,1284090.4166666667,57.2
2021-05-01,Inner Sydney,Train,796417,-33.8688,151.2093,stable,1284090.4166666667,62.0
2021-06-01,Inner Sydney,Train,752855,-33.8688,151.2093,stable,1284090.4166666667,58.6
2021-07-01,Inner Sydney,Train,741351,-33.8688,151.2093,stable,1284090.4166666667,57.7
2021-08-01,Inner Sydney,Train,705322,-33.8688,151.2093,stable,1284090.4166666667,54.9
2021-09-01,Inner Sydney,Train,668356,-33.8688,151.2093,stable,1284090.4166666667,52.0
2021-10-01,Inner Sydney,Train,695145,-33.8688,151.2093,stable,1284090.4166666667,54.1
2021-11-01,Inner Sydney,Train,655763,-33.8688,151.2093,stable,1284090.4166666667,51.1
2021-12-01,Inner Sydney,Train,690686,-33.8688,151.2093,stable,1284090.4166666667,53.8
2022-01-01,Inner Sydney,Train,972998,-33.8688,151.2093,stable,1284090.4166666667,75.8
2022-02-01,Inner Sydney,Train,987284,-33.8688,151.2093,stable,1284090.4166666667,76.9
2022-03-01,Inner Sydney,Train,1044289,-33.8688,151.2093,stable,1284090.4166666667,81.3
2022-04-01,Inner Sydney,Train,1020263,-33.8688,151.2093,stable,1284090.4166666667,79.5
2022-05-01,Inner Sydney,Train,1025417,-33.8688,151.2093,stable,1284090.4166666667,79.9
2022-06-01,Inner Sydney,Train,920386,-33.8688,151.2093,stable,1284090.4166666667,71.7
2022-07-01,Inner Sydney,Train,905437,-33.8688,151.2093,stable,1284090.4166666667,70.5
2022-08-01,Inner Sydney,Train,875850,-33.8688,151.2093,stable,1284090.4166666667,68.2
2022-09-01,Inner Sydney,Train,827224,-33.8688,151.2093,stable,1284090.4166666667,64.4
2022-10-01,Inner Sydney,Train,833508,-33.8688,151.2093,stable,1284090.4166666667,64.9
2022-11-01,Inner Sydney,Train,829441,-33.8688,151.2093,stable,1284090.4166666667,64.6
2022-12-01,Inner Sydney,Train,874619,-33.8688,151.2093,stable,1284090.4166666667,68.1
2023-01-01,Inner Sydney,Train,1109780,-33.8688,151.2093,stable,1284090.4166666667,86.4
2023-02-01,Inner Sydney,Train,1117259,-33.8688,151.2093,stable,1284090.4166666667,87.0
2023-03-01,Inner Sydney,Train,1149465,-33.8688,151.2093,stable,1284090.4166666667,89.5
2023-04-01,Inner Sydney,Train,1138248,-33.8688,151.2093,stable,1284090.4166666667,88.6
2023-05-01,Inner Sydney,Train,1135005,-33.8688,151.2093,stable,1284090.4166666667,88.4
2023-06-01,Inner Sydney,Train,1195187,-33.8688,151.2093,stable,1284090.4166666667,93.1
2023-07-01,Inner Sydney,Train,1111398,-33.8688,151.2093,stable,1284090.4166666667,86.6
2023-08-01,Inner Sydney,Train,1062048,-33.8688,151.2093,stable,1284090.4166666667,82.7
2023-09-01,Inner Sydney,Train,976235,-33.8688,151.2093,stable,1284090.4166666667,76.0
2023-10-01,Inner Sydney,Train,1032262,-33.8688,151.2093,stable,1284090.4166666667,80.4
2023-11-01,Inner Sydney,Train,975292,-33.8688,151.2093,stable,1284090.4166666667,76.0
2023-12-01,Inner Sydney,Train,1033155,-33.8688,151.2093,stable,1284090.4166666667,80.5
2024-01-01,Inner Sydney,Train,1238729,-33.8688,151.2093,stable,1284090.4166666667,96.5
2024-02-01,Inner Sydney,Train,1237242,-33.8688,151.2093,stable,1284090.4166666667,96.4
2024-03-01,Inner Sydney,Train,1259609,-33.8688,151.2093,stable,1284090.4166666667,98.1
2024-04-01,Inner Sydney,Train,1291593,-33.8688,151.2093,stable,1284090.4166666667,100.6
2024-05-01,Inner Sydney,Train,1302531,-33.8688,151.2093,stable,1284090.4166666667,101.4
2024-06-01,Inner Sydney,Train,1257100,-33.8688,151.2093,stable,1284090.4166666667,97.9
2024-07-01,Inner Sydney,Train,1131958,-33.8688,151.2093,stable,1284090.4166666667,88.2
2024-08-01,Inner Sydney,Train,1060134,-33.8688,151.2093,stable,1284090.4166666667,82.6
2024-09-01,Inner Sydney,Train,1064824,-33.8688,151.2093,stable,1284090.4166666667,82.9
2024-10-01,Inner Sydney,Train,1046399,-33.8688,151.2093,stable,1284090.4166666667,81.5
2024-11-01,Inner Sydney,Train,1051173,-33.8688,151.2093,stable,1284090.4166666667,81.9
2024-12-01,Inner Sydney,Train,1182897,-33.8688,151.2093,stable,1284090.4166666667,92.1
2025-01-01,Inner Sydney,Train,1304364,-33.8688,151.2093,stable,1284090.4166666667,101.6
2025-02-01,Inner Sydney,Train,1269056,-33.8688,151.2093,stable,1284090.4166666667,98.8
2025-03-01,Inner Sydney,Train,1359355,-33.8688,151.2093,stable,1284090.4166666667,105.9
2025-04-01,Inner Sydney,Train,1330959,-33.8688,151.2093,stable,1284090.4166666667,103.6
2025-05-01,Inner Sydney,Train,1400847,-33.8688,151.2093,stable,1284090.4166666667,109.1
2025-06-01,Inner Sydney,Train,1291511,-33.8688,151.2093,stable,1284090.4166666667,100.6
2025-07-01,Inner Sydney,Train,1212788,-33.8688,151.2093,stable,1284090.4166666667,94.4
2025-08-01,Inner Sydney,Train,1161652,-33.8688,151.2093,stable,1284090.4166666667,90.5
2025-09-01,Inner Sydney,Train,1170089,-33.8688,151.2093,stable,1284090.4166666667,91.1
2025-10-01,Inner Sydney,Train,1115470,-33.8688,151.2093,stable,1284090.4166666667,86.9
2025-11-01,Inner Sydney,Train,1173325,-33.8688,151.2093,stable,1284090.4166666667,91.4
2025-12-01,Inner Sydney,Train,1255274,-33.8688,151.2093,stable,1284090.4166666667,97.8
2019-01-01,Inner Sydney,Bus,899014,-33.8688,151.2093,stable,897748.0,100.1
2019-02-01,Inner Sydney,Bus,914523,-33.8688,151.2093,stable,897748.0,101.9
2019-03-01,Inner Sydney,Bus,1031141,-33.8688,151.2093,stable,897748.0,114.9
2019-04-01,Inner Sydney,Bus,983923,-33.8688,151.2093,stable,897748.0,109.6
2019-05-01,Inner Sydney,Bus,925278,-33.8688,151.2093,stable,897748.0,103.1
2019-06-01,Inner Sydney,Bus,894966,-33.8688,151.2093,stable,897748.0,99.7
2019-07-01,Inner Sydney,Bus,867373,-33.8688,151.2093,stable,897748.0,96.6
2019-08-01,Inner Sydney,Bus,886960,-33.8688,151.2093,stable,897748.0,98.8
2019-09-01,Inner Sydney,Bus,876638,-33.8688,151.2093,stable,897748.0,97.6
2019-10-01,Inner Sydney,Bus,829379,-33.8688,151.2093,stable,897748.0,92.4
2019-11-01,Inner Sydney,Bus,802592,-33.8688,151.2093,stable,897748.0,89.4
2019-12-01,Inner Sydney,Bus,861189,-33.8688,151.2093,stable,897748.0,95.9
2020-01-01,Inner Sydney,Bus,964176,-33.8688,151.2093,stable,897748.0,107.4
2020-02-01,Inner Sydney,Bus,949706,-33.8688,151.2093,stable,897748.0,105.8
2020-03-01,Inner Sydney,Bus,359818,-33.8688,151.2093,stable,897748.0,40.1
2020-04-01,Inner Sydney,Bus,358872,-33.8688,151.2093,stable,897748.0,40.0
2020-05-01,Inner Sydney,Bus,320601,-33.8688,151.2093,stable,897748.0,35.7
2020-06-01,Inner Sydney,Bus,340013,-33.8688,151.2093,stable,897748.0,37.9
2020-07-01,Inner Sydney,Bus,325444,-33.8688,151.2093,stable,897748.0,36.3
2020-08-01,Inner Sydney,Bus,307116,-33.8688,151.2093,stable,897748.0,34.2
2020-09-01,Inner Sydney,Bus,288139,-33.8688,151.2093,stable,897748.0,32.1
2020-10-01,Inner Sydney,Bus,297976,-33.8688,151.2093,stable,897748.0,33.2
2020-11-01,Inner Sydney,Bus,282615,-33.8688,151.2093,stable,897748.0,31.5
2020-12-01,Inner Sydney,Bus,303366,-33.8688,151.2093,stable,897748.0,33.8
2021-01-01,Inner Sydney,Bus,497720,-33.8688,151.2093,stable,897748.0,55.4
2021-02-01,Inner Sydney,Bus,548866,-33.8688,151.2093,stable,897748.0,61.1
2021-03-01,Inner Sydney,Bus,559313,-33.8688,151.2093,stable,897748.0,62.3
2021-04-01,Inner Sydney,Bus,525192,-33.8688,151.2093,stable,897748.0,58.5
2021-05-01,Inner Sydney,Bus,535213,-33.8688,151.2093,stable,897748.0,59.6
2021-06-01,Inner Sydney,Bus,500447,-33.8688,151.2093,stable,897748.0,55.7
2021-07-01,Inner Sydney,Bus,525282,-33.8688,151.2093,stable,897748.0,58.5
2021-08-01,Inner Sydney,Bus,501843,-33.8688,151.2093,stable,897748.0,55.9
2021-09-01,Inner Sydney,Bus,454557,-33.8688,151.2093,stable,897748.0,50.6
2021-10-01,Inner Sydney,Bus,468137,-33.8688,151.2093,stable,897748.0,52.1
2021-11-01,Inner Sydney,Bus,471915,-33.8688,151.2093,stable,897748.0,52.6
2021-12-01,Inner Sydney,Bus,460463,-33.8688,151.2093,stable,897748.0,51.3
2022-01-01,Inner Sydney,Bus,675839,-33.8688,151.2093,stable,897748.0,75.3
2022-02-01,Inner Sydney,Bus,684627,-33.8688,151.2093,stable,897748.0,76.3
2022-03-01,Inner Sydney,Bus,724018,-33.8688,151.2093,stable,897748.0,80.6
2022-04-01,Inner Sydney,Bus,710193,-33.8688,151.2093,stable,897748.0,79.1
2022-05-01,Inner Sydney,Bus,658606,-33.8688,151.2093,stable,897748.0,73.4
2022-06-01,Inner Sydney,Bus,667029,-33.8688,151.2093,stable,897748.0,74.3
2022-07-01,Inner Sydney,Bus,617419,-33.8688,151.2093,stable,897748.0,68.8
2022-08-01,Inner Sydney,Bus,661379,-33.8688,151.2093,stable,897748.0,73.7
2022-09-01,Inner Sydney,Bus,637520,-33.8688,151.2093,stable,897748.0,71.0
2022-10-01,Inner Sydney,Bus,626774,-33.8688,151.2093,stable,897748.0,69.8
2022-11-01,Inner Sydney,Bus,595720,-33.8688,151.2093,stable,897748.0,66.4
2022-12-01,Inner Sydney,Bus,595624,-33.8688,151.2093,stable,897748.0,66.3
2023-01-01,Inner Sydney,Bus,799074,-33.8688,151.2093,stable,897748.0,89.0
2023-02-01,Inner Sydney,Bus,837613,-33.8688,151.2093,stable,897748.0,93.3
2023-03-01,Inner Sydney,Bus,776718,-33.8688,151.2093,stable,897748.0,86.5
2023-04-01,Inner Sydney,Bus,824164,-33.8688,151.2093,stable,897748.0,91.8
2023-05-01,Inner Sydney,Bus,775106,-33.8688,151.2093,stable,897748.0,86.3
2023-06-01,Inner Sydney,Bus,819836,-33.8688,151.2093,stable,897748.0,91.3
2023-07-01,Inner Sydney,Bus,788784,-33.8688,151.2093,stable,897748.0,87.9
2023-08-01,Inner Sydney,Bus,701100,-33.8688,151.2093,stable,897748.0,78.1
2023-09-01,Inner Sydney,Bus,709330,-33.8688,151.2093,stable,897748.0,79.0
2023-10-01,Inner Sydney,Bus,707450,-33.8688,151.2093,stable,897748.0,78.8
2023-11-01,Inner Sydney,Bus,691383,-33.8688,151.2093,stable,897748.0,77.0
2023-12-01,Inner Sydney,Bus,766620,-33.8688,151.2093,stable,897748.0,85.4
2024-01-01,Inner Sydney,Bus,811445,-33.8688,151.2093,stable,897748.0,90.4
2024-02-01,Inner Sydney,Bus,822302,-33.8688,151.2093,stable,897748.0,91.6
2024-03-01,Inner Sydney,Bus,879871,-33.8688,151.2093,stable,897748.0,98.0
2024-04-01,Inner Sydney,Bus,908925,-33.8688,151.2093,stable,897748.0,101.2
2024-05-01,Inner Sydney,Bus,844336,-33.8688,151.2093,stable,897748.0,94.1
2024-06-01,Inner Sydney,Bus,832515,-33.8688,151.2093,stable,897748.0,92.7
2024-07-01,Inner Sydney,Bus,937076,-33.8688,151.2093,synthetic allocation change from July 2024,897748.0,104.4
2024-08-01,Inner Sydney,Bus,864411,-33.8688,151.2093,synthetic allocation change from July 2024,897748.0,96.3
2024-09-01,Inner Sydney,Bus,817123,-33.8688,151.2093,synthetic allocation change from July 2024,897748.0,91.0
2024-10-01,Inner Sydney,Bus,815474,-33.8688,151.2093,synthetic allocation change from July 2024,897748.0,90.8
2024-11-01,Inner Sydney,Bus,785798,-33.8688,151.2093,synthetic allocation change from July 2024,897748.0,87.5
2024-12-01,Inner Sydney,Bus,821086,-33.8688,151.2093,synthetic allocation change from July 2024,897748.0,91.5
2025-01-01,Inner Sydney,Bus,925156,-33.8688,151.2093,synthetic allocation change from July 2024,897748.0,103.1
2025-02-01,Inner Sydney,Bus,991625,-33.8688,151.2093,synthetic allocation change from July 2024,897748.0,110.5
2025-03-01,Inner Sydney,Bus,976181,-33.8688,151.2093,synthetic allocation change from July 2024,897748.0,108.7
2025-04-01,Inner Sydney,Bus,984756,-33.8688,151.2093,synthetic allocation change from July 2024,897748.0,109.7
2025-05-01,Inner Sydney,Bus,956918,-33.8688,151.2093,synthetic allocation change from July 2024,897748.0,106.6
2025-06-01,Inner Sydney,Bus,996664,-33.8688,151.2093,synthetic allocation change from July 2024,897748.0,111.0
2025-07-01,Inner Sydney,Bus,912799,-33.8688,151.2093,synthetic allocation change from July 2024,897748.0,101.7
2025-08-01,Inner Sydney,Bus,949813,-33.8688,151.2093,synthetic allocation change from July 2024,897748.0,105.8
2025-09-01,Inner Sydney,Bus,916017,-33.8688,151.2093,synthetic allocation change from July 2024,897748.0,102.0
2025-10-01,Inner Sydney,Bus,823309,-33.8688,151.2093,synthetic allocation change from July 2024,897748.0,91.7
2025-11-01,Inner Sydney,Bus,850513,-33.8688,151.2093,synthetic allocation change from July 2024,897748.0,94.7
2025-12-01,Inner Sydney,Bus,924114,-33.8688,151.2093,synthetic allocation change from July 2024,897748.0,102.9
2019-01-01,Inner Sydney,Ferry,112987,-33.8688,151.2093,stable,116543.16666666667,96.9
2019-02-01,Inner Sydney,Ferry,116311,-33.8688,151.2093,stable,116543.16666666667,99.8
2019-03-01,Inner Sydney,Ferry,131644,-33.8688,151.2093,stable,116543.16666666667,113.0
2019-04-01,Inner Sydney,Ferry,127437,-33.8688,151.2093,stable,116543.16666666667,109.3
2019-05-01,Inner Sydney,Ferry,124695,-33.8688,151.2093,stable,116543.16666666667,107.0
2019-06-01,Inner Sydney,Ferry,125835,-33.8688,151.2093,stable,116543.16666666667,108.0
2019-07-01,Inner Sydney,Ferry,121317,-33.8688,151.2093,stable,116543.16666666667,104.1
2019-08-01,Inner Sydney,Ferry,108147,-33.8688,151.2093,stable,116543.16666666667,92.8
2019-09-01,Inner Sydney,Ferry,103626,-33.8688,151.2093,stable,116543.16666666667,88.9
2019-10-01,Inner Sydney,Ferry,106749,-33.8688,151.2093,stable,116543.16666666667,91.6
2019-11-01,Inner Sydney,Ferry,107895,-33.8688,151.2093,stable,116543.16666666667,92.6
2019-12-01,Inner Sydney,Ferry,111875,-33.8688,151.2093,stable,116543.16666666667,96.0
2020-01-01,Inner Sydney,Ferry,120216,-33.8688,151.2093,stable,116543.16666666667,103.2
2020-02-01,Inner Sydney,Ferry,124211,-33.8688,151.2093,stable,116543.16666666667,106.6
2020-03-01,Inner Sydney,Ferry,46331,-33.8688,151.2093,stable,116543.16666666667,39.8
2020-04-01,Inner Sydney,Ferry,42094,-33.8688,151.2093,stable,116543.16666666667,36.1
2020-05-01,Inner Sydney,Ferry,43275,-33.8688,151.2093,stable,116543.16666666667,37.1
2020-06-01,Inner Sydney,Ferry,41766,-33.8688,151.2093,stable,116543.16666666667,35.8
2020-07-01,Inner Sydney,Ferry,42727,-33.8688,151.2093,stable,116543.16666666667,36.7
2020-08-01,Inner Sydney,Ferry,38126,-33.8688,151.2093,stable,116543.16666666667,32.7
2020-09-01,Inner Sydney,Ferry,36696,-33.8688,151.2093,stable,116543.16666666667,31.5
2020-10-01,Inner Sydney,Ferry,37441,-33.8688,151.2093,stable,116543.16666666667,32.1
2020-11-01,Inner Sydney,Ferry,37755,-33.8688,151.2093,stable,116543.16666666667,32.4
2020-12-01,Inner Sydney,Ferry,38267,-33.8688,151.2093,stable,116543.16666666667,32.8
2021-01-01,Inner Sydney,Ferry,62418,-33.8688,151.2093,stable,116543.16666666667,53.6
2021-02-01,Inner Sydney,Ferry,70323,-33.8688,151.2093,stable,116543.16666666667,60.3
2021-03-01,Inner Sydney,Ferry,68338,-33.8688,151.2093,stable,116543.16666666667,58.6
2021-04-01,Inner Sydney,Ferry,72511,-33.8688,151.2093,stable,116543.16666666667,62.2
2021-05-01,Inner Sydney,Ferry,69223,-33.8688,151.2093,stable,116543.16666666667,59.4
2021-06-01,Inner Sydney,Ferry,63314,-33.8688,151.2093,stable,116543.16666666667,54.3
2021-07-01,Inner Sydney,Ferry,68205,-33.8688,151.2093,stable,116543.16666666667,58.5
2021-08-01,Inner Sydney,Ferry,64267,-33.8688,151.2093,stable,116543.16666666667,55.1
2021-09-01,Inner Sydney,Ferry,63262,-33.8688,151.2093,stable,116543.16666666667,54.3
2021-10-01,Inner Sydney,Ferry,62231,-33.8688,151.2093,stable,116543.16666666667,53.4
2021-11-01,Inner Sydney,Ferry,62397,-33.8688,151.2093,stable,116543.16666666667,53.5
2021-12-01,Inner Sydney,Ferry,59302,-33.8688,151.2093,stable,116543.16666666667,50.9
2022-01-01,Inner Sydney,Ferry,84094,-33.8688,151.2093,stable,116543.16666666667,72.2
2022-02-01,Inner Sydney,Ferry,84600,-33.8688,151.2093,stable,116543.16666666667,72.6
2022-03-01,Inner Sydney,Ferry,89006,-33.8688,151.2093,stable,116543.16666666667,76.4
2022-04-01,Inner Sydney,Ferry,86160,-33.8688,151.2093,stable,116543.16666666667,73.9
2022-05-01,Inner Sydney,Ferry,88768,-33.8688,151.2093,stable,116543.16666666667,76.2
2022-06-01,Inner Sydney,Ferry,92711,-33.8688,151.2093,stable,116543.16666666667,79.6
2022-07-01,Inner Sydney,Ferry,81866,-33.8688,151.2093,stable,116543.16666666667,70.2
2022-08-01,Inner Sydney,Ferry,83627,-33.8688,151.2093,stable,116543.16666666667,71.8
2022-09-01,Inner Sydney,Ferry,77980,-33.8688,151.2093,stable,116543.16666666667,66.9
2022-10-01,Inner Sydney,Ferry,76784,-33.8688,151.2093,stable,116543.16666666667,65.9
2022-11-01,Inner Sydney,Ferry,82706,-33.8688,151.2093,stable,116543.16666666667,71.0
2022-12-01,Inner Sydney,Ferry,85678,-33.8688,151.2093,stable,116543.16666666667,73.5
2023-01-01,Inner Sydney,Ferry,98937,-33.8688,151.2093,stable,116543.16666666667,84.9
2023-02-01,Inner Sydney,Ferry,104890,-33.8688,151.2093,stable,116543.16666666667,90.0
2023-03-01,Inner Sydney,Ferry,100735,-33.8688,151.2093,stable,116543.16666666667,86.4
2023-04-01,Inner Sydney,Ferry,103553,-33.8688,151.2093,stable,116543.16666666667,88.9
2023-05-01,Inner Sydney,Ferry,110999,-33.8688,151.2093,stable,116543.16666666667,95.2
2023-06-01,Inner Sydney,Ferry,103182,-33.8688,151.2093,stable,116543.16666666667,88.5
2023-07-01,Inner Sydney,Ferry,98777,-33.8688,151.2093,stable,116543.16666666667,84.8
2023-08-01,Inner Sydney,Ferry,97156,-33.8688,151.2093,stable,116543.16666666667,83.4
2023-09-01,Inner Sydney,Ferry,86610,-33.8688,151.2093,stable,116543.16666666667,74.3
2023-10-01,Inner Sydney,Ferry,91330,-33.8688,151.2093,stable,116543.16666666667,78.4
2023-11-01,Inner Sydney,Ferry,91502,-33.8688,151.2093,stable,116543.16666666667,78.5
2023-12-01,Inner Sydney,Ferry,98342,-33.8688,151.2093,stable,116543.16666666667,84.4
2024-01-01,Inner Sydney,Ferry,100971,-33.8688,151.2093,stable,116543.16666666667,86.6
2024-02-01,Inner Sydney,Ferry,115567,-33.8688,151.2093,stable,116543.16666666667,99.2
2024-03-01,Inner Sydney,Ferry,106922,-33.8688,151.2093,stable,116543.16666666667,91.7
2024-04-01,Inner Sydney,Ferry,109436,-33.8688,151.2093,stable,116543.16666666667,93.9
2024-05-01,Inner Sydney,Ferry,113879,-33.8688,151.2093,stable,116543.16666666667,97.7
2024-06-01,Inner Sydney,Ferry,111814,-33.8688,151.2093,stable,116543.16666666667,95.9
2024-07-01,Inner Sydney,Ferry,101954,-33.8688,151.2093,stable,116543.16666666667,87.5
2024-08-01,Inner Sydney,Ferry,96477,-33.8688,151.2093,stable,116543.16666666667,82.8
2024-09-01,Inner Sydney,Ferry,102594,-33.8688,151.2093,stable,116543.16666666667,88.0
2024-10-01,Inner Sydney,Ferry,93925,-33.8688,151.2093,stable,116543.16666666667,80.6
2024-11-01,Inner Sydney,Ferry,99116,-33.8688,151.2093,stable,116543.16666666667,85.0
2024-12-01,Inner Sydney,Ferry,102536,-33.8688,151.2093,stable,116543.16666666667,88.0
2025-01-01,Inner Sydney,Ferry,111231,-33.8688,151.2093,stable,116543.16666666667,95.4
2025-02-01,Inner Sydney,Ferry,117985,-33.8688,151.2093,stable,116543.16666666667,101.2
2025-03-01,Inner Sydney,Ferry,120430,-33.8688,151.2093,stable,116543.16666666667,103.3
2025-04-01,Inner Sydney,Ferry,127633,-33.8688,151.2093,stable,116543.16666666667,109.5
2025-05-01,Inner Sydney,Ferry,115839,-33.8688,151.2093,stable,116543.16666666667,99.4
2025-06-01,Inner Sydney,Ferry,119843,-33.8688,151.2093,stable,116543.16666666667,102.8
2025-07-01,Inner Sydney,Ferry,108797,-33.8688,151.2093,stable,116543.16666666667,93.4
2025-08-01,Inner Sydney,Ferry,106478,-33.8688,151.2093,stable,116543.16666666667,91.4
2025-09-01,Inner Sydney,Ferry,106692,-33.8688,151.2093,stable,116543.16666666667,91.5
2025-10-01,Inner Sydney,Ferry,100854,-33.8688,151.2093,stable,116543.16666666667,86.5
2025-11-01,Inner Sydney,Ferry,102232,-33.8688,151.2093,stable,116543.16666666667,87.7
2025-12-01,Inner Sydney,Ferry,111086,-33.8688,151.2093,stable,116543.16666666667,95.3
2019-01-01,Inner Sydney,Light rail,147998,-33.8688,151.2093,stable,156432.83333333334,94.6
2019-02-01,Inner Sydney,Light rail,161427,-33.8688,151.2093,stable,156432.83333333334,103.2
2019-03-01,Inner Sydney,Light rail,176785,-33.8688,151.2093,stable,156432.83333333334,113.0
2019-04-01,Inner Sydney,Light rail,178509,-33.8688,151.2093,stable,156432.83333333334,114.1
2019-05-01,Inner Sydney,Light rail,158265,-33.8688,151.2093,stable,156432.83333333334,101.2
2019-06-01,Inner Sydney,Light rail,156655,-33.8688,151.2093,stable,156432.83333333334,100.1
2019-07-01,Inner Sydney,Light rail,151604,-33.8688,151.2093,stable,156432.83333333334,96.9
2019-08-01,Inner Sydney,Light rail,157546,-33.8688,151.2093,stable,156432.83333333334,100.7
2019-09-01,Inner Sydney,Light rail,151827,-33.8688,151.2093,stable,156432.83333333334,97.1
2019-10-01,Inner Sydney,Light rail,150051,-33.8688,151.2093,stable,156432.83333333334,95.9
2019-11-01,Inner Sydney,Light rail,142918,-33.8688,151.2093,stable,156432.83333333334,91.4
2019-12-01,Inner Sydney,Light rail,143609,-33.8688,151.2093,stable,156432.83333333334,91.8
2020-01-01,Inner Sydney,Light rail,162247,-33.8688,151.2093,stable,156432.83333333334,103.7
2020-02-01,Inner Sydney,Light rail,166202,-33.8688,151.2093,stable,156432.83333333334,106.2
2020-03-01,Inner Sydney,Light rail,59165,-33.8688,151.2093,stable,156432.83333333334,37.8
2020-04-01,Inner Sydney,Light rail,62415,-33.8688,151.2093,stable,156432.83333333334,39.9
2020-05-01,Inner Sydney,Light rail,59461,-33.8688,151.2093,stable,156432.83333333334,38.0
2020-06-01,Inner Sydney,Light rail,53430,-33.8688,151.2093,stable,156432.83333333334,34.2
2020-07-01,Inner Sydney,Light rail,56677,-33.8688,151.2093,stable,156432.83333333334,36.2
2020-08-01,Inner Sydney,Light rail,51154,-33.8688,151.2093,stable,156432.83333333334,32.7
2020-09-01,Inner Sydney,Light rail,51813,-33.8688,151.2093,stable,156432.83333333334,33.1
2020-10-01,Inner Sydney,Light rail,52877,-33.8688,151.2093,stable,156432.83333333334,33.8
2020-11-01,Inner Sydney,Light rail,48587,-33.8688,151.2093,stable,156432.83333333334,31.1
2020-12-01,Inner Sydney,Light rail,49997,-33.8688,151.2093,stable,156432.83333333334,32.0
2021-01-01,Inner Sydney,Light rail,81754,-33.8688,151.2093,stable,156432.83333333334,52.3
2021-02-01,Inner Sydney,Light rail,89801,-33.8688,151.2093,stable,156432.83333333334,57.4
2021-03-01,Inner Sydney,Light rail,89238,-33.8688,151.2093,stable,156432.83333333334,57.0
2021-04-01,Inner Sydney,Light rail,93829,-33.8688,151.2093,stable,156432.83333333334,60.0
2021-05-01,Inner Sydney,Light rail,94140,-33.8688,151.2093,stable,156432.83333333334,60.2
2021-06-01,Inner Sydney,Light rail,86058,-33.8688,151.2093,stable,156432.83333333334,55.0
2021-07-01,Inner Sydney,Light rail,87182,-33.8688,151.2093,stable,156432.83333333334,55.7
2021-08-01,Inner Sydney,Light rail,80035,-33.8688,151.2093,stable,156432.83333333334,51.2
2021-09-01,Inner Sydney,Light rail,79745,-33.8688,151.2093,stable,156432.83333333334,51.0
2021-10-01,Inner Sydney,Light rail,82775,-33.8688,151.2093,stable,156432.83333333334,52.9
2021-11-01,Inner Sydney,Light rail,83172,-33.8688,151.2093,stable,156432.83333333334,53.2
2021-12-01,Inner Sydney,Light rail,78338,-33.8688,151.2093,stable,156432.83333333334,50.1
2022-01-01,Inner Sydney,Light rail,111289,-33.8688,151.2093,stable,156432.83333333334,71.1
2022-02-01,Inner Sydney,Light rail,113682,-33.8688,151.2093,stable,156432.83333333334,72.7
2022-03-01,Inner Sydney,Light rail,112946,-33.8688,151.2093,stable,156432.83333333334,72.2
2022-04-01,Inner Sydney,Light rail,125252,-33.8688,151.2093,stable,156432.83333333334,80.1
2022-05-01,Inner Sydney,Light rail,122077,-33.8688,151.2093,stable,156432.83333333334,78.0
2022-06-01,Inner Sydney,Light rail,113475,-33.8688,151.2093,stable,156432.83333333334,72.5
2022-07-01,Inner Sydney,Light rail,115571,-33.8688,151.2093,stable,156432.83333333334,73.9
2022-08-01,Inner Sydney,Light rail,108495,-33.8688,151.2093,stable,156432.83333333334,69.4
2022-09-01,Inner Sydney,Light rail,103631,-33.8688,151.2093,stable,156432.83333333334,66.2
2022-10-01,Inner Sydney,Light rail,97254,-33.8688,151.2093,stable,156432.83333333334,62.2
2022-11-01,Inner Sydney,Light rail,99209,-33.8688,151.2093,stable,156432.83333333334,63.4
2022-12-01,Inner Sydney,Light rail,112784,-33.8688,151.2093,stable,156432.83333333334,72.1
2023-01-01,Inner Sydney,Light rail,137391,-33.8688,151.2093,stable,156432.83333333334,87.8
2023-02-01,Inner Sydney,Light rail,137027,-33.8688,151.2093,stable,156432.83333333334,87.6
2023-03-01,Inner Sydney,Light rail,145744,-33.8688,151.2093,stable,156432.83333333334,93.2
2023-04-01,Inner Sydney,Light rail,142924,-33.8688,151.2093,stable,156432.83333333334,91.4
2023-05-01,Inner Sydney,Light rail,134201,-33.8688,151.2093,stable,156432.83333333334,85.8
2023-06-01,Inner Sydney,Light rail,130188,-33.8688,151.2093,stable,156432.83333333334,83.2
2023-07-01,Inner Sydney,Light rail,128024,-33.8688,151.2093,stable,156432.83333333334,81.8
2023-08-01,Inner Sydney,Light rail,131821,-33.8688,151.2093,stable,156432.83333333334,84.3
2023-09-01,Inner Sydney,Light rail,126295,-33.8688,151.2093,stable,156432.83333333334,80.7
2023-10-01,Inner Sydney,Light rail,125775,-33.8688,151.2093,stable,156432.83333333334,80.4
2023-11-01,Inner Sydney,Light rail,127799,-33.8688,151.2093,stable,156432.83333333334,81.7
2023-12-01,Inner Sydney,Light rail,121421,-33.8688,151.2093,stable,156432.83333333334,77.6
2024-01-01,Inner Sydney,Light rail,136180,-33.8688,151.2093,stable,156432.83333333334,87.1
2024-02-01,Inner Sydney,Light rail,139056,-33.8688,151.2093,stable,156432.83333333334,88.9
2024-03-01,Inner Sydney,Light rail,155173,-33.8688,151.2093,stable,156432.83333333334,99.2
2024-04-01,Inner Sydney,Light rail,158621,-33.8688,151.2093,stable,156432.83333333334,101.4
2024-05-01,Inner Sydney,Light rail,148440,-33.8688,151.2093,stable,156432.83333333334,94.9
2024-06-01,Inner Sydney,Light rail,148130,-33.8688,151.2093,stable,156432.83333333334,94.7
2024-07-01,Inner Sydney,Light rail,145346,-33.8688,151.2093,synthetic allocation change from July 2024,156432.83333333334,92.9
2024-08-01,Inner Sydney,Light rail,153075,-33.8688,151.2093,synthetic allocation change from July 2024,156432.83333333334,97.9
2024-09-01,Inner Sydney,Light rail,147301,-33.8688,151.2093,synthetic allocation change from July 2024,156432.83333333334,94.2
2024-10-01,Inner Sydney,Light rail,147473,-33.8688,151.2093,synthetic allocation change from July 2024,156432.83333333334,94.3
2024-11-01,Inner Sydney,Light rail,146389,-33.8688,151.2093,synthetic allocation change from July 2024,156432.83333333334,93.6
2024-12-01,Inner Sydney,Light rail,152229,-33.8688,151.2093,synthetic allocation change from July 2024,156432.83333333334,97.3
2025-01-01,Inner Sydney,Light rail,152517,-33.8688,151.2093,synthetic allocation change from July 2024,156432.83333333334,97.5
2025-02-01,Inner Sydney,Light rail,172985,-33.8688,151.2093,synthetic allocation change from July 2024,156432.83333333334,110.6
2025-03-01,Inner Sydney,Light rail,169463,-33.8688,151.2093,synthetic allocation change from July 2024,156432.83333333334,108.3
2025-04-01,Inner Sydney,Light rail,183710,-33.8688,151.2093,synthetic allocation change from July 2024,156432.83333333334,117.4
2025-05-01,Inner Sydney,Light rail,179218,-33.8688,151.2093,synthetic allocation change from July 2024,156432.83333333334,114.6
2025-06-01,Inner Sydney,Light rail,175559,-33.8688,151.2093,synthetic allocation change from July 2024,156432.83333333334,112.2
2025-07-01,Inner Sydney,Light rail,167772,-33.8688,151.2093,synthetic allocation change from July 2024,156432.83333333334,107.2
2025-08-01,Inner Sydney,Light rail,150926,-33.8688,151.2093,synthetic allocation change from July 2024,156432.83333333334,96.5
2025-09-01,Inner Sydney,Light rail,155726,-33.8688,151.2093,synthetic allocation change from July 2024,156432.83333333334,99.5
2025-10-01,Inner Sydney,Light rail,141803,-33.8688,151.2093,synthetic allocation change from July 2024,156432.83333333334,90.6
2025-11-01,Inner Sydney,Light rail,157257,-33.8688,151.2093,synthetic allocation change from July 2024,156432.83333333334,100.5
2025-12-01,Inner Sydney,Light rail,161952,-33.8688,151.2093,synthetic allocation change from July 2024,156432.83333333334,103.5
2019-01-01,Western Sydney,Train,1063361,-33.815,150.998,stable,1094040.75,97.2
2019-02-01,Western Sydney,Train,1187461,-33.815,150.998,stable,1094040.75,108.5
2019-03-01,Western Sydney,Train,1170607,-33.815,150.998,stable,1094040.75,107.0
2019-04-01,Western Sydney,Train,1160228,-33.815,150.998,stable,1094040.75,106.0
2019-05-01,Western Sydney,Train,1217896,-33.815,150.998,stable,1094040.75,111.3
2019-06-01,Western Sydney,Train,1106604,-33.815,150.998,stable,1094040.75,101.1
2019-07-01,Western Sydney,Train,1037123,-33.815,150.998,stable,1094040.75,94.8
2019-08-01,Western Sydney,Train,1017113,-33.815,150.998,stable,1094040.75,93.0
2019-09-01,Western Sydney,Train,1002690,-33.815,150.998,stable,1094040.75,91.7
2019-10-01,Western Sydney,Train,1056247,-33.815,150.998,stable,1094040.75,96.5
2019-11-01,Western Sydney,Train,1081149,-33.815,150.998,stable,1094040.75,98.8
2019-12-01,Western Sydney,Train,1028010,-33.815,150.998,stable,1094040.75,94.0
2020-01-01,Western Sydney,Train,1118675,-33.815,150.998,stable,1094040.75,102.3
2020-02-01,Western Sydney,Train,1130227,-33.815,150.998,stable,1094040.75,103.3
2020-03-01,Western Sydney,Train,435442,-33.815,150.998,stable,1094040.75,39.8
2020-04-01,Western Sydney,Train,417607,-33.815,150.998,stable,1094040.75,38.2
2020-05-01,Western Sydney,Train,433372,-33.815,150.998,stable,1094040.75,39.6
2020-06-01,Western Sydney,Train,381917,-33.815,150.998,stable,1094040.75,34.9
2020-07-01,Western Sydney,Train,406732,-33.815,150.998,stable,1094040.75,37.2
2020-08-01,Western Sydney,Train,355343,-33.815,150.998,stable,1094040.75,32.5
2020-09-01,Western Sydney,Train,378215,-33.815,150.998,stable,1094040.75,34.6
2020-10-01,Western Sydney,Train,344231,-33.815,150.998,stable,1094040.75,31.5
2020-11-01,Western Sydney,Train,341488,-33.815,150.998,stable,1094040.75,31.2
2020-12-01,Western Sydney,Train,366697,-33.815,150.998,stable,1094040.75,33.5
2021-01-01,Western Sydney,Train,621592,-33.815,150.998,stable,1094040.75,56.8
2021-02-01,Western Sydney,Train,615131,-33.815,150.998,stable,1094040.75,56.2
2021-03-01,Western Sydney,Train,655160,-33.815,150.998,stable,1094040.75,59.9
2021-04-01,Western Sydney,Train,654295,-33.815,150.998,stable,1094040.75,59.8
2021-05-01,Western Sydney,Train,638003,-33.815,150.998,stable,1094040.75,58.3
2021-06-01,Western Sydney,Train,634982,-33.815,150.998,stable,1094040.75,58.0
2021-07-01,Western Sydney,Train,587192,-33.815,150.998,stable,1094040.75,53.7
2021-08-01,Western Sydney,Train,595351,-33.815,150.998,stable,1094040.75,54.4
2021-09-01,Western Sydney,Train,529413,-33.815,150.998,stable,1094040.75,48.4
2021-10-01,Western Sydney,Train,585025,-33.815,150.998,stable,1094040.75,53.5
2021-11-01,Western Sydney,Train,565682,-33.815,150.998,stable,1094040.75,51.7
2021-12-01,Western Sydney,Train,596093,-33.815,150.998,stable,1094040.75,54.5
2022-01-01,Western Sydney,Train,814994,-33.815,150.998,stable,1094040.75,74.5
2022-02-01,Western Sydney,Train,840545,-33.815,150.998,stable,1094040.75,76.8
2022-03-01,Western Sydney,Train,833072,-33.815,150.998,stable,1094040.75,76.1
2022-04-01,Western Sydney,Train,811220,-33.815,150.998,stable,1094040.75,74.1
2022-05-01,Western Sydney,Train,863561,-33.815,150.998,stable,1094040.75,78.9
2022-06-01,Western Sydney,Train,806896,-33.815,150.998,stable,1094040.75,73.8
2022-07-01,Western Sydney,Train,774314,-33.815,150.998,stable,1094040.75,70.8
2022-08-01,Western Sydney,Train,792072,-33.815,150.998,stable,1094040.75,72.4
2022-09-01,Western Sydney,Train,756567,-33.815,150.998,stable,1094040.75,69.2
2022-10-01,Western Sydney,Train,711180,-33.815,150.998,stable,1094040.75,65.0
2022-11-01,Western Sydney,Train,720258,-33.815,150.998,stable,1094040.75,65.8
2022-12-01,Western Sydney,Train,751961,-33.815,150.998,stable,1094040.75,68.7
2023-01-01,Western Sydney,Train,913178,-33.815,150.998,stable,1094040.75,83.5
2023-02-01,Western Sydney,Train,937395,-33.815,150.998,stable,1094040.75,85.7
2023-03-01,Western Sydney,Train,943827,-33.815,150.998,stable,1094040.75,86.3
2023-04-01,Western Sydney,Train,988393,-33.815,150.998,stable,1094040.75,90.3
2023-05-01,Western Sydney,Train,1040226,-33.815,150.998,stable,1094040.75,95.1
2023-06-01,Western Sydney,Train,981407,-33.815,150.998,stable,1094040.75,89.7
2023-07-01,Western Sydney,Train,968663,-33.815,150.998,stable,1094040.75,88.5
2023-08-01,Western Sydney,Train,899335,-33.815,150.998,stable,1094040.75,82.2
2023-09-01,Western Sydney,Train,839441,-33.815,150.998,stable,1094040.75,76.7
2023-10-01,Western Sydney,Train,854970,-33.815,150.998,stable,1094040.75,78.1
2023-11-01,Western Sydney,Train,808426,-33.815,150.998,stable,1094040.75,73.9
2023-12-01,Western Sydney,Train,864358,-33.815,150.998,stable,1094040.75,79.0
2024-01-01,Western Sydney,Train,981670,-33.815,150.998,stable,1094040.75,89.7
2024-02-01,Western Sydney,Train,1039482,-33.815,150.998,stable,1094040.75,95.0
2024-03-01,Western Sydney,Train,1078241,-33.815,150.998,stable,1094040.75,98.6
2024-04-01,Western Sydney,Train,1064707,-33.815,150.998,stable,1094040.75,97.3
2024-05-01,Western Sydney,Train,1051241,-33.815,150.998,stable,1094040.75,96.1
2024-06-01,Western Sydney,Train,994227,-33.815,150.998,stable,1094040.75,90.9
2024-07-01,Western Sydney,Train,986814,-33.815,150.998,stable,1094040.75,90.2
2024-08-01,Western Sydney,Train,996153,-33.815,150.998,stable,1094040.75,91.1
2024-09-01,Western Sydney,Train,954142,-33.815,150.998,stable,1094040.75,87.2
2024-10-01,Western Sydney,Train,874698,-33.815,150.998,stable,1094040.75,80.0
2024-11-01,Western Sydney,Train,875501,-33.815,150.998,stable,1094040.75,80.0
2024-12-01,Western Sydney,Train,952162,-33.815,150.998,stable,1094040.75,87.0
2025-01-01,Western Sydney,Train,1072846,-33.815,150.998,stable,1094040.75,98.1
2025-02-01,Western Sydney,Train,1076519,-33.815,150.998,stable,1094040.75,98.4
2025-03-01,Western Sydney,Train,1172308,-33.815,150.998,stable,1094040.75,107.2
2025-04-01,Western Sydney,Train,1174850,-33.815,150.998,stable,1094040.75,107.4
2025-05-01,Western Sydney,Train,1152575,-33.815,150.998,stable,1094040.75,105.4
2025-06-01,Western Sydney,Train,1061950,-33.815,150.998,stable,1094040.75,97.1
2025-07-01,Western Sydney,Train,1017873,-33.815,150.998,stable,1094040.75,93.0
2025-08-01,Western Sydney,Train,955905,-33.815,150.998,stable,1094040.75,87.4
2025-09-01,Western Sydney,Train,952744,-33.815,150.998,stable,1094040.75,87.1
2025-10-01,Western Sydney,Train,968621,-33.815,150.998,stable,1094040.75,88.5
2025-11-01,Western Sydney,Train,1024086,-33.815,150.998,stable,1094040.75,93.6
2025-12-01,Western Sydney,Train,961794,-33.815,150.998,stable,1094040.75,87.9
2019-01-01,Western Sydney,Bus,762094,-33.815,150.998,stable,765285.75,99.6
2019-02-01,Western Sydney,Bus,813269,-33.815,150.998,stable,765285.75,106.3
2019-03-01,Western Sydney,Bus,793156,-33.815,150.998,stable,765285.75,103.6
2019-04-01,Western Sydney,Bus,851194,-33.815,150.998,stable,765285.75,111.2
2019-05-01,Western Sydney,Bus,822791,-33.815,150.998,stable,765285.75,107.5
2019-06-01,Western Sydney,Bus,776197,-33.815,150.998,stable,765285.75,101.4
2019-07-01,Western Sydney,Bus,784419,-33.815,150.998,stable,765285.75,102.5
2019-08-01,Western Sydney,Bus,695339,-33.815,150.998,stable,765285.75,90.9
2019-09-01,Western Sydney,Bus,738235,-33.815,150.998,stable,765285.75,96.5
2019-10-01,Western Sydney,Bus,731356,-33.815,150.998,stable,765285.75,95.6
2019-11-01,Western Sydney,Bus,682819,-33.815,150.998,stable,765285.75,89.2
2019-12-01,Western Sydney,Bus,732560,-33.815,150.998,stable,765285.75,95.7
2020-01-01,Western Sydney,Bus,740051,-33.815,150.998,stable,765285.75,96.7
2020-02-01,Western Sydney,Bus,844808,-33.815,150.998,stable,765285.75,110.4
2020-03-01,Western Sydney,Bus,288792,-33.815,150.998,stable,765285.75,37.7
2020-04-01,Western Sydney,Bus,275350,-33.815,150.998,stable,765285.75,36.0
2020-05-01,Western Sydney,Bus,279498,-33.815,150.998,stable,765285.75,36.5
2020-06-01,Western Sydney,Bus,291995,-33.815,150.998,stable,765285.75,38.2
2020-07-01,Western Sydney,Bus,268091,-33.815,150.998,stable,765285.75,35.0
2020-08-01,Western Sydney,Bus,268077,-33.815,150.998,stable,765285.75,35.0
2020-09-01,Western Sydney,Bus,255872,-33.815,150.998,stable,765285.75,33.4
2020-10-01,Western Sydney,Bus,262456,-33.815,150.998,stable,765285.75,34.3
2020-11-01,Western Sydney,Bus,253701,-33.815,150.998,stable,765285.75,33.2
2020-12-01,Western Sydney,Bus,272692,-33.815,150.998,stable,765285.75,35.6
2021-01-01,Western Sydney,Bus,443392,-33.815,150.998,stable,765285.75,57.9
2021-02-01,Western Sydney,Bus,446393,-33.815,150.998,stable,765285.75,58.3
2021-03-01,Western Sydney,Bus,464756,-33.815,150.998,stable,765285.75,60.7
2021-04-01,Western Sydney,Bus,457642,-33.815,150.998,stable,765285.75,59.8
2021-05-01,Western Sydney,Bus,470804,-33.815,150.998,stable,765285.75,61.5
2021-06-01,Western Sydney,Bus,442970,-33.815,150.998,stable,765285.75,57.9
2021-07-01,Western Sydney,Bus,443686,-33.815,150.998,stable,765285.75,58.0
2021-08-01,Western Sydney,Bus,418447,-33.815,150.998,stable,765285.75,54.7
2021-09-01,Western Sydney,Bus,392961,-33.815,150.998,stable,765285.75,51.3
2021-10-01,Western Sydney,Bus,378361,-33.815,150.998,stable,765285.75,49.4
2021-11-01,Western Sydney,Bus,382203,-33.815,150.998,stable,765285.75,49.9
2021-12-01,Western Sydney,Bus,413276,-33.815,150.998,stable,765285.75,54.0
2022-01-01,Western Sydney,Bus,572084,-33.815,150.998,stable,765285.75,74.8
2022-02-01,Western Sydney,Bus,578049,-33.815,150.998,stable,765285.75,75.5
2022-03-01,Western Sydney,Bus,601826,-33.815,150.998,stable,765285.75,78.6
2022-04-01,Western Sydney,Bus,582556,-33.815,150.998,stable,765285.75,76.1
2022-05-01,Western Sydney,Bus,562753,-33.815,150.998,stable,765285.75,73.5
2022-06-01,Western Sydney,Bus,561750,-33.815,150.998,stable,765285.75,73.4
2022-07-01,Western Sydney,Bus,539212,-33.815,150.998,stable,765285.75,70.5
2022-08-01,Western Sydney,Bus,520709,-33.815,150.998,stable,765285.75,68.0
2022-09-01,Western Sydney,Bus,518476,-33.815,150.998,stable,765285.75,67.7
2022-10-01,Western Sydney,Bus,487914,-33.815,150.998,stable,765285.75,63.8
2022-11-01,Western Sydney,Bus,499350,-33.815,150.998,stable,765285.75,65.3
2022-12-01,Western Sydney,Bus,544610,-33.815,150.998,stable,765285.75,71.2
2023-01-01,Western Sydney,Bus,662821,-33.815,150.998,stable,765285.75,86.6
2023-02-01,Western Sydney,Bus,637496,-33.815,150.998,stable,765285.75,83.3
2023-03-01,Western Sydney,Bus,683942,-33.815,150.998,stable,765285.75,89.4
2023-04-01,Western Sydney,Bus,702115,-33.815,150.998,stable,765285.75,91.7
2023-05-01,Western Sydney,Bus,684621,-33.815,150.998,stable,765285.75,89.5
2023-06-01,Western Sydney,Bus,649007,-33.815,150.998,stable,765285.75,84.8
2023-07-01,Western Sydney,Bus,640601,-33.815,150.998,stable,765285.75,83.7
2023-08-01,Western Sydney,Bus,651093,-33.815,150.998,stable,765285.75,85.1
2023-09-01,Western Sydney,Bus,608062,-33.815,150.998,stable,765285.75,79.5
2023-10-01,Western Sydney,Bus,609017,-33.815,150.998,stable,765285.75,79.6
2023-11-01,Western Sydney,Bus,627758,-33.815,150.998,stable,765285.75,82.0
2023-12-01,Western Sydney,Bus,640717,-33.815,150.998,stable,765285.75,83.7
2024-01-01,Western Sydney,Bus,683052,-33.815,150.998,stable,765285.75,89.3
2024-02-01,Western Sydney,Bus,677986,-33.815,150.998,stable,765285.75,88.6
2024-03-01,Western Sydney,Bus,727830,-33.815,150.998,stable,765285.75,95.1
2024-04-01,Western Sydney,Bus,771205,-33.815,150.998,stable,765285.75,100.8
2024-05-01,Western Sydney,Bus,772441,-33.815,150.998,stable,765285.75,100.9
2024-06-01,Western Sydney,Bus,759935,-33.815,150.998,stable,765285.75,99.3
2024-07-01,Western Sydney,Bus,741167,-33.815,150.998,synthetic allocation change from July 2024,765285.75,96.8
2024-08-01,Western Sydney,Bus,739843,-33.815,150.998,synthetic allocation change from July 2024,765285.75,96.7
2024-09-01,Western Sydney,Bus,700442,-33.815,150.998,synthetic allocation change from July 2024,765285.75,91.5
2024-10-01,Western Sydney,Bus,697096,-33.815,150.998,synthetic allocation change from July 2024,765285.75,91.1
2024-11-01,Western Sydney,Bus,673226,-33.815,150.998,synthetic allocation change from July 2024,765285.75,88.0
2024-12-01,Western Sydney,Bus,694310,-33.815,150.998,synthetic allocation change from July 2024,765285.75,90.7
2025-01-01,Western Sydney,Bus,792189,-33.815,150.998,synthetic allocation change from July 2024,765285.75,103.5
2025-02-01,Western Sydney,Bus,783345,-33.815,150.998,synthetic allocation change from July 2024,765285.75,102.4
2025-03-01,Western Sydney,Bus,836859,-33.815,150.998,synthetic allocation change from July 2024,765285.75,109.4
2025-04-01,Western Sydney,Bus,880737,-33.815,150.998,synthetic allocation change from July 2024,765285.75,115.1
2025-05-01,Western Sydney,Bus,843844,-33.815,150.998,synthetic allocation change from July 2024,765285.75,110.3
2025-06-01,Western Sydney,Bus,796897,-33.815,150.998,synthetic allocation change from July 2024,765285.75,104.1
2025-07-01,Western Sydney,Bus,795211,-33.815,150.998,synthetic allocation change from July 2024,765285.75,103.9
2025-08-01,Western Sydney,Bus,732156,-33.815,150.998,synthetic allocation change from July 2024,765285.75,95.7
2025-09-01,Western Sydney,Bus,753926,-33.815,150.998,synthetic allocation change from July 2024,765285.75,98.5
2025-10-01,Western Sydney,Bus,692777,-33.815,150.998,synthetic allocation change from July 2024,765285.75,90.5
2025-11-01,Western Sydney,Bus,733576,-33.815,150.998,synthetic allocation change from July 2024,765285.75,95.9
2025-12-01,Western Sydney,Bus,772324,-33.815,150.998,synthetic allocation change from July 2024,765285.75,100.9
2019-01-01,Western Sydney,Ferry,93381,-33.815,150.998,stable,97879.41666666667,95.4
2019-02-01,Western Sydney,Ferry,104723,-33.815,150.998,stable,97879.41666666667,107.0
2019-03-01,Western Sydney,Ferry,101231,-33.815,150.998,stable,97879.41666666667,103.4
2019-04-01,Western Sydney,Ferry,106428,-33.815,150.998,stable,97879.41666666667,108.7
2019-05-01,Western Sydney,Ferry,100146,-33.815,150.998,stable,97879.41666666667,102.3
2019-06-01,Western Sydney,Ferry,101466,-33.815,150.998,stable,97879.41666666667,103.7
2019-07-01,Western Sydney,Ferry,95574,-33.815,150.998,stable,97879.41666666667,97.6
2019-08-01,Western Sydney,Ferry,93065,-33.815,150.998,stable,97879.41666666667,95.1
2019-09-01,Western Sydney,Ferry,95029,-33.815,150.998,stable,97879.41666666667,97.1
2019-10-01,Western Sydney,Ferry,89758,-33.815,150.998,stable,97879.41666666667,91.7
2019-11-01,Western Sydney,Ferry,94927,-33.815,150.998,stable,97879.41666666667,97.0
2019-12-01,Western Sydney,Ferry,98825,-33.815,150.998,stable,97879.41666666667,101.0
2020-01-01,Western Sydney,Ferry,96056,-33.815,150.998,stable,97879.41666666667,98.1
2020-02-01,Western Sydney,Ferry,97794,-33.815,150.998,stable,97879.41666666667,99.9
2020-03-01,Western Sydney,Ferry,34913,-33.815,150.998,stable,97879.41666666667,35.7
2020-04-01,Western Sydney,Ferry,37599,-33.815,150.998,stable,97879.41666666667,38.4
2020-05-01,Western Sydney,Ferry,39273,-33.815,150.998,stable,97879.41666666667,40.1
2020-06-01,Western Sydney,Ferry,35387,-33.815,150.998,stable,97879.41666666667,36.2
2020-07-01,Western Sydney,Ferry,35274,-33.815,150.998,stable,97879.41666666667,36.0
2020-08-01,Western Sydney,Ferry,34386,-33.815,150.998,stable,97879.41666666667,35.1
2020-09-01,Western Sydney,Ferry,32836,-33.815,150.998,stable,97879.41666666667,33.5
2020-10-01,Western Sydney,Ferry,32850,-33.815,150.998,stable,97879.41666666667,33.6
2020-11-01,Western Sydney,Ferry,33989,-33.815,150.998,stable,97879.41666666667,34.7
2020-12-01,Western Sydney,Ferry,32063,-33.815,150.998,stable,97879.41666666667,32.8
2021-01-01,Western Sydney,Ferry,51316,-33.815,150.998,stable,97879.41666666667,52.4
2021-02-01,Western Sydney,Ferry,54265,-33.815,150.998,stable,97879.41666666667,55.4
2021-03-01,Western Sydney,Ferry,55610,-33.815,150.998,stable,97879.41666666667,56.8
2021-04-01,Western Sydney,Ferry,60001,-33.815,150.998,stable,97879.41666666667,61.3
2021-05-01,Western Sydney,Ferry,58669,-33.815,150.998,stable,97879.41666666667,59.9
2021-06-01,Western Sydney,Ferry,54711,-33.815,150.998,stable,97879.41666666667,55.9
2021-07-01,Western Sydney,Ferry,55753,-33.815,150.998,stable,97879.41666666667,57.0
2021-08-01,Western Sydney,Ferry,53946,-33.815,150.998,stable,97879.41666666667,55.1
2021-09-01,Western Sydney,Ferry,48657,-33.815,150.998,stable,97879.41666666667,49.7
2021-10-01,Western Sydney,Ferry,50738,-33.815,150.998,stable,97879.41666666667,51.8
2021-11-01,Western Sydney,Ferry,52185,-33.815,150.998,stable,97879.41666666667,53.3
2021-12-01,Western Sydney,Ferry,49854,-33.815,150.998,stable,97879.41666666667,50.9
2022-01-01,Western Sydney,Ferry,74011,-33.815,150.998,stable,97879.41666666667,75.6
2022-02-01,Western Sydney,Ferry,78265,-33.815,150.998,stable,97879.41666666667,80.0
2022-03-01,Western Sydney,Ferry,72634,-33.815,150.998,stable,97879.41666666667,74.2
2022-04-01,Western Sydney,Ferry,72600,-33.815,150.998,stable,97879.41666666667,74.2
2022-05-01,Western Sydney,Ferry,74498,-33.815,150.998,stable,97879.41666666667,76.1
2022-06-01,Western Sydney,Ferry,75708,-33.815,150.998,stable,97879.41666666667,77.3
2022-07-01,Western Sydney,Ferry,75199,-33.815,150.998,stable,97879.41666666667,76.8
2022-08-01,Western Sydney,Ferry,67580,-33.815,150.998,stable,97879.41666666667,69.0
2022-09-01,Western Sydney,Ferry,68053,-33.815,150.998,stable,97879.41666666667,69.5
2022-10-01,Western Sydney,Ferry,62240,-33.815,150.998,stable,97879.41666666667,63.6
2022-11-01,Western Sydney,Ferry,67859,-33.815,150.998,stable,97879.41666666667,69.3
2022-12-01,Western Sydney,Ferry,69473,-33.815,150.998,stable,97879.41666666667,71.0
2023-01-01,Western Sydney,Ferry,79187,-33.815,150.998,stable,97879.41666666667,80.9
2023-02-01,Western Sydney,Ferry,89314,-33.815,150.998,stable,97879.41666666667,91.2
2023-03-01,Western Sydney,Ferry,92659,-33.815,150.998,stable,97879.41666666667,94.7
2023-04-01,Western Sydney,Ferry,90894,-33.815,150.998,stable,97879.41666666667,92.9
2023-05-01,Western Sydney,Ferry,84877,-33.815,150.998,stable,97879.41666666667,86.7
2023-06-01,Western Sydney,Ferry,91507,-33.815,150.998,stable,97879.41666666667,93.5
2023-07-01,Western Sydney,Ferry,85980,-33.815,150.998,stable,97879.41666666667,87.8
2023-08-01,Western Sydney,Ferry,78369,-33.815,150.998,stable,97879.41666666667,80.1
2023-09-01,Western Sydney,Ferry,76733,-33.815,150.998,stable,97879.41666666667,78.4
2023-10-01,Western Sydney,Ferry,75318,-33.815,150.998,stable,97879.41666666667,76.9
2023-11-01,Western Sydney,Ferry,77453,-33.815,150.998,stable,97879.41666666667,79.1
2023-12-01,Western Sydney,Ferry,78312,-33.815,150.998,stable,97879.41666666667,80.0
2024-01-01,Western Sydney,Ferry,92837,-33.815,150.998,stable,97879.41666666667,94.8
2024-02-01,Western Sydney,Ferry,96248,-33.815,150.998,stable,97879.41666666667,98.3
2024-03-01,Western Sydney,Ferry,90763,-33.815,150.998,stable,97879.41666666667,92.7
2024-04-01,Western Sydney,Ferry,101548,-33.815,150.998,stable,97879.41666666667,103.7
2024-05-01,Western Sydney,Ferry,96823,-33.815,150.998,stable,97879.41666666667,98.9
2024-06-01,Western Sydney,Ferry,96319,-33.815,150.998,stable,97879.41666666667,98.4
2024-07-01,Western Sydney,Ferry,91316,-33.815,150.998,stable,97879.41666666667,93.3
2024-08-01,Western Sydney,Ferry,84873,-33.815,150.998,stable,97879.41666666667,86.7
2024-09-01,Western Sydney,Ferry,85253,-33.815,150.998,stable,97879.41666666667,87.1
2024-10-01,Western Sydney,Ferry,86550,-33.815,150.998,stable,97879.41666666667,88.4
2024-11-01,Western Sydney,Ferry,80639,-33.815,150.998,stable,97879.41666666667,82.4
2024-12-01,Western Sydney,Ferry,88699,-33.815,150.998,stable,97879.41666666667,90.6
2025-01-01,Western Sydney,Ferry,95475,-33.815,150.998,stable,97879.41666666667,97.5
2025-02-01,Western Sydney,Ferry,98645,-33.815,150.998,stable,97879.41666666667,100.8
2025-03-01,Western Sydney,Ferry,100838,-33.815,150.998,stable,97879.41666666667,103.0
2025-04-01,Western Sydney,Ferry,105488,-33.815,150.998,stable,97879.41666666667,107.8
2025-05-01,Western Sydney,Ferry,98800,-33.815,150.998,stable,97879.41666666667,100.9
2025-06-01,Western Sydney,Ferry,103013,-33.815,150.998,stable,97879.41666666667,105.2
2025-07-01,Western Sydney,Ferry,98811,-33.815,150.998,stable,97879.41666666667,101.0
2025-08-01,Western Sydney,Ferry,86712,-33.815,150.998,stable,97879.41666666667,88.6
2025-09-01,Western Sydney,Ferry,92506,-33.815,150.998,stable,97879.41666666667,94.5
2025-10-01,Western Sydney,Ferry,84749,-33.815,150.998,stable,97879.41666666667,86.6
2025-11-01,Western Sydney,Ferry,88080,-33.815,150.998,stable,97879.41666666667,90.0
2025-12-01,Western Sydney,Ferry,92446,-33.815,150.998,stable,97879.41666666667,94.4
2019-01-01,Western Sydney,Light rail,130083,-33.815,150.998,stable,131449.75,99.0
2019-02-01,Western Sydney,Light rail,129515,-33.815,150.998,stable,131449.75,98.5
2019-03-01,Western Sydney,Light rail,147089,-33.815,150.998,stable,131449.75,111.9
2019-04-01,Western Sydney,Light rail,137117,-33.815,150.998,stable,131449.75,104.3
2019-05-01,Western Sydney,Light rail,136269,-33.815,150.998,stable,131449.75,103.7
2019-06-01,Western Sydney,Light rail,142186,-33.815,150.998,stable,131449.75,108.2
2019-07-01,Western Sydney,Light rail,129470,-33.815,150.998,stable,131449.75,98.5
2019-08-01,Western Sydney,Light rail,132503,-33.815,150.998,stable,131449.75,100.8
2019-09-01,Western Sydney,Light rail,125820,-33.815,150.998,stable,131449.75,95.7
2019-10-01,Western Sydney,Light rail,118179,-33.815,150.998,stable,131449.75,89.9
2019-11-01,Western Sydney,Light rail,115633,-33.815,150.998,stable,131449.75,88.0
2019-12-01,Western Sydney,Light rail,133533,-33.815,150.998,stable,131449.75,101.6
2020-01-01,Western Sydney,Light rail,125436,-33.815,150.998,stable,131449.75,95.4
2020-02-01,Western Sydney,Light rail,140905,-33.815,150.998,stable,131449.75,107.2
2020-03-01,Western Sydney,Light rail,49333,-33.815,150.998,stable,131449.75,37.5
2020-04-01,Western Sydney,Light rail,51441,-33.815,150.998,stable,131449.75,39.1
2020-05-01,Western Sydney,Light rail,50530,-33.815,150.998,stable,131449.75,38.4
2020-06-01,Western Sydney,Light rail,48889,-33.815,150.998,stable,131449.75,37.2
2020-07-01,Western Sydney,Light rail,46149,-33.815,150.998,stable,131449.75,35.1
2020-08-01,Western Sydney,Light rail,45911,-33.815,150.998,stable,131449.75,34.9
2020-09-01,Western Sydney,Light rail,40899,-33.815,150.998,stable,131449.75,31.1
2020-10-01,Western Sydney,Light rail,41084,-33.815,150.998,stable,131449.75,31.3
2020-11-01,Western Sydney,Light rail,43988,-33.815,150.998,stable,131449.75,33.5
2020-12-01,Western Sydney,Light rail,43320,-33.815,150.998,stable,131449.75,33.0
2021-01-01,Western Sydney,Light rail,73310,-33.815,150.998,stable,131449.75,55.8
2021-02-01,Western Sydney,Light rail,75261,-33.815,150.998,stable,131449.75,57.3
2021-03-01,Western Sydney,Light rail,77917,-33.815,150.998,stable,131449.75,59.3
2021-04-01,Western Sydney,Light rail,77707,-33.815,150.998,stable,131449.75,59.1
2021-05-01,Western Sydney,Light rail,79920,-33.815,150.998,stable,131449.75,60.8
2021-06-01,Western Sydney,Light rail,73970,-33.815,150.998,stable,131449.75,56.3
2021-07-01,Western Sydney,Light rail,74367,-33.815,150.998,stable,131449.75,56.6
2021-08-01,Western Sydney,Light rail,67780,-33.815,150.998,stable,131449.75,51.6
2021-09-01,Western Sydney,Light rail,65554,-33.815,150.998,stable,131449.75,49.9
2021-10-01,Western Sydney,Light rail,63751,-33.815,150.998,stable,131449.75,48.5
2021-11-01,Western Sydney,Light rail,65077,-33.815,150.998,stable,131449.75,49.5
2021-12-01,Western Sydney,Light rail,66514,-33.815,150.998,stable,131449.75,50.6
2022-01-01,Western Sydney,Light rail,95449,-33.815,150.998,stable,131449.75,72.6
2022-02-01,Western Sydney,Light rail,101951,-33.815,150.998,stable,131449.75,77.6
2022-03-01,Western Sydney,Light rail,97784,-33.815,150.998,stable,131449.75,74.4
2022-04-01,Western Sydney,Light rail,99149,-33.815,150.998,stable,131449.75,75.4
2022-05-01,Western Sydney,Light rail,101431,-33.815,150.998,stable,131449.75,77.2
2022-06-01,Western Sydney,Light rail,101505,-33.815,150.998,stable,131449.75,77.2
2022-07-01,Western Sydney,Light rail,100475,-33.815,150.998,stable,131449.75,76.4
2022-08-01,Western Sydney,Light rail,91508,-33.815,150.998,stable,131449.75,69.6
2022-09-01,Western Sydney,Light rail,86152,-33.815,150.998,stable,131449.75,65.5
2022-10-01,Western Sydney,Light rail,83245,-33.815,150.998,stable,131449.75,63.3
2022-11-01,Western Sydney,Light rail,85208,-33.815,150.998,stable,131449.75,64.8
2022-12-01,Western Sydney,Light rail,88254,-33.815,150.998,stable,131449.75,67.1
2023-01-01,Western Sydney,Light rail,106614,-33.815,150.998,stable,131449.75,81.1
2023-02-01,Western Sydney,Light rail,108592,-33.815,150.998,stable,131449.75,82.6
2023-03-01,Western Sydney,Light rail,119047,-33.815,150.998,stable,131449.75,90.6
2023-04-01,Western Sydney,Light rail,116507,-33.815,150.998,stable,131449.75,88.6
2023-05-01,Western Sydney,Light rail,125309,-33.815,150.998,stable,131449.75,95.3
2023-06-01,Western Sydney,Light rail,116053,-33.815,150.998,stable,131449.75,88.3
2023-07-01,Western Sydney,Light rail,113506,-33.815,150.998,stable,131449.75,86.3
2023-08-01,Western Sydney,Light rail,101671,-33.815,150.998,stable,131449.75,77.3
2023-09-01,Western Sydney,Light rail,107760,-33.815,150.998,stable,131449.75,82.0
2023-10-01,Western Sydney,Light rail,101897,-33.815,150.998,stable,131449.75,77.5
2023-11-01,Western Sydney,Light rail,107813,-33.815,150.998,stable,131449.75,82.0
2023-12-01,Western Sydney,Light rail,107390,-33.815,150.998,stable,131449.75,81.7
2024-01-01,Western Sydney,Light rail,118363,-33.815,150.998,stable,131449.75,90.0
2024-02-01,Western Sydney,Light rail,122669,-33.815,150.998,stable,131449.75,93.3
2024-03-01,Western Sydney,Light rail,122219,-33.815,150.998,stable,131449.75,93.0
2024-04-01,Western Sydney,Light rail,121396,-33.815,150.998,stable,131449.75,92.4
2024-05-01,Western Sydney,Light rail,133754,-33.815,150.998,stable,131449.75,101.8
2024-06-01,Western Sydney,Light rail,123221,-33.815,150.998,stable,131449.75,93.7
2024-07-01,Western Sydney,Light rail,133263,-33.815,150.998,synthetic allocation change from July 2024,131449.75,101.4
2024-08-01,Western Sydney,Light rail,121704,-33.815,150.998,synthetic allocation change from July 2024,131449.75,92.6
2024-09-01,Western Sydney,Light rail,113311,-33.815,150.998,synthetic allocation change from July 2024,131449.75,86.2
2024-10-01,Western Sydney,Light rail,119873,-33.815,150.998,synthetic allocation change from July 2024,131449.75,91.2
2024-11-01,Western Sydney,Light rail,113018,-33.815,150.998,synthetic allocation change from July 2024,131449.75,86.0
2024-12-01,Western Sydney,Light rail,117986,-33.815,150.998,synthetic allocation change from July 2024,131449.75,89.8
2025-01-01,Western Sydney,Light rail,137889,-33.815,150.998,synthetic allocation change from July 2024,131449.75,104.9
2025-02-01,Western Sydney,Light rail,138981,-33.815,150.998,synthetic allocation change from July 2024,131449.75,105.7
2025-03-01,Western Sydney,Light rail,155012,-33.815,150.998,synthetic allocation change from July 2024,131449.75,117.9
2025-04-01,Western Sydney,Light rail,141038,-33.815,150.998,synthetic allocation change from July 2024,131449.75,107.3
2025-05-01,Western Sydney,Light rail,150983,-33.815,150.998,synthetic allocation change from July 2024,131449.75,114.9
2025-06-01,Western Sydney,Light rail,144147,-33.815,150.998,synthetic allocation change from July 2024,131449.75,109.7
2025-07-01,Western Sydney,Light rail,141632,-33.815,150.998,synthetic allocation change from July 2024,131449.75,107.7
2025-08-01,Western Sydney,Light rail,127058,-33.815,150.998,synthetic allocation change from July 2024,131449.75,96.7
2025-09-01,Western Sydney,Light rail,127720,-33.815,150.998,synthetic allocation change from July 2024,131449.75,97.2
2025-10-01,Western Sydney,Light rail,125161,-33.815,150.998,synthetic allocation change from July 2024,131449.75,95.2
2025-11-01,Western Sydney,Light rail,126500,-33.815,150.998,synthetic allocation change from July 2024,131449.75,96.2
2025-12-01,Western Sydney,Light rail,137061,-33.815,150.998,synthetic allocation change from July 2024,131449.75,104.3
2019-01-01,Northern Beaches,Train,582342,-33.714,151.297,stable,548956.3333333334,106.1
2019-02-01,Northern Beaches,Train,558641,-33.714,151.297,stable,548956.3333333334,101.8
2019-03-01,Northern Beaches,Train,596646,-33.714,151.297,stable,548956.3333333334,108.7
2019-04-01,Northern Beaches,Train,601814,-33.714,151.297,stable,548956.3333333334,109.6
2019-05-01,Northern Beaches,Train,605048,-33.714,151.297,stable,548956.3333333334,110.2
2019-06-01,Northern Beaches,Train,602722,-33.714,151.297,stable,548956.3333333334,109.8
2019-07-01,Northern Beaches,Train,530714,-33.714,151.297,stable,548956.3333333334,96.7
2019-08-01,Northern Beaches,Train,509690,-33.714,151.297,stable,548956.3333333334,92.8
2019-09-01,Northern Beaches,Train,521749,-33.714,151.297,stable,548956.3333333334,95.0
2019-10-01,Northern Beaches,Train,485176,-33.714,151.297,stable,548956.3333333334,88.4
2019-11-01,Northern Beaches,Train,491858,-33.714,151.297,stable,548956.3333333334,89.6
2019-12-01,Northern Beaches,Train,501076,-33.714,151.297,stable,548956.3333333334,91.3
2020-01-01,Northern Beaches,Train,517176,-33.714,151.297,stable,548956.3333333334,94.2
2020-02-01,Northern Beaches,Train,568602,-33.714,151.297,stable,548956.3333333334,103.6
2020-03-01,Northern Beaches,Train,208153,-33.714,151.297,stable,548956.3333333334,37.9
2020-04-01,Northern Beaches,Train,202692,-33.714,151.297,stable,548956.3333333334,36.9
2020-05-01,Northern Beaches,Train,199204,-33.714,151.297,stable,548956.3333333334,36.3
2020-06-01,Northern Beaches,Train,205171,-33.714,151.297,stable,548956.3333333334,37.4
2020-07-01,Northern Beaches,Train,197189,-33.714,151.297,stable,548956.3333333334,35.9
2020-08-01,Northern Beaches,Train,183780,-33.714,151.297,stable,548956.3333333334,33.5
2020-09-01,Northern Beaches,Train,183191,-33.714,151.297,stable,548956.3333333334,33.4
2020-10-01,Northern Beaches,Train,186108,-33.714,151.297,stable,548956.3333333334,33.9
2020-11-01,Northern Beaches,Train,185351,-33.714,151.297,stable,548956.3333333334,33.8
2020-12-01,Northern Beaches,Train,187573,-33.714,151.297,stable,548956.3333333334,34.2
2021-01-01,Northern Beaches,Train,308350,-33.714,151.297,stable,548956.3333333334,56.2
2021-02-01,Northern Beaches,Train,330971,-33.714,151.297,stable,548956.3333333334,60.3
2021-03-01,Northern Beaches,Train,320552,-33.714,151.297,stable,548956.3333333334,58.4
2021-04-01,Northern Beaches,Train,328447,-33.714,151.297,stable,548956.3333333334,59.8
2021-05-01,Northern Beaches,Train,329188,-33.714,151.297,stable,548956.3333333334,60.0
2021-06-01,Northern Beaches,Train,330018,-33.714,151.297,stable,548956.3333333334,60.1
2021-07-01,Northern Beaches,Train,314356,-33.714,151.297,stable,548956.3333333334,57.3
2021-08-01,Northern Beaches,Train,275464,-33.714,151.297,stable,548956.3333333334,50.2
2021-09-01,Northern Beaches,Train,270255,-33.714,151.297,stable,548956.3333333334,49.2
2021-10-01,Northern Beaches,Train,271875,-33.714,151.297,stable,548956.3333333334,49.5
2021-11-01,Northern Beaches,Train,289953,-33.714,151.297,stable,548956.3333333334,52.8
2021-12-01,Northern Beaches,Train,292811,-33.714,151.297,stable,548956.3333333334,53.3
2022-01-01,Northern Beaches,Train,385954,-33.714,151.297,stable,548956.3333333334,70.3
2022-02-01,Northern Beaches,Train,393275,-33.714,151.297,stable,548956.3333333334,71.6
2022-03-01,Northern Beaches,Train,433022,-33.714,151.297,stable,548956.3333333334,78.9
2022-04-01,Northern Beaches,Train,437930,-33.714,151.297,stable,548956.3333333334,79.8
2022-05-01,Northern Beaches,Train,445929,-33.714,151.297,stable,548956.3333333334,81.2
2022-06-01,Northern Beaches,Train,411863,-33.714,151.297,stable,548956.3333333334,75.0
2022-07-01,Northern Beaches,Train,395705,-33.714,151.297,stable,548956.3333333334,72.1
2022-08-01,Northern Beaches,Train,361020,-33.714,151.297,stable,548956.3333333334,65.8
2022-09-01,Northern Beaches,Train,348213,-33.714,151.297,stable,548956.3333333334,63.4
2022-10-01,Northern Beaches,Train,361348,-33.714,151.297,stable,548956.3333333334,65.8
2022-11-01,Northern Beaches,Train,360706,-33.714,151.297,stable,548956.3333333334,65.7
2022-12-01,Northern Beaches,Train,368771,-33.714,151.297,stable,548956.3333333334,67.2
2023-01-01,Northern Beaches,Train,439343,-33.714,151.297,stable,548956.3333333334,80.0
2023-02-01,Northern Beaches,Train,507112,-33.714,151.297,stable,548956.3333333334,92.4
2023-03-01,Northern Beaches,Train,513924,-33.714,151.297,stable,548956.3333333334,93.6
2023-04-01,Northern Beaches,Train,503462,-33.714,151.297,stable,548956.3333333334,91.7
2023-05-01,Northern Beaches,Train,520731,-33.714,151.297,stable,548956.3333333334,94.9
2023-06-01,Northern Beaches,Train,509284,-33.714,151.297,stable,548956.3333333334,92.8
2023-07-01,Northern Beaches,Train,471551,-33.714,151.297,stable,548956.3333333334,85.9
2023-08-01,Northern Beaches,Train,431252,-33.714,151.297,stable,548956.3333333334,78.6
2023-09-01,Northern Beaches,Train,406268,-33.714,151.297,stable,548956.3333333334,74.0
2023-10-01,Northern Beaches,Train,438110,-33.714,151.297,stable,548956.3333333334,79.8
2023-11-01,Northern Beaches,Train,428469,-33.714,151.297,stable,548956.3333333334,78.1
2023-12-01,Northern Beaches,Train,451583,-33.714,151.297,stable,548956.3333333334,82.3
2024-01-01,Northern Beaches,Train,519714,-33.714,151.297,stable,548956.3333333334,94.7
2024-02-01,Northern Beaches,Train,495123,-33.714,151.297,stable,548956.3333333334,90.2
2024-03-01,Northern Beaches,Train,534714,-33.714,151.297,stable,548956.3333333334,97.4
2024-04-01,Northern Beaches,Train,543246,-33.714,151.297,stable,548956.3333333334,99.0
2024-05-01,Northern Beaches,Train,528769,-33.714,151.297,stable,548956.3333333334,96.3
2024-06-01,Northern Beaches,Train,489548,-33.714,151.297,stable,548956.3333333334,89.2
2024-07-01,Northern Beaches,Train,485968,-33.714,151.297,stable,548956.3333333334,88.5
2024-08-01,Northern Beaches,Train,465694,-33.714,151.297,stable,548956.3333333334,84.8
2024-09-01,Northern Beaches,Train,470111,-33.714,151.297,stable,548956.3333333334,85.6
2024-10-01,Northern Beaches,Train,474949,-33.714,151.297,stable,548956.3333333334,86.5
2024-11-01,Northern Beaches,Train,451296,-33.714,151.297,stable,548956.3333333334,82.2
2024-12-01,Northern Beaches,Train,486244,-33.714,151.297,stable,548956.3333333334,88.6
2025-01-01,Northern Beaches,Train,514581,-33.714,151.297,stable,548956.3333333334,93.7
2025-02-01,Northern Beaches,Train,578455,-33.714,151.297,stable,548956.3333333334,105.4
2025-03-01,Northern Beaches,Train,585824,-33.714,151.297,stable,548956.3333333334,106.7
2025-04-01,Northern Beaches,Train,573668,-33.714,151.297,stable,548956.3333333334,104.5
2025-05-01,Northern Beaches,Train,561520,-33.714,151.297,stable,548956.3333333334,102.3
2025-06-01,Northern Beaches,Train,536897,-33.714,151.297,stable,548956.3333333334,97.8
2025-07-01,Northern Beaches,Train,516802,-33.714,151.297,stable,548956.3333333334,94.1
2025-08-01,Northern Beaches,Train,535479,-33.714,151.297,stable,548956.3333333334,97.5
2025-09-01,Northern Beaches,Train,485768,-33.714,151.297,stable,548956.3333333334,88.5
2025-10-01,Northern Beaches,Train,486610,-33.714,151.297,stable,548956.3333333334,88.6
2025-11-01,Northern Beaches,Train,520203,-33.714,151.297,stable,548956.3333333334,94.8
2025-12-01,Northern Beaches,Train,516469,-33.714,151.297,stable,548956.3333333334,94.1
2019-01-01,Northern Beaches,Bus,386967,-33.714,151.297,stable,386620.5,100.1
2019-02-01,Northern Beaches,Bus,396231,-33.714,151.297,stable,386620.5,102.5
2019-03-01,Northern Beaches,Bus,396239,-33.714,151.297,stable,386620.5,102.5
2019-04-01,Northern Beaches,Bus,408903,-33.714,151.297,stable,386620.5,105.8
2019-05-01,Northern Beaches,Bus,424342,-33.714,151.297,stable,386620.5,109.8
2019-06-01,Northern Beaches,Bus,406425,-33.714,151.297,stable,386620.5,105.1
2019-07-01,Northern Beaches,Bus,397011,-33.714,151.297,stable,386620.5,102.7
2019-08-01,Northern Beaches,Bus,356452,-33.714,151.297,stable,386620.5,92.2
2019-09-01,Northern Beaches,Bus,360442,-33.714,151.297,stable,386620.5,93.2
2019-10-01,Northern Beaches,Bus,372377,-33.714,151.297,stable,386620.5,96.3
2019-11-01,Northern Beaches,Bus,355665,-33.714,151.297,stable,386620.5,92.0
2019-12-01,Northern Beaches,Bus,378392,-33.714,151.297,stable,386620.5,97.9
2020-01-01,Northern Beaches,Bus,367509,-33.714,151.297,stable,386620.5,95.1
2020-02-01,Northern Beaches,Bus,423133,-33.714,151.297,stable,386620.5,109.4
2020-03-01,Northern Beaches,Bus,145968,-33.714,151.297,stable,386620.5,37.8
2020-04-01,Northern Beaches,Bus,140977,-33.714,151.297,stable,386620.5,36.5
2020-05-01,Northern Beaches,Bus,138179,-33.714,151.297,stable,386620.5,35.7
2020-06-01,Northern Beaches,Bus,140994,-33.714,151.297,stable,386620.5,36.5
2020-07-01,Northern Beaches,Bus,135594,-33.714,151.297,stable,386620.5,35.1
2020-08-01,Northern Beaches,Bus,123045,-33.714,151.297,stable,386620.5,31.8
2020-09-01,Northern Beaches,Bus,132822,-33.714,151.297,stable,386620.5,34.4
2020-10-01,Northern Beaches,Bus,130112,-33.714,151.297,stable,386620.5,33.7
2020-11-01,Northern Beaches,Bus,124834,-33.714,151.297,stable,386620.5,32.3
2020-12-01,Northern Beaches,Bus,123421,-33.714,151.297,stable,386620.5,31.9
2021-01-01,Northern Beaches,Bus,220189,-33.714,151.297,stable,386620.5,57.0
2021-02-01,Northern Beaches,Bus,220177,-33.714,151.297,stable,386620.5,56.9
2021-03-01,Northern Beaches,Bus,232305,-33.714,151.297,stable,386620.5,60.1
2021-04-01,Northern Beaches,Bus,228933,-33.714,151.297,stable,386620.5,59.2
2021-05-01,Northern Beaches,Bus,220264,-33.714,151.297,stable,386620.5,57.0
2021-06-01,Northern Beaches,Bus,229065,-33.714,151.297,stable,386620.5,59.2
2021-07-01,Northern Beaches,Bus,223953,-33.714,151.297,stable,386620.5,57.9
2021-08-01,Northern Beaches,Bus,197028,-33.714,151.297,stable,386620.5,51.0
2021-09-01,Northern Beaches,Bus,198291,-33.714,151.297,stable,386620.5,51.3
2021-10-01,Northern Beaches,Bus,192088,-33.714,151.297,stable,386620.5,49.7
2021-11-01,Northern Beaches,Bus,207056,-33.714,151.297,stable,386620.5,53.6
2021-12-01,Northern Beaches,Bus,203481,-33.714,151.297,stable,386620.5,52.6
2022-01-01,Northern Beaches,Bus,289817,-33.714,151.297,stable,386620.5,75.0
2022-02-01,Northern Beaches,Bus,300881,-33.714,151.297,stable,386620.5,77.8
2022-03-01,Northern Beaches,Bus,288446,-33.714,151.297,stable,386620.5,74.6
2022-04-01,Northern Beaches,Bus,309794,-33.714,151.297,stable,386620.5,80.1
2022-05-01,Northern Beaches,Bus,293379,-33.714,151.297,stable,386620.5,75.9
2022-06-01,Northern Beaches,Bus,303310,-33.714,151.297,stable,386620.5,78.5
2022-07-01,Northern Beaches,Bus,277457,-33.714,151.297,stable,386620.5,71.8
2022-08-01,Northern Beaches,Bus,276348,-33.714,151.297,stable,386620.5,71.5
2022-09-01,Northern Beaches,Bus,251271,-33.714,151.297,stable,386620.5,65.0
2022-10-01,Northern Beaches,Bus,248859,-33.714,151.297,stable,386620.5,64.4
2022-11-01,Northern Beaches,Bus,260686,-33.714,151.297,stable,386620.5,67.4
2022-12-01,Northern Beaches,Bus,282043,-33.714,151.297,stable,386620.5,73.0
2023-01-01,Northern Beaches,Bus,322997,-33.714,151.297,stable,386620.5,83.5
2023-02-01,Northern Beaches,Bus,322153,-33.714,151.297,stable,386620.5,83.3
2023-03-01,Northern Beaches,Bus,347406,-33.714,151.297,stable,386620.5,89.9
2023-04-01,Northern Beaches,Bus,342780,-33.714,151.297,stable,386620.5,88.7
2023-05-01,Northern Beaches,Bus,347960,-33.714,151.297,stable,386620.5,90.0
2023-06-01,Northern Beaches,Bus,338088,-33.714,151.297,stable,386620.5,87.4
2023-07-01,Northern Beaches,Bus,321667,-33.714,151.297,stable,386620.5,83.2
2023-08-01,Northern Beaches,Bus,303824,-33.714,151.297,stable,386620.5,78.6
2023-09-01,Northern Beaches,Bus,289748,-33.714,151.297,stable,386620.5,74.9
2023-10-01,Northern Beaches,Bus,304579,-33.714,151.297,stable,386620.5,78.8
2023-11-01,Northern Beaches,Bus,303587,-33.714,151.297,stable,386620.5,78.5
2023-12-01,Northern Beaches,Bus,300537,-33.714,151.297,stable,386620.5,77.7
2024-01-01,Northern Beaches,Bus,357957,-33.714,151.297,stable,386620.5,92.6
2024-02-01,Northern Beaches,Bus,340625,-33.714,151.297,stable,386620.5,88.1
2024-03-01,Northern Beaches,Bus,381385,-33.714,151.297,stable,386620.5,98.6
2024-04-01,Northern Beaches,Bus,383436,-33.714,151.297,stable,386620.5,99.2
2024-05-01,Northern Beaches,Bus,384351,-33.714,151.297,stable,386620.5,99.4
2024-06-01,Northern Beaches,Bus,355433,-33.714,151.297,stable,386620.5,91.9
2024-07-01,Northern Beaches,Bus,381570,-33.714,151.297,synthetic allocation change from July 2024,386620.5,98.7
2024-08-01,Northern Beaches,Bus,373078,-33.714,151.297,synthetic allocation change from July 2024,386620.5,96.5
2024-09-01,Northern Beaches,Bus,368389,-33.714,151.297,synthetic allocation change from July 2024,386620.5,95.3
2024-10-01,Northern Beaches,Bus,344089,-33.714,151.297,synthetic allocation change from July 2024,386620.5,89.0
2024-11-01,Northern Beaches,Bus,328942,-33.714,151.297,synthetic allocation change from July 2024,386620.5,85.1
2024-12-01,Northern Beaches,Bus,359349,-33.714,151.297,synthetic allocation change from July 2024,386620.5,92.9
2025-01-01,Northern Beaches,Bus,403487,-33.714,151.297,synthetic allocation change from July 2024,386620.5,104.4
2025-02-01,Northern Beaches,Bus,433551,-33.714,151.297,synthetic allocation change from July 2024,386620.5,112.1
2025-03-01,Northern Beaches,Bus,445988,-33.714,151.297,synthetic allocation change from July 2024,386620.5,115.4
2025-04-01,Northern Beaches,Bus,428013,-33.714,151.297,synthetic allocation change from July 2024,386620.5,110.7
2025-05-01,Northern Beaches,Bus,428152,-33.714,151.297,synthetic allocation change from July 2024,386620.5,110.7
2025-06-01,Northern Beaches,Bus,412989,-33.714,151.297,synthetic allocation change from July 2024,386620.5,106.8
2025-07-01,Northern Beaches,Bus,409823,-33.714,151.297,synthetic allocation change from July 2024,386620.5,106.0
2025-08-01,Northern Beaches,Bus,379061,-33.714,151.297,synthetic allocation change from July 2024,386620.5,98.0
2025-09-01,Northern Beaches,Bus,378413,-33.714,151.297,synthetic allocation change from July 2024,386620.5,97.9
2025-10-01,Northern Beaches,Bus,352002,-33.714,151.297,synthetic allocation change from July 2024,386620.5,91.0
2025-11-01,Northern Beaches,Bus,370152,-33.714,151.297,synthetic allocation change from July 2024,386620.5,95.7
2025-12-01,Northern Beaches,Bus,404777,-33.714,151.297,synthetic allocation change from July 2024,386620.5,104.7
2019-01-01,Northern Beaches,Ferry,48541,-33.714,151.297,stable,50181.083333333336,96.7
2019-02-01,Northern Beaches,Ferry,52670,-33.714,151.297,stable,50181.083333333336,105.0
2019-03-01,Northern Beaches,Ferry,53881,-33.714,151.297,stable,50181.083333333336,107.4
2019-04-01,Northern Beaches,Ferry,55716,-33.714,151.297,stable,50181.083333333336,111.0
2019-05-01,Northern Beaches,Ferry,55167,-33.714,151.297,stable,50181.083333333336,109.9
2019-06-01,Northern Beaches,Ferry,53699,-33.714,151.297,stable,50181.083333333336,107.0
2019-07-01,Northern Beaches,Ferry,48787,-33.714,151.297,stable,50181.083333333336,97.2
2019-08-01,Northern Beaches,Ferry,46474,-33.714,151.297,stable,50181.083333333336,92.6
2019-09-01,Northern Beaches,Ferry,47279,-33.714,151.297,stable,50181.083333333336,94.2
2019-10-01,Northern Beaches,Ferry,46957,-33.714,151.297,stable,50181.083333333336,93.6
2019-11-01,Northern Beaches,Ferry,48129,-33.714,151.297,stable,50181.083333333336,95.9
2019-12-01,Northern Beaches,Ferry,44873,-33.714,151.297,stable,50181.083333333336,89.4
2020-01-01,Northern Beaches,Ferry,46936,-33.714,151.297,stable,50181.083333333336,93.5
2020-02-01,Northern Beaches,Ferry,52290,-33.714,151.297,stable,50181.083333333336,104.2
2020-03-01,Northern Beaches,Ferry,19461,-33.714,151.297,stable,50181.083333333336,38.8
2020-04-01,Northern Beaches,Ferry,19827,-33.714,151.297,stable,50181.083333333336,39.5
2020-05-01,Northern Beaches,Ferry,19073,-33.714,151.297,stable,50181.083333333336,38.0
2020-06-01,Northern Beaches,Ferry,17875,-33.714,151.297,stable,50181.083333333336,35.6
2020-07-01,Northern Beaches,Ferry,16490,-33.714,151.297,stable,50181.083333333336,32.9
2020-08-01,Northern Beaches,Ferry,16898,-33.714,151.297,stable,50181.083333333336,33.7
2020-09-01,Northern Beaches,Ferry,16845,-33.714,151.297,stable,50181.083333333336,33.6
2020-10-01,Northern Beaches,Ferry,15831,-33.714,151.297,stable,50181.083333333336,31.5
2020-11-01,Northern Beaches,Ferry,16500,-33.714,151.297,stable,50181.083333333336,32.9
2020-12-01,Northern Beaches,Ferry,17437,-33.714,151.297,stable,50181.083333333336,34.7
2021-01-01,Northern Beaches,Ferry,25741,-33.714,151.297,stable,50181.083333333336,51.3
2021-02-01,Northern Beaches,Ferry,29320,-33.714,151.297,stable,50181.083333333336,58.4
2021-03-01,Northern Beaches,Ferry,28389,-33.714,151.297,stable,50181.083333333336,56.6
2021-04-01,Northern Beaches,Ferry,28961,-33.714,151.297,stable,50181.083333333336,57.7
2021-05-01,Northern Beaches,Ferry,27873,-33.714,151.297,stable,50181.083333333336,55.5
2021-06-01,Northern Beaches,Ferry,28419,-33.714,151.297,stable,50181.083333333336,56.6
2021-07-01,Northern Beaches,Ferry,27440,-33.714,151.297,stable,50181.083333333336,54.7
2021-08-01,Northern Beaches,Ferry,27053,-33.714,151.297,stable,50181.083333333336,53.9
2021-09-01,Northern Beaches,Ferry,24335,-33.714,151.297,stable,50181.083333333336,48.5
2021-10-01,Northern Beaches,Ferry,23781,-33.714,151.297,stable,50181.083333333336,47.4
2021-11-01,Northern Beaches,Ferry,26466,-33.714,151.297,stable,50181.083333333336,52.7
2021-12-01,Northern Beaches,Ferry,26511,-33.714,151.297,stable,50181.083333333336,52.8
2022-01-01,Northern Beaches,Ferry,34531,-33.714,151.297,stable,50181.083333333336,68.8
2022-02-01,Northern Beaches,Ferry,38901,-33.714,151.297,stable,50181.083333333336,77.5
2022-03-01,Northern Beaches,Ferry,36477,-33.714,151.297,stable,50181.083333333336,72.7
2022-04-01,Northern Beaches,Ferry,38311,-33.714,151.297,stable,50181.083333333336,76.3
2022-05-01,Northern Beaches,Ferry,36984,-33.714,151.297,stable,50181.083333333336,73.7
2022-06-01,Northern Beaches,Ferry,35977,-33.714,151.297,stable,50181.083333333336,71.7
2022-07-01,Northern Beaches,Ferry,33541,-33.714,151.297,stable,50181.083333333336,66.8
2022-08-01,Northern Beaches,Ferry,35465,-33.714,151.297,stable,50181.083333333336,70.7
2022-09-01,Northern Beaches,Ferry,34767,-33.714,151.297,stable,50181.083333333336,69.3
2022-10-01,Northern Beaches,Ferry,33487,-33.714,151.297,stable,50181.083333333336,66.7
2022-11-01,Northern Beaches,Ferry,31809,-33.714,151.297,stable,50181.083333333336,63.4
2022-12-01,Northern Beaches,Ferry,33975,-33.714,151.297,stable,50181.083333333336,67.7
2023-01-01,Northern Beaches,Ferry,40809,-33.714,151.297,stable,50181.083333333336,81.3
2023-02-01,Northern Beaches,Ferry,43697,-33.714,151.297,stable,50181.083333333336,87.1
2023-03-01,Northern Beaches,Ferry,45202,-33.714,151.297,stable,50181.083333333336,90.1
2023-04-01,Northern Beaches,Ferry,44498,-33.714,151.297,stable,50181.083333333336,88.7
2023-05-01,Northern Beaches,Ferry,43127,-33.714,151.297,stable,50181.083333333336,85.9
2023-06-01,Northern Beaches,Ferry,45035,-33.714,151.297,stable,50181.083333333336,89.7
2023-07-01,Northern Beaches,Ferry,40079,-33.714,151.297,stable,50181.083333333336,79.9
2023-08-01,Northern Beaches,Ferry,39364,-33.714,151.297,stable,50181.083333333336,78.4
2023-09-01,Northern Beaches,Ferry,38621,-33.714,151.297,stable,50181.083333333336,77.0
2023-10-01,Northern Beaches,Ferry,37047,-33.714,151.297,stable,50181.083333333336,73.8
2023-11-01,Northern Beaches,Ferry,39033,-33.714,151.297,stable,50181.083333333336,77.8
2023-12-01,Northern Beaches,Ferry,40275,-33.714,151.297,stable,50181.083333333336,80.3
2024-01-01,Northern Beaches,Ferry,47183,-33.714,151.297,stable,50181.083333333336,94.0
2024-02-01,Northern Beaches,Ferry,45193,-33.714,151.297,stable,50181.083333333336,90.1
2024-03-01,Northern Beaches,Ferry,50368,-33.714,151.297,stable,50181.083333333336,100.4
2024-04-01,Northern Beaches,Ferry,49027,-33.714,151.297,stable,50181.083333333336,97.7
2024-05-01,Northern Beaches,Ferry,46347,-33.714,151.297,stable,50181.083333333336,92.4
2024-06-01,Northern Beaches,Ferry,46698,-33.714,151.297,stable,50181.083333333336,93.1
2024-07-01,Northern Beaches,Ferry,45543,-33.714,151.297,stable,50181.083333333336,90.8
2024-08-01,Northern Beaches,Ferry,44023,-33.714,151.297,stable,50181.083333333336,87.7
2024-09-01,Northern Beaches,Ferry,39219,-33.714,151.297,stable,50181.083333333336,78.2
2024-10-01,Northern Beaches,Ferry,41509,-33.714,151.297,stable,50181.083333333336,82.7
2024-11-01,Northern Beaches,Ferry,41447,-33.714,151.297,stable,50181.083333333336,82.6
2024-12-01,Northern Beaches,Ferry,44842,-33.714,151.297,stable,50181.083333333336,89.4
2025-01-01,Northern Beaches,Ferry,46300,-33.714,151.297,stable,50181.083333333336,92.3
2025-02-01,Northern Beaches,Ferry,51193,-33.714,151.297,stable,50181.083333333336,102.0
2025-03-01,Northern Beaches,Ferry,51465,-33.714,151.297,stable,50181.083333333336,102.6
2025-04-01,Northern Beaches,Ferry,50412,-33.714,151.297,stable,50181.083333333336,100.5
2025-05-01,Northern Beaches,Ferry,51645,-33.714,151.297,stable,50181.083333333336,102.9
2025-06-01,Northern Beaches,Ferry,50137,-33.714,151.297,stable,50181.083333333336,99.9
2025-07-01,Northern Beaches,Ferry,48533,-33.714,151.297,stable,50181.083333333336,96.7
2025-08-01,Northern Beaches,Ferry,46828,-33.714,151.297,stable,50181.083333333336,93.3
2025-09-01,Northern Beaches,Ferry,45072,-33.714,151.297,stable,50181.083333333336,89.8
2025-10-01,Northern Beaches,Ferry,45493,-33.714,151.297,stable,50181.083333333336,90.7
2025-11-01,Northern Beaches,Ferry,44908,-33.714,151.297,stable,50181.083333333336,89.5
2025-12-01,Northern Beaches,Ferry,47827,-33.714,151.297,stable,50181.083333333336,95.3
2019-01-01,Northern Beaches,Light rail,67159,-33.714,151.297,stable,65784.5,102.1
2019-02-01,Northern Beaches,Light rail,67066,-33.714,151.297,stable,65784.5,101.9
2019-03-01,Northern Beaches,Light rail,70071,-33.714,151.297,stable,65784.5,106.5
2019-04-01,Northern Beaches,Light rail,71960,-33.714,151.297,stable,65784.5,109.4
2019-05-01,Northern Beaches,Light rail,72540,-33.714,151.297,stable,65784.5,110.3
2019-06-01,Northern Beaches,Light rail,65264,-33.714,151.297,stable,65784.5,99.2
2019-07-01,Northern Beaches,Light rail,64377,-33.714,151.297,stable,65784.5,97.9
2019-08-01,Northern Beaches,Light rail,65241,-33.714,151.297,stable,65784.5,99.2
2019-09-01,Northern Beaches,Light rail,59036,-33.714,151.297,stable,65784.5,89.7
2019-10-01,Northern Beaches,Light rail,58039,-33.714,151.297,stable,65784.5,88.2
2019-11-01,Northern Beaches,Light rail,61717,-33.714,151.297,stable,65784.5,93.8
2019-12-01,Northern Beaches,Light rail,66944,-33.714,151.297,stable,65784.5,101.8
2020-01-01,Northern Beaches,Light rail,66244,-33.714,151.297,stable,65784.5,100.7
2020-02-01,Northern Beaches,Light rail,72045,-33.714,151.297,stable,65784.5,109.5
2020-03-01,Northern Beaches,Light rail,25679,-33.714,151.297,stable,65784.5,39.0
2020-04-01,Northern Beaches,Light rail,24220,-33.714,151.297,stable,65784.5,36.8
2020-05-01,Northern Beaches,Light rail,25662,-33.714,151.297,stable,65784.5,39.0
2020-06-01,Northern Beaches,Light rail,23971,-33.714,151.297,stable,65784.5,36.4
2020-07-01,Northern Beaches,Light rail,23949,-33.714,151.297,stable,65784.5,36.4
2020-08-01,Northern Beaches,Light rail,22832,-33.714,151.297,stable,65784.5,34.7
2020-09-01,Northern Beaches,Light rail,21083,-33.714,151.297,stable,65784.5,32.0
2020-10-01,Northern Beaches,Light rail,20270,-33.714,151.297,stable,65784.5,30.8
2020-11-01,Northern Beaches,Light rail,22693,-33.714,151.297,stable,65784.5,34.5
2020-12-01,Northern Beaches,Light rail,21220,-33.714,151.297,stable,65784.5,32.3
2021-01-01,Northern Beaches,Light rail,38332,-33.714,151.297,stable,65784.5,58.3
2021-02-01,Northern Beaches,Light rail,39383,-33.714,151.297,stable,65784.5,59.9
2021-03-01,Northern Beaches,Light rail,39859,-33.714,151.297,stable,65784.5,60.6
2021-04-01,Northern Beaches,Light rail,41461,-33.714,151.297,stable,65784.5,63.0
2021-05-01,Northern Beaches,Light rail,40991,-33.714,151.297,stable,65784.5,62.3
2021-06-01,Northern Beaches,Light rail,39131,-33.714,151.297,stable,65784.5,59.5
2021-07-01,Northern Beaches,Light rail,35715,-33.714,151.297,stable,65784.5,54.3
2021-08-01,Northern Beaches,Light rail,36063,-33.714,151.297,stable,65784.5,54.8
2021-09-01,Northern Beaches,Light rail,31814,-33.714,151.297,stable,65784.5,48.4
2021-10-01,Northern Beaches,Light rail,33542,-33.714,151.297,stable,65784.5,51.0
2021-11-01,Northern Beaches,Light rail,33601,-33.714,151.297,stable,65784.5,51.1
2021-12-01,Northern Beaches,Light rail,35570,-33.714,151.297,stable,65784.5,54.1
2022-01-01,Northern Beaches,Light rail,48502,-33.714,151.297,stable,65784.5,73.7
2022-02-01,Northern Beaches,Light rail,49922,-33.714,151.297,stable,65784.5,75.9
2022-03-01,Northern Beaches,Light rail,52778,-33.714,151.297,stable,65784.5,80.2
2022-04-01,Northern Beaches,Light rail,54033,-33.714,151.297,stable,65784.5,82.1
2022-05-01,Northern Beaches,Light rail,48424,-33.714,151.297,stable,65784.5,73.6
2022-06-01,Northern Beaches,Light rail,47842,-33.714,151.297,stable,65784.5,72.7
2022-07-01,Northern Beaches,Light rail,44811,-33.714,151.297,stable,65784.5,68.1
2022-08-01,Northern Beaches,Light rail,47722,-33.714,151.297,stable,65784.5,72.5
2022-09-01,Northern Beaches,Light rail,44553,-33.714,151.297,stable,65784.5,67.7
2022-10-01,Northern Beaches,Light rail,45896,-33.714,151.297,stable,65784.5,69.8
2022-11-01,Northern Beaches,Light rail,42748,-33.714,151.297,stable,65784.5,65.0
2022-12-01,Northern Beaches,Light rail,43228,-33.714,151.297,stable,65784.5,65.7
2023-01-01,Northern Beaches,Light rail,57594,-33.714,151.297,stable,65784.5,87.5
2023-02-01,Northern Beaches,Light rail,60490,-33.714,151.297,stable,65784.5,92.0
2023-03-01,Northern Beaches,Light rail,57873,-33.714,151.297,stable,65784.5,88.0
2023-04-01,Northern Beaches,Light rail,59216,-33.714,151.297,stable,65784.5,90.0
2023-05-01,Northern Beaches,Light rail,56718,-33.714,151.297,stable,65784.5,86.2
2023-06-01,Northern Beaches,Light rail,60745,-33.714,151.297,stable,65784.5,92.3
2023-07-01,Northern Beaches,Light rail,54138,-33.714,151.297,stable,65784.5,82.3
2023-08-01,Northern Beaches,Light rail,53175,-33.714,151.297,stable,65784.5,80.8
2023-09-01,Northern Beaches,Light rail,49104,-33.714,151.297,stable,65784.5,74.6
2023-10-01,Northern Beaches,Light rail,53375,-33.714,151.297,stable,65784.5,81.1
2023-11-01,Northern Beaches,Light rail,49343,-33.714,151.297,stable,65784.5,75.0
2023-12-01,Northern Beaches,Light rail,52926,-33.714,151.297,stable,65784.5,80.5
2024-01-01,Northern Beaches,Light rail,60615,-33.714,151.297,stable,65784.5,92.1
2024-02-01,Northern Beaches,Light rail,63578,-33.714,151.297,stable,65784.5,96.6
2024-03-01,Northern Beaches,Light rail,66914,-33.714,151.297,stable,65784.5,101.7
2024-04-01,Northern Beaches,Light rail,63529,-33.714,151.297,stable,65784.5,96.6
2024-05-01,Northern Beaches,Light rail,65361,-33.714,151.297,stable,65784.5,99.4
2024-06-01,Northern Beaches,Light rail,59214,-33.714,151.297,stable,65784.5,90.0
2024-07-01,Northern Beaches,Light rail,63496,-33.714,151.297,synthetic allocation change from July 2024,65784.5,96.5
2024-08-01,Northern Beaches,Light rail,58622,-33.714,151.297,synthetic allocation change from July 2024,65784.5,89.1
2024-09-01,Northern Beaches,Light rail,59631,-33.714,151.297,synthetic allocation change from July 2024,65784.5,90.6
2024-10-01,Northern Beaches,Light rail,58369,-33.714,151.297,synthetic allocation change from July 2024,65784.5,88.7
2024-11-01,Northern Beaches,Light rail,62942,-33.714,151.297,synthetic allocation change from July 2024,65784.5,95.7
2024-12-01,Northern Beaches,Light rail,58132,-33.714,151.297,synthetic allocation change from July 2024,65784.5,88.4
2025-01-01,Northern Beaches,Light rail,67365,-33.714,151.297,synthetic allocation change from July 2024,65784.5,102.4
2025-02-01,Northern Beaches,Light rail,70682,-33.714,151.297,synthetic allocation change from July 2024,65784.5,107.4
2025-03-01,Northern Beaches,Light rail,77125,-33.714,151.297,synthetic allocation change from July 2024,65784.5,117.2
2025-04-01,Northern Beaches,Light rail,77055,-33.714,151.297,synthetic allocation change from July 2024,65784.5,117.1
2025-05-01,Northern Beaches,Light rail,69651,-33.714,151.297,synthetic allocation change from July 2024,65784.5,105.9
2025-06-01,Northern Beaches,Light rail,72751,-33.714,151.297,synthetic allocation change from July 2024,65784.5,110.6
2025-07-01,Northern Beaches,Light rail,68793,-33.714,151.297,synthetic allocation change from July 2024,65784.5,104.6
2025-08-01,Northern Beaches,Light rail,69458,-33.714,151.297,synthetic allocation change from July 2024,65784.5,105.6
2025-09-01,Northern Beaches,Light rail,62607,-33.714,151.297,synthetic allocation change from July 2024,65784.5,95.2
2025-10-01,Northern Beaches,Light rail,62184,-33.714,151.297,synthetic allocation change from July 2024,65784.5,94.5
2025-11-01,Northern Beaches,Light rail,61317,-33.714,151.297,synthetic allocation change from July 2024,65784.5,93.2
2025-12-01,Northern Beaches,Light rail,62713,-33.714,151.297,synthetic allocation change from July 2024,65784.5,95.3
2019-01-01,Central Coast,Train,468793,-33.425,151.342,stable,449275.0833333333,104.3
2019-02-01,Central Coast,Train,465456,-33.425,151.342,stable,449275.0833333333,103.6
2019-03-01,Central Coast,Train,490575,-33.425,151.342,stable,449275.0833333333,109.2
2019-04-01,Central Coast,Train,494264,-33.425,151.342,stable,449275.0833333333,110.0
2019-05-01,Central Coast,Train,486786,-33.425,151.342,stable,449275.0833333333,108.3
2019-06-01,Central Coast,Train,441119,-33.425,151.342,stable,449275.0833333333,98.2
2019-07-01,Central Coast,Train,465486,-33.425,151.342,stable,449275.0833333333,103.6
2019-08-01,Central Coast,Train,418706,-33.425,151.342,stable,449275.0833333333,93.2
2019-09-01,Central Coast,Train,400022,-33.425,151.342,stable,449275.0833333333,89.0
2019-10-01,Central Coast,Train,417208,-33.425,151.342,stable,449275.0833333333,92.9
2019-11-01,Central Coast,Train,397141,-33.425,151.342,stable,449275.0833333333,88.4
2019-12-01,Central Coast,Train,445745,-33.425,151.342,stable,449275.0833333333,99.2
2020-01-01,Central Coast,Train,434186,-33.425,151.342,stable,449275.0833333333,96.6
2020-02-01,Central Coast,Train,452047,-33.425,151.342,stable,449275.0833333333,100.6
2020-03-01,Central Coast,Train,175883,-33.425,151.342,stable,449275.0833333333,39.1
2020-04-01,Central Coast,Train,166600,-33.425,151.342,stable,449275.0833333333,37.1
2020-05-01,Central Coast,Train,161289,-33.425,151.342,stable,449275.0833333333,35.9
2020-06-01,Central Coast,Train,171672,-33.425,151.342,stable,449275.0833333333,38.2
2020-07-01,Central Coast,Train,148103,-33.425,151.342,stable,449275.0833333333,33.0
2020-08-01,Central Coast,Train,157702,-33.425,151.342,stable,449275.0833333333,35.1
2020-09-01,Central Coast,Train,140337,-33.425,151.342,stable,449275.0833333333,31.2
2020-10-01,Central Coast,Train,138466,-33.425,151.342,stable,449275.0833333333,30.8
2020-11-01,Central Coast,Train,142201,-33.425,151.342,stable,449275.0833333333,31.7
2020-12-01,Central Coast,Train,145294,-33.425,151.342,stable,449275.0833333333,32.3
2021-01-01,Central Coast,Train,252283,-33.425,151.342,stable,449275.0833333333,56.2
2021-02-01,Central Coast,Train,242752,-33.425,151.342,stable,449275.0833333333,54.0
2021-03-01,Central Coast,Train,249240,-33.425,151.342,stable,449275.0833333333,55.5
2021-04-01,Central Coast,Train,276601,-33.425,151.342,stable,449275.0833333333,61.6
2021-05-01,Central Coast,Train,256324,-33.425,151.342,stable,449275.0833333333,57.1
2021-06-01,Central Coast,Train,251956,-33.425,151.342,stable,449275.0833333333,56.1
2021-07-01,Central Coast,Train,237825,-33.425,151.342,stable,449275.0833333333,52.9
2021-08-01,Central Coast,Train,224838,-33.425,151.342,stable,449275.0833333333,50.0
2021-09-01,Central Coast,Train,237034,-33.425,151.342,stable,449275.0833333333,52.8
2021-10-01,Central Coast,Train,228412,-33.425,151.342,stable,449275.0833333333,50.8
2021-11-01,Central Coast,Train,237143,-33.425,151.342,stable,449275.0833333333,52.8
2021-12-01,Central Coast,Train,236922,-33.425,151.342,stable,449275.0833333333,52.7
2022-01-01,Central Coast,Train,334809,-33.425,151.342,stable,449275.0833333333,74.5
2022-02-01,Central Coast,Train,337495,-33.425,151.342,stable,449275.0833333333,75.1
2022-03-01,Central Coast,Train,330194,-33.425,151.342,stable,449275.0833333333,73.5
2022-04-01,Central Coast,Train,350081,-33.425,151.342,stable,449275.0833333333,77.9
2022-05-01,Central Coast,Train,364964,-33.425,151.342,stable,449275.0833333333,81.2
2022-06-01,Central Coast,Train,318495,-33.425,151.342,stable,449275.0833333333,70.9
2022-07-01,Central Coast,Train,335011,-33.425,151.342,stable,449275.0833333333,74.6
2022-08-01,Central Coast,Train,324737,-33.425,151.342,stable,449275.0833333333,72.3
2022-09-01,Central Coast,Train,302328,-33.425,151.342,stable,449275.0833333333,67.3
2022-10-01,Central Coast,Train,296579,-33.425,151.342,stable,449275.0833333333,66.0
2022-11-01,Central Coast,Train,318344,-33.425,151.342,stable,449275.0833333333,70.9
2022-12-01,Central Coast,Train,294647,-33.425,151.342,stable,449275.0833333333,65.6
2023-01-01,Central Coast,Train,377046,-33.425,151.342,stable,449275.0833333333,83.9
2023-02-01,Central Coast,Train,388478,-33.425,151.342,stable,449275.0833333333,86.5
2023-03-01,Central Coast,Train,413214,-33.425,151.342,stable,449275.0833333333,92.0
2023-04-01,Central Coast,Train,407763,-33.425,151.342,stable,449275.0833333333,90.8
2023-05-01,Central Coast,Train,424060,-33.425,151.342,stable,449275.0833333333,94.4
2023-06-01,Central Coast,Train,372999,-33.425,151.342,stable,449275.0833333333,83.0
2023-07-01,Central Coast,Train,358984,-33.425,151.342,stable,449275.0833333333,79.9
2023-08-01,Central Coast,Train,367595,-33.425,151.342,stable,449275.0833333333,81.8
2023-09-01,Central Coast,Train,333475,-33.425,151.342,stable,449275.0833333333,74.2
2023-10-01,Central Coast,Train,338371,-33.425,151.342,stable,449275.0833333333,75.3
2023-11-01,Central Coast,Train,357429,-33.425,151.342,stable,449275.0833333333,79.6
2023-12-01,Central Coast,Train,364985,-33.425,151.342,stable,449275.0833333333,81.2
2024-01-01,Central Coast,Train,396504,-33.425,151.342,stable,449275.0833333333,88.3
2024-02-01,Central Coast,Train,446200,-33.425,151.342,stable,449275.0833333333,99.3
2024-03-01,Central Coast,Train,434647,-33.425,151.342,stable,449275.0833333333,96.7
2024-04-01,Central Coast,Train,434970,-33.425,151.342,stable,449275.0833333333,96.8
2024-05-01,Central Coast,Train,438537,-33.425,151.342,stable,449275.0833333333,97.6
2024-06-01,Central Coast,Train,400940,-33.425,151.342,stable,449275.0833333333,89.2
2024-07-01,Central Coast,Train,414806,-33.425,151.342,stable,449275.0833333333,92.3
2024-08-01,Central Coast,Train,405259,-33.425,151.342,stable,449275.0833333333,90.2
2024-09-01,Central Coast,Train,383767,-33.425,151.342,stable,449275.0833333333,85.4
2024-10-01,Central Coast,Train,384625,-33.425,151.342,stable,449275.0833333333,85.6
2024-11-01,Central Coast,Train,386930,-33.425,151.342,stable,449275.0833333333,86.1
2024-12-01,Central Coast,Train,375504,-33.425,151.342,stable,449275.0833333333,83.6
2025-01-01,Central Coast,Train,429488,-33.425,151.342,stable,449275.0833333333,95.6
2025-02-01,Central Coast,Train,434642,-33.425,151.342,stable,449275.0833333333,96.7
2025-03-01,Central Coast,Train,453001,-33.425,151.342,stable,449275.0833333333,100.8
2025-04-01,Central Coast,Train,463956,-33.425,151.342,stable,449275.0833333333,103.3
2025-05-01,Central Coast,Train,457273,-33.425,151.342,stable,449275.0833333333,101.8
2025-06-01,Central Coast,Train,427449,-33.425,151.342,stable,449275.0833333333,95.1
2025-07-01,Central Coast,Train,428203,-33.425,151.342,stable,449275.0833333333,95.3
2025-08-01,Central Coast,Train,422936,-33.425,151.342,stable,449275.0833333333,94.1
2025-09-01,Central Coast,Train,396005,-33.425,151.342,stable,449275.0833333333,88.1
2025-10-01,Central Coast,Train,380873,-33.425,151.342,stable,449275.0833333333,84.8
2025-11-01,Central Coast,Train,422478,-33.425,151.342,stable,449275.0833333333,94.0
2025-12-01,Central Coast,Train,393177,-33.425,151.342,stable,449275.0833333333,87.5
2019-01-01,Central Coast,Bus,327540,-33.425,151.342,stable,314335.4166666667,104.2
2019-02-01,Central Coast,Bus,311609,-33.425,151.342,stable,314335.4166666667,99.1
2019-03-01,Central Coast,Bus,320517,-33.425,151.342,stable,314335.4166666667,102.0
2019-04-01,Central Coast,Bus,349948,-33.425,151.342,stable,314335.4166666667,111.3
2019-05-01,Central Coast,Bus,349425,-33.425,151.342,stable,314335.4166666667,111.2
2019-06-01,Central Coast,Bus,329816,-33.425,151.342,stable,314335.4166666667,104.9
2019-07-01,Central Coast,Bus,318268,-33.425,151.342,stable,314335.4166666667,101.3
2019-08-01,Central Coast,Bus,304634,-33.425,151.342,stable,314335.4166666667,96.9
2019-09-01,Central Coast,Bus,287182,-33.425,151.342,stable,314335.4166666667,91.4
2019-10-01,Central Coast,Bus,276662,-33.425,151.342,stable,314335.4166666667,88.0
2019-11-01,Central Coast,Bus,288025,-33.425,151.342,stable,314335.4166666667,91.6
2019-12-01,Central Coast,Bus,308399,-33.425,151.342,stable,314335.4166666667,98.1
2020-01-01,Central Coast,Bus,324460,-33.425,151.342,stable,314335.4166666667,103.2
2020-02-01,Central Coast,Bus,342070,-33.425,151.342,stable,314335.4166666667,108.8
2020-03-01,Central Coast,Bus,121015,-33.425,151.342,stable,314335.4166666667,38.5
2020-04-01,Central Coast,Bus,125762,-33.425,151.342,stable,314335.4166666667,40.0
2020-05-01,Central Coast,Bus,119308,-33.425,151.342,stable,314335.4166666667,38.0
2020-06-01,Central Coast,Bus,112618,-33.425,151.342,stable,314335.4166666667,35.8
2020-07-01,Central Coast,Bus,111280,-33.425,151.342,stable,314335.4166666667,35.4
2020-08-01,Central Coast,Bus,102191,-33.425,151.342,stable,314335.4166666667,32.5
2020-09-01,Central Coast,Bus,104541,-33.425,151.342,stable,314335.4166666667,33.3
2020-10-01,Central Coast,Bus,98073,-33.425,151.342,stable,314335.4166666667,31.2
2020-11-01,Central Coast,Bus,97787,-33.425,151.342,stable,314335.4166666667,31.1
2020-12-01,Central Coast,Bus,110226,-33.425,151.342,stable,314335.4166666667,35.1
2021-01-01,Central Coast,Bus,170496,-33.425,151.342,stable,314335.4166666667,54.2
2021-02-01,Central Coast,Bus,185857,-33.425,151.342,stable,314335.4166666667,59.1
2021-03-01,Central Coast,Bus,186900,-33.425,151.342,stable,314335.4166666667,59.5
2021-04-01,Central Coast,Bus,194008,-33.425,151.342,stable,314335.4166666667,61.7
2021-05-01,Central Coast,Bus,192926,-33.425,151.342,stable,314335.4166666667,61.4
2021-06-01,Central Coast,Bus,190440,-33.425,151.342,stable,314335.4166666667,60.6
2021-07-01,Central Coast,Bus,179870,-33.425,151.342,stable,314335.4166666667,57.2
2021-08-01,Central Coast,Bus,168586,-33.425,151.342,stable,314335.4166666667,53.6
2021-09-01,Central Coast,Bus,164008,-33.425,151.342,stable,314335.4166666667,52.2
2021-10-01,Central Coast,Bus,150328,-33.425,151.342,stable,314335.4166666667,47.8
2021-11-01,Central Coast,Bus,169549,-33.425,151.342,stable,314335.4166666667,53.9
2021-12-01,Central Coast,Bus,172895,-33.425,151.342,stable,314335.4166666667,55.0
2022-01-01,Central Coast,Bus,220470,-33.425,151.342,stable,314335.4166666667,70.1
2022-02-01,Central Coast,Bus,226826,-33.425,151.342,stable,314335.4166666667,72.2
2022-03-01,Central Coast,Bus,248412,-33.425,151.342,stable,314335.4166666667,79.0
2022-04-01,Central Coast,Bus,239329,-33.425,151.342,stable,314335.4166666667,76.1
2022-05-01,Central Coast,Bus,237851,-33.425,151.342,stable,314335.4166666667,75.7
2022-06-01,Central Coast,Bus,221892,-33.425,151.342,stable,314335.4166666667,70.6
2022-07-01,Central Coast,Bus,236866,-33.425,151.342,stable,314335.4166666667,75.4
2022-08-01,Central Coast,Bus,219460,-33.425,151.342,stable,314335.4166666667,69.8
2022-09-01,Central Coast,Bus,208573,-33.425,151.342,stable,314335.4166666667,66.4
2022-10-01,Central Coast,Bus,199688,-33.425,151.342,stable,314335.4166666667,63.5
2022-11-01,Central Coast,Bus,214460,-33.425,151.342,stable,314335.4166666667,68.2
2022-12-01,Central Coast,Bus,205465,-33.425,151.342,stable,314335.4166666667,65.4
2023-01-01,Central Coast,Bus,272414,-33.425,151.342,stable,314335.4166666667,86.7
2023-02-01,Central Coast,Bus,265777,-33.425,151.342,stable,314335.4166666667,84.6
2023-03-01,Central Coast,Bus,280210,-33.425,151.342,stable,314335.4166666667,89.1
2023-04-01,Central Coast,Bus,280311,-33.425,151.342,stable,314335.4166666667,89.2
2023-05-01,Central Coast,Bus,278520,-33.425,151.342,stable,314335.4166666667,88.6
2023-06-01,Central Coast,Bus,282501,-33.425,151.342,stable,314335.4166666667,89.9
2023-07-01,Central Coast,Bus,273390,-33.425,151.342,stable,314335.4166666667,87.0
2023-08-01,Central Coast,Bus,256076,-33.425,151.342,stable,314335.4166666667,81.5
2023-09-01,Central Coast,Bus,234002,-33.425,151.342,stable,314335.4166666667,74.4
2023-10-01,Central Coast,Bus,230362,-33.425,151.342,stable,314335.4166666667,73.3
2023-11-01,Central Coast,Bus,236143,-33.425,151.342,stable,314335.4166666667,75.1
2023-12-01,Central Coast,Bus,257607,-33.425,151.342,stable,314335.4166666667,82.0
2024-01-01,Central Coast,Bus,289418,-33.425,151.342,stable,314335.4166666667,92.1
2024-02-01,Central Coast,Bus,286776,-33.425,151.342,stable,314335.4166666667,91.2
2024-03-01,Central Coast,Bus,309032,-33.425,151.342,stable,314335.4166666667,98.3
2024-04-01,Central Coast,Bus,305653,-33.425,151.342,stable,314335.4166666667,97.2
2024-05-01,Central Coast,Bus,301033,-33.425,151.342,stable,314335.4166666667,95.8
2024-06-01,Central Coast,Bus,286814,-33.425,151.342,stable,314335.4166666667,91.2
2024-07-01,Central Coast,Bus,315547,-33.425,151.342,synthetic allocation change from July 2024,314335.4166666667,100.4
2024-08-01,Central Coast,Bus,280311,-33.425,151.342,synthetic allocation change from July 2024,314335.4166666667,89.2
2024-09-01,Central Coast,Bus,282570,-33.425,151.342,synthetic allocation change from July 2024,314335.4166666667,89.9
2024-10-01,Central Coast,Bus,274358,-33.425,151.342,synthetic allocation change from July 2024,314335.4166666667,87.3
2024-11-01,Central Coast,Bus,291070,-33.425,151.342,synthetic allocation change from July 2024,314335.4166666667,92.6
2024-12-01,Central Coast,Bus,293461,-33.425,151.342,synthetic allocation change from July 2024,314335.4166666667,93.4
2025-01-01,Central Coast,Bus,333142,-33.425,151.342,synthetic allocation change from July 2024,314335.4166666667,106.0
2025-02-01,Central Coast,Bus,321127,-33.425,151.342,synthetic allocation change from July 2024,314335.4166666667,102.2
2025-03-01,Central Coast,Bus,344829,-33.425,151.342,synthetic allocation change from July 2024,314335.4166666667,109.7
2025-04-01,Central Coast,Bus,356923,-33.425,151.342,synthetic allocation change from July 2024,314335.4166666667,113.5
2025-05-01,Central Coast,Bus,328587,-33.425,151.342,synthetic allocation change from July 2024,314335.4166666667,104.5
2025-06-01,Central Coast,Bus,331561,-33.425,151.342,synthetic allocation change from July 2024,314335.4166666667,105.5
2025-07-01,Central Coast,Bus,315274,-33.425,151.342,synthetic allocation change from July 2024,314335.4166666667,100.3
2025-08-01,Central Coast,Bus,299879,-33.425,151.342,synthetic allocation change from July 2024,314335.4166666667,95.4
2025-09-01,Central Coast,Bus,295047,-33.425,151.342,synthetic allocation change from July 2024,314335.4166666667,93.9
2025-10-01,Central Coast,Bus,294267,-33.425,151.342,synthetic allocation change from July 2024,314335.4166666667,93.6
2025-11-01,Central Coast,Bus,286009,-33.425,151.342,synthetic allocation change from July 2024,314335.4166666667,91.0
2025-12-01,Central Coast,Bus,322821,-33.425,151.342,synthetic allocation change from July 2024,314335.4166666667,102.7
2019-01-01,Central Coast,Ferry,38923,-33.425,151.342,stable,40594.416666666664,95.9
2019-02-01,Central Coast,Ferry,41514,-33.425,151.342,stable,40594.416666666664,102.3
2019-03-01,Central Coast,Ferry,44364,-33.425,151.342,stable,40594.416666666664,109.3
2019-04-01,Central Coast,Ferry,43741,-33.425,151.342,stable,40594.416666666664,107.8
2019-05-01,Central Coast,Ferry,45038,-33.425,151.342,stable,40594.416666666664,110.9
2019-06-01,Central Coast,Ferry,43667,-33.425,151.342,stable,40594.416666666664,107.6
2019-07-01,Central Coast,Ferry,38420,-33.425,151.342,stable,40594.416666666664,94.6
2019-08-01,Central Coast,Ferry,40567,-33.425,151.342,stable,40594.416666666664,99.9
2019-09-01,Central Coast,Ferry,35623,-33.425,151.342,stable,40594.416666666664,87.8
2019-10-01,Central Coast,Ferry,35108,-33.425,151.342,stable,40594.416666666664,86.5
2019-11-01,Central Coast,Ferry,39599,-33.425,151.342,stable,40594.416666666664,97.5
2019-12-01,Central Coast,Ferry,40569,-33.425,151.342,stable,40594.416666666664,99.9
2020-01-01,Central Coast,Ferry,40868,-33.425,151.342,stable,40594.416666666664,100.7
2020-02-01,Central Coast,Ferry,42490,-33.425,151.342,stable,40594.416666666664,104.7
2020-03-01,Central Coast,Ferry,15538,-33.425,151.342,stable,40594.416666666664,38.3
2020-04-01,Central Coast,Ferry,15157,-33.425,151.342,stable,40594.416666666664,37.3
2020-05-01,Central Coast,Ferry,14457,-33.425,151.342,stable,40594.416666666664,35.6
2020-06-01,Central Coast,Ferry,13894,-33.425,151.342,stable,40594.416666666664,34.2
2020-07-01,Central Coast,Ferry,13876,-33.425,151.342,stable,40594.416666666664,34.2
2020-08-01,Central Coast,Ferry,14100,-33.425,151.342,stable,40594.416666666664,34.7
2020-09-01,Central Coast,Ferry,13379,-33.425,151.342,stable,40594.416666666664,33.0
2020-10-01,Central Coast,Ferry,13560,-33.425,151.342,stable,40594.416666666664,33.4
2020-11-01,Central Coast,Ferry,13857,-33.425,151.342,stable,40594.416666666664,34.1
2020-12-01,Central Coast,Ferry,12935,-33.425,151.342,stable,40594.416666666664,31.9
2021-01-01,Central Coast,Ferry,23195,-33.425,151.342,stable,40594.416666666664,57.1
2021-02-01,Central Coast,Ferry,22452,-33.425,151.342,stable,40594.416666666664,55.3
2021-03-01,Central Coast,Ferry,24072,-33.425,151.342,stable,40594.416666666664,59.3
2021-04-01,Central Coast,Ferry,24126,-33.425,151.342,stable,40594.416666666664,59.4
2021-05-01,Central Coast,Ferry,23520,-33.425,151.342,stable,40594.416666666664,57.9
2021-06-01,Central Coast,Ferry,22638,-33.425,151.342,stable,40594.416666666664,55.8
2021-07-01,Central Coast,Ferry,21846,-33.425,151.342,stable,40594.416666666664,53.8
2021-08-01,Central Coast,Ferry,20955,-33.425,151.342,stable,40594.416666666664,51.6
2021-09-01,Central Coast,Ferry,19906,-33.425,151.342,stable,40594.416666666664,49.0
2021-10-01,Central Coast,Ferry,20518,-33.425,151.342,stable,40594.416666666664,50.5
2021-11-01,Central Coast,Ferry,19771,-33.425,151.342,stable,40594.416666666664,48.7
2021-12-01,Central Coast,Ferry,21409,-33.425,151.342,stable,40594.416666666664,52.7
2022-01-01,Central Coast,Ferry,30580,-33.425,151.342,stable,40594.416666666664,75.3
2022-02-01,Central Coast,Ferry,29778,-33.425,151.342,stable,40594.416666666664,73.4
2022-03-01,Central Coast,Ferry,32031,-33.425,151.342,stable,40594.416666666664,78.9
2022-04-01,Central Coast,Ferry,32698,-33.425,151.342,stable,40594.416666666664,80.5
2022-05-01,Central Coast,Ferry,32359,-33.425,151.342,stable,40594.416666666664,79.7
2022-06-01,Central Coast,Ferry,29366,-33.425,151.342,stable,40594.416666666664,72.3
2022-07-01,Central Coast,Ferry,27922,-33.425,151.342,stable,40594.416666666664,68.8
2022-08-01,Central Coast,Ferry,26976,-33.425,151.342,stable,40594.416666666664,66.5
2022-09-01,Central Coast,Ferry,27473,-33.425,151.342,stable,40594.416666666664,67.7
2022-10-01,Central Coast,Ferry,27664,-33.425,151.342,stable,40594.416666666664,68.1
2022-11-01,Central Coast,Ferry,27646,-33.425,151.342,stable,40594.416666666664,68.1
2022-12-01,Central Coast,Ferry,26909,-33.425,151.342,stable,40594.416666666664,66.3
2023-01-01,Central Coast,Ferry,35133,-33.425,151.342,stable,40594.416666666664,86.5
2023-02-01,Central Coast,Ferry,35355,-33.425,151.342,stable,40594.416666666664,87.1
2023-03-01,Central Coast,Ferry,37487,-33.425,151.342,stable,40594.416666666664,92.3
2023-04-01,Central Coast,Ferry,37887,-33.425,151.342,stable,40594.416666666664,93.3
2023-05-01,Central Coast,Ferry,36153,-33.425,151.342,stable,40594.416666666664,89.1
2023-06-01,Central Coast,Ferry,37181,-33.425,151.342,stable,40594.416666666664,91.6
2023-07-01,Central Coast,Ferry,34283,-33.425,151.342,stable,40594.416666666664,84.5
2023-08-01,Central Coast,Ferry,33189,-33.425,151.342,stable,40594.416666666664,81.8
2023-09-01,Central Coast,Ferry,32136,-33.425,151.342,stable,40594.416666666664,79.2
2023-10-01,Central Coast,Ferry,32666,-33.425,151.342,stable,40594.416666666664,80.5
2023-11-01,Central Coast,Ferry,32146,-33.425,151.342,stable,40594.416666666664,79.2
2023-12-01,Central Coast,Ferry,31291,-33.425,151.342,stable,40594.416666666664,77.1
2024-01-01,Central Coast,Ferry,34561,-33.425,151.342,stable,40594.416666666664,85.1
2024-02-01,Central Coast,Ferry,37645,-33.425,151.342,stable,40594.416666666664,92.7
2024-03-01,Central Coast,Ferry,38053,-33.425,151.342,stable,40594.416666666664,93.7
2024-04-01,Central Coast,Ferry,38301,-33.425,151.342,stable,40594.416666666664,94.4
2024-05-01,Central Coast,Ferry,36899,-33.425,151.342,stable,40594.416666666664,90.9
2024-06-01,Central Coast,Ferry,37941,-33.425,151.342,stable,40594.416666666664,93.5
2024-07-01,Central Coast,Ferry,35620,-33.425,151.342,stable,40594.416666666664,87.7
2024-08-01,Central Coast,Ferry,34790,-33.425,151.342,stable,40594.416666666664,85.7
2024-09-01,Central Coast,Ferry,32120,-33.425,151.342,stable,40594.416666666664,79.1
2024-10-01,Central Coast,Ferry,34868,-33.425,151.342,stable,40594.416666666664,85.9
2024-11-01,Central Coast,Ferry,32201,-33.425,151.342,stable,40594.416666666664,79.3
2024-12-01,Central Coast,Ferry,36521,-33.425,151.342,stable,40594.416666666664,90.0
2025-01-01,Central Coast,Ferry,40537,-33.425,151.342,stable,40594.416666666664,99.9
2025-02-01,Central Coast,Ferry,40993,-33.425,151.342,stable,40594.416666666664,101.0
2025-03-01,Central Coast,Ferry,41608,-33.425,151.342,stable,40594.416666666664,102.5
2025-04-01,Central Coast,Ferry,41802,-33.425,151.342,stable,40594.416666666664,103.0
2025-05-01,Central Coast,Ferry,41844,-33.425,151.342,stable,40594.416666666664,103.1
2025-06-01,Central Coast,Ferry,41851,-33.425,151.342,stable,40594.416666666664,103.1
2025-07-01,Central Coast,Ferry,40727,-33.425,151.342,stable,40594.416666666664,100.3
2025-08-01,Central Coast,Ferry,37099,-33.425,151.342,stable,40594.416666666664,91.4
2025-09-01,Central Coast,Ferry,37531,-33.425,151.342,stable,40594.416666666664,92.5
2025-10-01,Central Coast,Ferry,36421,-33.425,151.342,stable,40594.416666666664,89.7
2025-11-01,Central Coast,Ferry,35411,-33.425,151.342,stable,40594.416666666664,87.2
2025-12-01,Central Coast,Ferry,37215,-33.425,151.342,stable,40594.416666666664,91.7
2019-01-01,Central Coast,Light rail,51737,-33.425,151.342,stable,53255.083333333336,97.1
2019-02-01,Central Coast,Light rail,53207,-33.425,151.342,stable,53255.083333333336,99.9
2019-03-01,Central Coast,Light rail,54993,-33.425,151.342,stable,53255.083333333336,103.3
2019-04-01,Central Coast,Light rail,61113,-33.425,151.342,stable,53255.083333333336,114.8
2019-05-01,Central Coast,Light rail,56656,-33.425,151.342,stable,53255.083333333336,106.4
2019-06-01,Central Coast,Light rail,57604,-33.425,151.342,stable,53255.083333333336,108.2
2019-07-01,Central Coast,Light rail,54029,-33.425,151.342,stable,53255.083333333336,101.5
2019-08-01,Central Coast,Light rail,49803,-33.425,151.342,stable,53255.083333333336,93.5
2019-09-01,Central Coast,Light rail,48737,-33.425,151.342,stable,53255.083333333336,91.5
2019-10-01,Central Coast,Light rail,49308,-33.425,151.342,stable,53255.083333333336,92.6
2019-11-01,Central Coast,Light rail,49893,-33.425,151.342,stable,53255.083333333336,93.7
2019-12-01,Central Coast,Light rail,51981,-33.425,151.342,stable,53255.083333333336,97.6
2020-01-01,Central Coast,Light rail,51788,-33.425,151.342,stable,53255.083333333336,97.2
2020-02-01,Central Coast,Light rail,55303,-33.425,151.342,stable,53255.083333333336,103.8
2020-03-01,Central Coast,Light rail,19682,-33.425,151.342,stable,53255.083333333336,37.0
2020-04-01,Central Coast,Light rail,20188,-33.425,151.342,stable,53255.083333333336,37.9
2020-05-01,Central Coast,Light rail,19817,-33.425,151.342,stable,53255.083333333336,37.2
2020-06-01,Central Coast,Light rail,19886,-33.425,151.342,stable,53255.083333333336,37.3
2020-07-01,Central Coast,Light rail,19555,-33.425,151.342,stable,53255.083333333336,36.7
2020-08-01,Central Coast,Light rail,18464,-33.425,151.342,stable,53255.083333333336,34.7
2020-09-01,Central Coast,Light rail,16674,-33.425,151.342,stable,53255.083333333336,31.3
2020-10-01,Central Coast,Light rail,16541,-33.425,151.342,stable,53255.083333333336,31.1
2020-11-01,Central Coast,Light rail,17967,-33.425,151.342,stable,53255.083333333336,33.7
2020-12-01,Central Coast,Light rail,17674,-33.425,151.342,stable,53255.083333333336,33.2
2021-01-01,Central Coast,Light rail,30497,-33.425,151.342,stable,53255.083333333336,57.3
2021-02-01,Central Coast,Light rail,31468,-33.425,151.342,stable,53255.083333333336,59.1
2021-03-01,Central Coast,Light rail,33306,-33.425,151.342,stable,53255.083333333336,62.5
2021-04-01,Central Coast,Light rail,33512,-33.425,151.342,stable,53255.083333333336,62.9
2021-05-01,Central Coast,Light rail,31122,-33.425,151.342,stable,53255.083333333336,58.4
2021-06-01,Central Coast,Light rail,31194,-33.425,151.342,stable,53255.083333333336,58.6
2021-07-01,Central Coast,Light rail,28422,-33.425,151.342,stable,53255.083333333336,53.4
2021-08-01,Central Coast,Light rail,27998,-33.425,151.342,stable,53255.083333333336,52.6
2021-09-01,Central Coast,Light rail,29193,-33.425,151.342,stable,53255.083333333336,54.8
2021-10-01,Central Coast,Light rail,27974,-33.425,151.342,stable,53255.083333333336,52.5
2021-11-01,Central Coast,Light rail,27283,-33.425,151.342,stable,53255.083333333336,51.2
2021-12-01,Central Coast,Light rail,28837,-33.425,151.342,stable,53255.083333333336,54.1
2022-01-01,Central Coast,Light rail,40923,-33.425,151.342,stable,53255.083333333336,76.8
2022-02-01,Central Coast,Light rail,39511,-33.425,151.342,stable,53255.083333333336,74.2
2022-03-01,Central Coast,Light rail,40958,-33.425,151.342,stable,53255.083333333336,76.9
2022-04-01,Central Coast,Light rail,43460,-33.425,151.342,stable,53255.083333333336,81.6
2022-05-01,Central Coast,Light rail,43136,-33.425,151.342,stable,53255.083333333336,81.0
2022-06-01,Central Coast,Light rail,41260,-33.425,151.342,stable,53255.083333333336,77.5
2022-07-01,Central Coast,Light rail,40414,-33.425,151.342,stable,53255.083333333336,75.9
2022-08-01,Central Coast,Light rail,38394,-33.425,151.342,stable,53255.083333333336,72.1
2022-09-01,Central Coast,Light rail,36991,-33.425,151.342,stable,53255.083333333336,69.5
2022-10-01,Central Coast,Light rail,35882,-33.425,151.342,stable,53255.083333333336,67.4
2022-11-01,Central Coast,Light rail,36820,-33.425,151.342,stable,53255.083333333336,69.1
2022-12-01,Central Coast,Light rail,36981,-33.425,151.342,stable,53255.083333333336,69.4
2023-01-01,Central Coast,Light rail,44607,-33.425,151.342,stable,53255.083333333336,83.8
2023-02-01,Central Coast,Light rail,46396,-33.425,151.342,stable,53255.083333333336,87.1
2023-03-01,Central Coast,Light rail,46641,-33.425,151.342,stable,53255.083333333336,87.6
2023-04-01,Central Coast,Light rail,47308,-33.425,151.342,stable,53255.083333333336,88.8
2023-05-01,Central Coast,Light rail,51108,-33.425,151.342,stable,53255.083333333336,96.0
2023-06-01,Central Coast,Light rail,47096,-33.425,151.342,stable,53255.083333333336,88.4
2023-07-01,Central Coast,Light rail,43871,-33.425,151.342,stable,53255.083333333336,82.4
2023-08-01,Central Coast,Light rail,41651,-33.425,151.342,stable,53255.083333333336,78.2
2023-09-01,Central Coast,Light rail,40075,-33.425,151.342,stable,53255.083333333336,75.3
2023-10-01,Central Coast,Light rail,43456,-33.425,151.342,stable,53255.083333333336,81.6
2023-11-01,Central Coast,Light rail,40196,-33.425,151.342,stable,53255.083333333336,75.5
2023-12-01,Central Coast,Light rail,44961,-33.425,151.342,stable,53255.083333333336,84.4
2024-01-01,Central Coast,Light rail,50554,-33.425,151.342,stable,53255.083333333336,94.9
2024-02-01,Central Coast,Light rail,52871,-33.425,151.342,stable,53255.083333333336,99.3
2024-03-01,Central Coast,Light rail,49084,-33.425,151.342,stable,53255.083333333336,92.2
2024-04-01,Central Coast,Light rail,51459,-33.425,151.342,stable,53255.083333333336,96.6
2024-05-01,Central Coast,Light rail,53627,-33.425,151.342,stable,53255.083333333336,100.7
2024-06-01,Central Coast,Light rail,48306,-33.425,151.342,stable,53255.083333333336,90.7
2024-07-01,Central Coast,Light rail,51711,-33.425,151.342,synthetic allocation change from July 2024,53255.083333333336,97.1
2024-08-01,Central Coast,Light rail,48346,-33.425,151.342,synthetic allocation change from July 2024,53255.083333333336,90.8
2024-09-01,Central Coast,Light rail,50793,-33.425,151.342,synthetic allocation change from July 2024,53255.083333333336,95.4
2024-10-01,Central Coast,Light rail,49859,-33.425,151.342,synthetic allocation change from July 2024,53255.083333333336,93.6
2024-11-01,Central Coast,Light rail,50663,-33.425,151.342,synthetic allocation change from July 2024,53255.083333333336,95.1
2024-12-01,Central Coast,Light rail,48366,-33.425,151.342,synthetic allocation change from July 2024,53255.083333333336,90.8
2025-01-01,Central Coast,Light rail,55568,-33.425,151.342,synthetic allocation change from July 2024,53255.083333333336,104.3
2025-02-01,Central Coast,Light rail,57603,-33.425,151.342,synthetic allocation change from July 2024,53255.083333333336,108.2
2025-03-01,Central Coast,Light rail,61133,-33.425,151.342,synthetic allocation change from July 2024,53255.083333333336,114.8
2025-04-01,Central Coast,Light rail,58561,-33.425,151.342,synthetic allocation change from July 2024,53255.083333333336,110.0
2025-05-01,Central Coast,Light rail,59465,-33.425,151.342,synthetic allocation change from July 2024,53255.083333333336,111.7
2025-06-01,Central Coast,Light rail,56723,-33.425,151.342,synthetic allocation change from July 2024,53255.083333333336,106.5
2025-07-01,Central Coast,Light rail,57656,-33.425,151.342,synthetic allocation change from July 2024,53255.083333333336,108.3
2025-08-01,Central Coast,Light rail,53418,-33.425,151.342,synthetic allocation change from July 2024,53255.083333333336,100.3
2025-09-01,Central Coast,Light rail,52320,-33.425,151.342,synthetic allocation change from July 2024,53255.083333333336,98.2
2025-10-01,Central Coast,Light rail,50330,-33.425,151.342,synthetic allocation change from July 2024,53255.083333333336,94.5
2025-11-01,Central Coast,Light rail,54038,-33.425,151.342,synthetic allocation change from July 2024,53255.083333333336,101.5
2025-12-01,Central Coast,Light rail,53547,-33.425,151.342,synthetic allocation change from July 2024,53255.083333333336,100.5
2019-01-01,Newcastle,Train,520106,-32.9283,151.7817,stable,507489.5833333333,102.5
2019-02-01,Newcastle,Train,511753,-32.9283,151.7817,stable,507489.5833333333,100.8
2019-03-01,Newcastle,Train,563327,-32.9283,151.7817,stable,507489.5833333333,111.0
2019-04-01,Newcastle,Train,571391,-32.9283,151.7817,stable,507489.5833333333,112.6
2019-05-01,Newcastle,Train,532182,-32.9283,151.7817,stable,507489.5833333333,104.9
2019-06-01,Newcastle,Train,506382,-32.9283,151.7817,stable,507489.5833333333,99.8
2019-07-01,Newcastle,Train,492912,-32.9283,151.7817,stable,507489.5833333333,97.1
2019-08-01,Newcastle,Train,481581,-32.9283,151.7817,stable,507489.5833333333,94.9
2019-09-01,Newcastle,Train,491396,-32.9283,151.7817,stable,507489.5833333333,96.8
2019-10-01,Newcastle,Train,477492,-32.9283,151.7817,stable,507489.5833333333,94.1
2019-11-01,Newcastle,Train,482182,-32.9283,151.7817,stable,507489.5833333333,95.0
2019-12-01,Newcastle,Train,459171,-32.9283,151.7817,stable,507489.5833333333,90.5
2020-01-01,Newcastle,Train,485000,-32.9283,151.7817,stable,507489.5833333333,95.6
2020-02-01,Newcastle,Train,528809,-32.9283,151.7817,stable,507489.5833333333,104.2
2020-03-01,Newcastle,Train,195525,-32.9283,151.7817,stable,507489.5833333333,38.5
2020-04-01,Newcastle,Train,190236,-32.9283,151.7817,stable,507489.5833333333,37.5
2020-05-01,Newcastle,Train,178200,-32.9283,151.7817,stable,507489.5833333333,35.1
2020-06-01,Newcastle,Train,189554,-32.9283,151.7817,stable,507489.5833333333,37.4
2020-07-01,Newcastle,Train,182374,-32.9283,151.7817,stable,507489.5833333333,35.9
2020-08-01,Newcastle,Train,163666,-32.9283,151.7817,stable,507489.5833333333,32.3
2020-09-01,Newcastle,Train,168018,-32.9283,151.7817,stable,507489.5833333333,33.1
2020-10-01,Newcastle,Train,156610,-32.9283,151.7817,stable,507489.5833333333,30.9
2020-11-01,Newcastle,Train,170797,-32.9283,151.7817,stable,507489.5833333333,33.7
2020-12-01,Newcastle,Train,160890,-32.9283,151.7817,stable,507489.5833333333,31.7
2021-01-01,Newcastle,Train,272936,-32.9283,151.7817,stable,507489.5833333333,53.8
2021-02-01,Newcastle,Train,301320,-32.9283,151.7817,stable,507489.5833333333,59.4
2021-03-01,Newcastle,Train,284244,-32.9283,151.7817,stable,507489.5833333333,56.0
2021-04-01,Newcastle,Train,295258,-32.9283,151.7817,stable,507489.5833333333,58.2
2021-05-01,Newcastle,Train,288744,-32.9283,151.7817,stable,507489.5833333333,56.9
2021-06-01,Newcastle,Train,269755,-32.9283,151.7817,stable,507489.5833333333,53.2
2021-07-01,Newcastle,Train,260257,-32.9283,151.7817,stable,507489.5833333333,51.3
2021-08-01,Newcastle,Train,264063,-32.9283,151.7817,stable,507489.5833333333,52.0
2021-09-01,Newcastle,Train,247832,-32.9283,151.7817,stable,507489.5833333333,48.8
2021-10-01,Newcastle,Train,268013,-32.9283,151.7817,stable,507489.5833333333,52.8
2021-11-01,Newcastle,Train,252105,-32.9283,151.7817,stable,507489.5833333333,49.7
2021-12-01,Newcastle,Train,249052,-32.9283,151.7817,stable,507489.5833333333,49.1
2022-01-01,Newcastle,Train,378611,-32.9283,151.7817,stable,507489.5833333333,74.6
2022-02-01,Newcastle,Train,389638,-32.9283,151.7817,stable,507489.5833333333,76.8
2022-03-01,Newcastle,Train,391868,-32.9283,151.7817,stable,507489.5833333333,77.2
2022-04-01,Newcastle,Train,402394,-32.9283,151.7817,stable,507489.5833333333,79.3
2022-05-01,Newcastle,Train,368201,-32.9283,151.7817,stable,507489.5833333333,72.6
2022-06-01,Newcastle,Train,364824,-32.9283,151.7817,stable,507489.5833333333,71.9
2022-07-01,Newcastle,Train,374245,-32.9283,151.7817,stable,507489.5833333333,73.7
2022-08-01,Newcastle,Train,353731,-32.9283,151.7817,stable,507489.5833333333,69.7
2022-09-01,Newcastle,Train,320535,-32.9283,151.7817,stable,507489.5833333333,63.2
2022-10-01,Newcastle,Train,339368,-32.9283,151.7817,stable,507489.5833333333,66.9
2022-11-01,Newcastle,Train,332991,-32.9283,151.7817,stable,507489.5833333333,65.6
2022-12-01,Newcastle,Train,325081,-32.9283,151.7817,stable,507489.5833333333,64.1
2023-01-01,Newcastle,Train,398792,-32.9283,151.7817,stable,507489.5833333333,78.6
2023-02-01,Newcastle,Train,424006,-32.9283,151.7817,stable,507489.5833333333,83.5
2023-03-01,Newcastle,Train,467150,-32.9283,151.7817,stable,507489.5833333333,92.1
2023-04-01,Newcastle,Train,456256,-32.9283,151.7817,stable,507489.5833333333,89.9
2023-05-01,Newcastle,Train,461344,-32.9283,151.7817,stable,507489.5833333333,90.9
2023-06-01,Newcastle,Train,438255,-32.9283,151.7817,stable,507489.5833333333,86.4
2023-07-01,Newcastle,Train,400403,-32.9283,151.7817,stable,507489.5833333333,78.9
2023-08-01,Newcastle,Train,392947,-32.9283,151.7817,stable,507489.5833333333,77.4
2023-09-01,Newcastle,Train,381573,-32.9283,151.7817,stable,507489.5833333333,75.2
2023-10-01,Newcastle,Train,365430,-32.9283,151.7817,stable,507489.5833333333,72.0
2023-11-01,Newcastle,Train,387140,-32.9283,151.7817,stable,507489.5833333333,76.3
2023-12-01,Newcastle,Train,417420,-32.9283,151.7817,stable,507489.5833333333,82.3
2024-01-01,Newcastle,Train,447684,-32.9283,151.7817,stable,507489.5833333333,88.2
2024-02-01,Newcastle,Train,446145,-32.9283,151.7817,stable,507489.5833333333,87.9
2024-03-01,Newcastle,Train,504570,-32.9283,151.7817,stable,507489.5833333333,99.4
2024-04-01,Newcastle,Train,491641,-32.9283,151.7817,stable,507489.5833333333,96.9
2024-05-01,Newcastle,Train,453255,-32.9283,151.7817,stable,507489.5833333333,89.3
2024-06-01,Newcastle,Train,468863,-32.9283,151.7817,stable,507489.5833333333,92.4
2024-07-01,Newcastle,Train,436064,-32.9283,151.7817,stable,507489.5833333333,85.9
2024-08-01,Newcastle,Train,413523,-32.9283,151.7817,stable,507489.5833333333,81.5
2024-09-01,Newcastle,Train,415266,-32.9283,151.7817,stable,507489.5833333333,81.8
2024-10-01,Newcastle,Train,419703,-32.9283,151.7817,stable,507489.5833333333,82.7
2024-11-01,Newcastle,Train,405784,-32.9283,151.7817,stable,507489.5833333333,80.0
2024-12-01,Newcastle,Train,427674,-32.9283,151.7817,stable,507489.5833333333,84.3
2025-01-01,Newcastle,Train,489467,-32.9283,151.7817,stable,507489.5833333333,96.4
2025-02-01,Newcastle,Train,474376,-32.9283,151.7817,stable,507489.5833333333,93.5
2025-03-01,Newcastle,Train,542489,-32.9283,151.7817,stable,507489.5833333333,106.9
2025-04-01,Newcastle,Train,491506,-32.9283,151.7817,stable,507489.5833333333,96.9
2025-05-01,Newcastle,Train,514860,-32.9283,151.7817,stable,507489.5833333333,101.5
2025-06-01,Newcastle,Train,499638,-32.9283,151.7817,stable,507489.5833333333,98.5
2025-07-01,Newcastle,Train,508127,-32.9283,151.7817,stable,507489.5833333333,100.1
2025-08-01,Newcastle,Train,463794,-32.9283,151.7817,stable,507489.5833333333,91.4
2025-09-01,Newcastle,Train,440871,-32.9283,151.7817,stable,507489.5833333333,86.9
2025-10-01,Newcastle,Train,440017,-32.9283,151.7817,stable,507489.5833333333,86.7
2025-11-01,Newcastle,Train,454017,-32.9283,151.7817,stable,507489.5833333333,89.5
2025-12-01,Newcastle,Train,487399,-32.9283,151.7817,stable,507489.5833333333,96.0
2019-01-01,Newcastle,Bus,339653,-32.9283,151.7817,stable,350139.25,97.0
2019-02-01,Newcastle,Bus,342869,-32.9283,151.7817,stable,350139.25,97.9
2019-03-01,Newcastle,Bus,387206,-32.9283,151.7817,stable,350139.25,110.6
2019-04-01,Newcastle,Bus,370960,-32.9283,151.7817,stable,350139.25,105.9
2019-05-01,Newcastle,Bus,384710,-32.9283,151.7817,stable,350139.25,109.9
2019-06-01,Newcastle,Bus,369602,-32.9283,151.7817,stable,350139.25,105.6
2019-07-01,Newcastle,Bus,361403,-32.9283,151.7817,stable,350139.25,103.2
2019-08-01,Newcastle,Bus,345482,-32.9283,151.7817,stable,350139.25,98.7
2019-09-01,Newcastle,Bus,319204,-32.9283,151.7817,stable,350139.25,91.2
2019-10-01,Newcastle,Bus,304393,-32.9283,151.7817,stable,350139.25,86.9
2019-11-01,Newcastle,Bus,327549,-32.9283,151.7817,stable,350139.25,93.5
2019-12-01,Newcastle,Bus,348640,-32.9283,151.7817,stable,350139.25,99.6
2020-01-01,Newcastle,Bus,336353,-32.9283,151.7817,stable,350139.25,96.1
2020-02-01,Newcastle,Bus,376192,-32.9283,151.7817,stable,350139.25,107.4
2020-03-01,Newcastle,Bus,130430,-32.9283,151.7817,stable,350139.25,37.3
2020-04-01,Newcastle,Bus,135401,-32.9283,151.7817,stable,350139.25,38.7
2020-05-01,Newcastle,Bus,133057,-32.9283,151.7817,stable,350139.25,38.0
2020-06-01,Newcastle,Bus,132162,-32.9283,151.7817,stable,350139.25,37.7
2020-07-01,Newcastle,Bus,116077,-32.9283,151.7817,stable,350139.25,33.2
2020-08-01,Newcastle,Bus,121497,-32.9283,151.7817,stable,350139.25,34.7
2020-09-01,Newcastle,Bus,113433,-32.9283,151.7817,stable,350139.25,32.4
2020-10-01,Newcastle,Bus,109906,-32.9283,151.7817,stable,350139.25,31.4
2020-11-01,Newcastle,Bus,107771,-32.9283,151.7817,stable,350139.25,30.8
2020-12-01,Newcastle,Bus,113358,-32.9283,151.7817,stable,350139.25,32.4
2021-01-01,Newcastle,Bus,181918,-32.9283,151.7817,stable,350139.25,52.0
2021-02-01,Newcastle,Bus,210611,-32.9283,151.7817,stable,350139.25,60.2
2021-03-01,Newcastle,Bus,206216,-32.9283,151.7817,stable,350139.25,58.9
2021-04-01,Newcastle,Bus,220102,-32.9283,151.7817,stable,350139.25,62.9
2021-05-01,Newcastle,Bus,206899,-32.9283,151.7817,stable,350139.25,59.1
2021-06-01,Newcastle,Bus,194273,-32.9283,151.7817,stable,350139.25,55.5
2021-07-01,Newcastle,Bus,198351,-32.9283,151.7817,stable,350139.25,56.6
2021-08-01,Newcastle,Bus,177949,-32.9283,151.7817,stable,350139.25,50.8
2021-09-01,Newcastle,Bus,176088,-32.9283,151.7817,stable,350139.25,50.3
2021-10-01,Newcastle,Bus,183068,-32.9283,151.7817,stable,350139.25,52.3
2021-11-01,Newcastle,Bus,187027,-32.9283,151.7817,stable,350139.25,53.4
2021-12-01,Newcastle,Bus,181072,-32.9283,151.7817,stable,350139.25,51.7
2022-01-01,Newcastle,Bus,240644,-32.9283,151.7817,stable,350139.25,68.7
2022-02-01,Newcastle,Bus,257929,-32.9283,151.7817,stable,350139.25,73.7
2022-03-01,Newcastle,Bus,282053,-32.9283,151.7817,stable,350139.25,80.6
2022-04-01,Newcastle,Bus,280106,-32.9283,151.7817,stable,350139.25,80.0
2022-05-01,Newcastle,Bus,282219,-32.9283,151.7817,stable,350139.25,80.6
2022-06-01,Newcastle,Bus,258515,-32.9283,151.7817,stable,350139.25,73.8
2022-07-01,Newcastle,Bus,266325,-32.9283,151.7817,stable,350139.25,76.1
2022-08-01,Newcastle,Bus,241809,-32.9283,151.7817,stable,350139.25,69.1
2022-09-01,Newcastle,Bus,234471,-32.9283,151.7817,stable,350139.25,67.0
2022-10-01,Newcastle,Bus,243644,-32.9283,151.7817,stable,350139.25,69.6
2022-11-01,Newcastle,Bus,235083,-32.9283,151.7817,stable,350139.25,67.1
2022-12-01,Newcastle,Bus,250662,-32.9283,151.7817,stable,350139.25,71.6
2023-01-01,Newcastle,Bus,302011,-32.9283,151.7817,stable,350139.25,86.3
2023-02-01,Newcastle,Bus,290310,-32.9283,151.7817,stable,350139.25,82.9
2023-03-01,Newcastle,Bus,318233,-32.9283,151.7817,stable,350139.25,90.9
2023-04-01,Newcastle,Bus,329801,-32.9283,151.7817,stable,350139.25,94.2
2023-05-01,Newcastle,Bus,316084,-32.9283,151.7817,stable,350139.25,90.3
2023-06-01,Newcastle,Bus,299200,-32.9283,151.7817,stable,350139.25,85.5
2023-07-01,Newcastle,Bus,279184,-32.9283,151.7817,stable,350139.25,79.7
2023-08-01,Newcastle,Bus,287690,-32.9283,151.7817,stable,350139.25,82.2
2023-09-01,Newcastle,Bus,267277,-32.9283,151.7817,stable,350139.25,76.3
2023-10-01,Newcastle,Bus,273810,-32.9283,151.7817,stable,350139.25,78.2
2023-11-01,Newcastle,Bus,271205,-32.9283,151.7817,stable,350139.25,77.5
2023-12-01,Newcastle,Bus,288667,-32.9283,151.7817,stable,350139.25,82.4
2024-01-01,Newcastle,Bus,309388,-32.9283,151.7817,stable,350139.25,88.4
2024-02-01,Newcastle,Bus,309609,-32.9283,151.7817,stable,350139.25,88.4
2024-03-01,Newcastle,Bus,351780,-32.9283,151.7817,stable,350139.25,100.5
2024-04-01,Newcastle,Bus,334180,-32.9283,151.7817,stable,350139.25,95.4
2024-05-01,Newcastle,Bus,356958,-32.9283,151.7817,stable,350139.25,101.9
2024-06-01,Newcastle,Bus,318737,-32.9283,151.7817,stable,350139.25,91.0
2024-07-01,Newcastle,Bus,359796,-32.9283,151.7817,synthetic allocation change from July 2024,350139.25,102.8
2024-08-01,Newcastle,Bus,344145,-32.9283,151.7817,synthetic allocation change from July 2024,350139.25,98.3
2024-09-01,Newcastle,Bus,300483,-32.9283,151.7817,synthetic allocation change from July 2024,350139.25,85.8
2024-10-01,Newcastle,Bus,318148,-32.9283,151.7817,synthetic allocation change from July 2024,350139.25,90.9
2024-11-01,Newcastle,Bus,311436,-32.9283,151.7817,synthetic allocation change from July 2024,350139.25,88.9
2024-12-01,Newcastle,Bus,338392,-32.9283,151.7817,synthetic allocation change from July 2024,350139.25,96.6
2025-01-01,Newcastle,Bus,370692,-32.9283,151.7817,synthetic allocation change from July 2024,350139.25,105.9
2025-02-01,Newcastle,Bus,397900,-32.9283,151.7817,synthetic allocation change from July 2024,350139.25,113.6
2025-03-01,Newcastle,Bus,371387,-32.9283,151.7817,synthetic allocation change from July 2024,350139.25,106.1
2025-04-01,Newcastle,Bus,396969,-32.9283,151.7817,synthetic allocation change from July 2024,350139.25,113.4
2025-05-01,Newcastle,Bus,401119,-32.9283,151.7817,synthetic allocation change from July 2024,350139.25,114.6
2025-06-01,Newcastle,Bus,356327,-32.9283,151.7817,synthetic allocation change from July 2024,350139.25,101.8
2025-07-01,Newcastle,Bus,344034,-32.9283,151.7817,synthetic allocation change from July 2024,350139.25,98.3
2025-08-01,Newcastle,Bus,360007,-32.9283,151.7817,synthetic allocation change from July 2024,350139.25,102.8
2025-09-01,Newcastle,Bus,332321,-32.9283,151.7817,synthetic allocation change from July 2024,350139.25,94.9
2025-10-01,Newcastle,Bus,329156,-32.9283,151.7817,synthetic allocation change from July 2024,350139.25,94.0
2025-11-01,Newcastle,Bus,340464,-32.9283,151.7817,synthetic allocation change from July 2024,350139.25,97.2
2025-12-01,Newcastle,Bus,352758,-32.9283,151.7817,synthetic allocation change from July 2024,350139.25,100.7
2019-01-01,Newcastle,Ferry,45966,-32.9283,151.7817,stable,45257.833333333336,101.6
2019-02-01,Newcastle,Ferry,49320,-32.9283,151.7817,stable,45257.833333333336,109.0
2019-03-01,Newcastle,Ferry,47378,-32.9283,151.7817,stable,45257.833333333336,104.7
2019-04-01,Newcastle,Ferry,50134,-32.9283,151.7817,stable,45257.833333333336,110.8
2019-05-01,Newcastle,Ferry,48544,-32.9283,151.7817,stable,45257.833333333336,107.3
2019-06-01,Newcastle,Ferry,46965,-32.9283,151.7817,stable,45257.833333333336,103.8
2019-07-01,Newcastle,Ferry,44449,-32.9283,151.7817,stable,45257.833333333336,98.2
2019-08-01,Newcastle,Ferry,43975,-32.9283,151.7817,stable,45257.833333333336,97.2
2019-09-01,Newcastle,Ferry,40623,-32.9283,151.7817,stable,45257.833333333336,89.8
2019-10-01,Newcastle,Ferry,39479,-32.9283,151.7817,stable,45257.833333333336,87.2
2019-11-01,Newcastle,Ferry,43066,-32.9283,151.7817,stable,45257.833333333336,95.2
2019-12-01,Newcastle,Ferry,43195,-32.9283,151.7817,stable,45257.833333333336,95.4
2020-01-01,Newcastle,Ferry,44389,-32.9283,151.7817,stable,45257.833333333336,98.1
2020-02-01,Newcastle,Ferry,47146,-32.9283,151.7817,stable,45257.833333333336,104.2
2020-03-01,Newcastle,Ferry,16359,-32.9283,151.7817,stable,45257.833333333336,36.1
2020-04-01,Newcastle,Ferry,16520,-32.9283,151.7817,stable,45257.833333333336,36.5
2020-05-01,Newcastle,Ferry,16732,-32.9283,151.7817,stable,45257.833333333336,37.0
2020-06-01,Newcastle,Ferry,17355,-32.9283,151.7817,stable,45257.833333333336,38.3
2020-07-01,Newcastle,Ferry,15344,-32.9283,151.7817,stable,45257.833333333336,33.9
2020-08-01,Newcastle,Ferry,15875,-32.9283,151.7817,stable,45257.833333333336,35.1
2020-09-01,Newcastle,Ferry,14643,-32.9283,151.7817,stable,45257.833333333336,32.4
2020-10-01,Newcastle,Ferry,13833,-32.9283,151.7817,stable,45257.833333333336,30.6
2020-11-01,Newcastle,Ferry,15279,-32.9283,151.7817,stable,45257.833333333336,33.8
2020-12-01,Newcastle,Ferry,15032,-32.9283,151.7817,stable,45257.833333333336,33.2
2021-01-01,Newcastle,Ferry,25934,-32.9283,151.7817,stable,45257.833333333336,57.3
2021-02-01,Newcastle,Ferry,25570,-32.9283,151.7817,stable,45257.833333333336,56.5
2021-03-01,Newcastle,Ferry,25155,-32.9283,151.7817,stable,45257.833333333336,55.6
2021-04-01,Newcastle,Ferry,27313,-32.9283,151.7817,stable,45257.833333333336,60.3
2021-05-01,Newcastle,Ferry,27562,-32.9283,151.7817,stable,45257.833333333336,60.9
2021-06-01,Newcastle,Ferry,25182,-32.9283,151.7817,stable,45257.833333333336,55.6
2021-07-01,Newcastle,Ferry,24296,-32.9283,151.7817,stable,45257.833333333336,53.7
2021-08-01,Newcastle,Ferry,22519,-32.9283,151.7817,stable,45257.833333333336,49.8
2021-09-01,Newcastle,Ferry,23151,-32.9283,151.7817,stable,45257.833333333336,51.2
2021-10-01,Newcastle,Ferry,23839,-32.9283,151.7817,stable,45257.833333333336,52.7
2021-11-01,Newcastle,Ferry,24006,-32.9283,151.7817,stable,45257.833333333336,53.0
2021-12-01,Newcastle,Ferry,24363,-32.9283,151.7817,stable,45257.833333333336,53.8
2022-01-01,Newcastle,Ferry,34061,-32.9283,151.7817,stable,45257.833333333336,75.3
2022-02-01,Newcastle,Ferry,34252,-32.9283,151.7817,stable,45257.833333333336,75.7
2022-03-01,Newcastle,Ferry,35865,-32.9283,151.7817,stable,45257.833333333336,79.2
2022-04-01,Newcastle,Ferry,35028,-32.9283,151.7817,stable,45257.833333333336,77.4
2022-05-01,Newcastle,Ferry,33070,-32.9283,151.7817,stable,45257.833333333336,73.1
2022-06-01,Newcastle,Ferry,32486,-32.9283,151.7817,stable,45257.833333333336,71.8
2022-07-01,Newcastle,Ferry,30995,-32.9283,151.7817,stable,45257.833333333336,68.5
2022-08-01,Newcastle,Ferry,32187,-32.9283,151.7817,stable,45257.833333333336,71.1
2022-09-01,Newcastle,Ferry,28441,-32.9283,151.7817,stable,45257.833333333336,62.8
2022-10-01,Newcastle,Ferry,30001,-32.9283,151.7817,stable,45257.833333333336,66.3
2022-11-01,Newcastle,Ferry,29680,-32.9283,151.7817,stable,45257.833333333336,65.6
2022-12-01,Newcastle,Ferry,32237,-32.9283,151.7817,stable,45257.833333333336,71.2
2023-01-01,Newcastle,Ferry,38034,-32.9283,151.7817,stable,45257.833333333336,84.0
2023-02-01,Newcastle,Ferry,39840,-32.9283,151.7817,stable,45257.833333333336,88.0
2023-03-01,Newcastle,Ferry,38411,-32.9283,151.7817,stable,45257.833333333336,84.9
2023-04-01,Newcastle,Ferry,39889,-32.9283,151.7817,stable,45257.833333333336,88.1
2023-05-01,Newcastle,Ferry,42842,-32.9283,151.7817,stable,45257.833333333336,94.7
2023-06-01,Newcastle,Ferry,40344,-32.9283,151.7817,stable,45257.833333333336,89.1
2023-07-01,Newcastle,Ferry,37916,-32.9283,151.7817,stable,45257.833333333336,83.8
2023-08-01,Newcastle,Ferry,37460,-32.9283,151.7817,stable,45257.833333333336,82.8
2023-09-01,Newcastle,Ferry,36546,-32.9283,151.7817,stable,45257.833333333336,80.8
2023-10-01,Newcastle,Ferry,32997,-32.9283,151.7817,stable,45257.833333333336,72.9
2023-11-01,Newcastle,Ferry,37175,-32.9283,151.7817,stable,45257.833333333336,82.1
2023-12-01,Newcastle,Ferry,36907,-32.9283,151.7817,stable,45257.833333333336,81.5
2024-01-01,Newcastle,Ferry,40256,-32.9283,151.7817,stable,45257.833333333336,88.9
2024-02-01,Newcastle,Ferry,43030,-32.9283,151.7817,stable,45257.833333333336,95.1
2024-03-01,Newcastle,Ferry,42497,-32.9283,151.7817,stable,45257.833333333336,93.9
2024-04-01,Newcastle,Ferry,45723,-32.9283,151.7817,stable,45257.833333333336,101.0
2024-05-01,Newcastle,Ferry,44762,-32.9283,151.7817,stable,45257.833333333336,98.9
2024-06-01,Newcastle,Ferry,42826,-32.9283,151.7817,stable,45257.833333333336,94.6
2024-07-01,Newcastle,Ferry,38954,-32.9283,151.7817,stable,45257.833333333336,86.1
2024-08-01,Newcastle,Ferry,41055,-32.9283,151.7817,stable,45257.833333333336,90.7
2024-09-01,Newcastle,Ferry,37389,-32.9283,151.7817,stable,45257.833333333336,82.6
2024-10-01,Newcastle,Ferry,39096,-32.9283,151.7817,stable,45257.833333333336,86.4
2024-11-01,Newcastle,Ferry,35683,-32.9283,151.7817,stable,45257.833333333336,78.8
2024-12-01,Newcastle,Ferry,37126,-32.9283,151.7817,stable,45257.833333333336,82.0
2025-01-01,Newcastle,Ferry,41401,-32.9283,151.7817,stable,45257.833333333336,91.5
2025-02-01,Newcastle,Ferry,43120,-32.9283,151.7817,stable,45257.833333333336,95.3
2025-03-01,Newcastle,Ferry,45209,-32.9283,151.7817,stable,45257.833333333336,99.9
2025-04-01,Newcastle,Ferry,47827,-32.9283,151.7817,stable,45257.833333333336,105.7
2025-05-01,Newcastle,Ferry,45339,-32.9283,151.7817,stable,45257.833333333336,100.2
2025-06-01,Newcastle,Ferry,47305,-32.9283,151.7817,stable,45257.833333333336,104.5
2025-07-01,Newcastle,Ferry,45247,-32.9283,151.7817,stable,45257.833333333336,100.0
2025-08-01,Newcastle,Ferry,43193,-32.9283,151.7817,stable,45257.833333333336,95.4
2025-09-01,Newcastle,Ferry,39003,-32.9283,151.7817,stable,45257.833333333336,86.2
2025-10-01,Newcastle,Ferry,40388,-32.9283,151.7817,stable,45257.833333333336,89.2
2025-11-01,Newcastle,Ferry,40452,-32.9283,151.7817,stable,45257.833333333336,89.4
2025-12-01,Newcastle,Ferry,39606,-32.9283,151.7817,stable,45257.833333333336,87.5
2019-01-01,Newcastle,Light rail,58580,-32.9283,151.7817,stable,60449.5,96.9
2019-02-01,Newcastle,Light rail,62650,-32.9283,151.7817,stable,60449.5,103.6
2019-03-01,Newcastle,Light rail,64176,-32.9283,151.7817,stable,60449.5,106.2
2019-04-01,Newcastle,Light rail,62223,-32.9283,151.7817,stable,60449.5,102.9
2019-05-01,Newcastle,Light rail,67556,-32.9283,151.7817,stable,60449.5,111.8
2019-06-01,Newcastle,Light rail,59810,-32.9283,151.7817,stable,60449.5,98.9
2019-07-01,Newcastle,Light rail,61142,-32.9283,151.7817,stable,60449.5,101.1
2019-08-01,Newcastle,Light rail,59125,-32.9283,151.7817,stable,60449.5,97.8
2019-09-01,Newcastle,Light rail,56547,-32.9283,151.7817,stable,60449.5,93.5
2019-10-01,Newcastle,Light rail,57468,-32.9283,151.7817,stable,60449.5,95.1
2019-11-01,Newcastle,Light rail,56269,-32.9283,151.7817,stable,60449.5,93.1
2019-12-01,Newcastle,Light rail,59848,-32.9283,151.7817,stable,60449.5,99.0
2020-01-01,Newcastle,Light rail,56604,-32.9283,151.7817,stable,60449.5,93.6
2020-02-01,Newcastle,Light rail,58996,-32.9283,151.7817,stable,60449.5,97.6
2020-03-01,Newcastle,Light rail,22836,-32.9283,151.7817,stable,60449.5,37.8
2020-04-01,Newcastle,Light rail,22888,-32.9283,151.7817,stable,60449.5,37.9
2020-05-01,Newcastle,Light rail,22862,-32.9283,151.7817,stable,60449.5,37.8
2020-06-01,Newcastle,Light rail,22539,-32.9283,151.7817,stable,60449.5,37.3
2020-07-01,Newcastle,Light rail,20789,-32.9283,151.7817,stable,60449.5,34.4
2020-08-01,Newcastle,Light rail,20496,-32.9283,151.7817,stable,60449.5,33.9
2020-09-01,Newcastle,Light rail,19540,-32.9283,151.7817,stable,60449.5,32.3
2020-10-01,Newcastle,Light rail,19614,-32.9283,151.7817,stable,60449.5,32.4
2020-11-01,Newcastle,Light rail,19051,-32.9283,151.7817,stable,60449.5,31.5
2020-12-01,Newcastle,Light rail,21264,-32.9283,151.7817,stable,60449.5,35.2
2021-01-01,Newcastle,Light rail,32932,-32.9283,151.7817,stable,60449.5,54.5
2021-02-01,Newcastle,Light rail,35574,-32.9283,151.7817,stable,60449.5,58.8
2021-03-01,Newcastle,Light rail,36069,-32.9283,151.7817,stable,60449.5,59.7
2021-04-01,Newcastle,Light rail,34773,-32.9283,151.7817,stable,60449.5,57.5
2021-05-01,Newcastle,Light rail,33478,-32.9283,151.7817,stable,60449.5,55.4
2021-06-01,Newcastle,Light rail,32507,-32.9283,151.7817,stable,60449.5,53.8
2021-07-01,Newcastle,Light rail,32760,-32.9283,151.7817,stable,60449.5,54.2
2021-08-01,Newcastle,Light rail,31620,-32.9283,151.7817,stable,60449.5,52.3
2021-09-01,Newcastle,Light rail,29622,-32.9283,151.7817,stable,60449.5,49.0
2021-10-01,Newcastle,Light rail,30748,-32.9283,151.7817,stable,60449.5,50.9
2021-11-01,Newcastle,Light rail,30022,-32.9283,151.7817,stable,60449.5,49.7
2021-12-01,Newcastle,Light rail,32510,-32.9283,151.7817,stable,60449.5,53.8
2022-01-01,Newcastle,Light rail,44414,-32.9283,151.7817,stable,60449.5,73.5
2022-02-01,Newcastle,Light rail,46873,-32.9283,151.7817,stable,60449.5,77.5
2022-03-01,Newcastle,Light rail,48828,-32.9283,151.7817,stable,60449.5,80.8
2022-04-01,Newcastle,Light rail,44588,-32.9283,151.7817,stable,60449.5,73.8
2022-05-01,Newcastle,Light rail,45475,-32.9283,151.7817,stable,60449.5,75.2
2022-06-01,Newcastle,Light rail,45260,-32.9283,151.7817,stable,60449.5,74.9
2022-07-01,Newcastle,Light rail,42262,-32.9283,151.7817,stable,60449.5,69.9
2022-08-01,Newcastle,Light rail,41305,-32.9283,151.7817,stable,60449.5,68.3
2022-09-01,Newcastle,Light rail,39085,-32.9283,151.7817,stable,60449.5,64.7
2022-10-01,Newcastle,Light rail,38541,-32.9283,151.7817,stable,60449.5,63.8
2022-11-01,Newcastle,Light rail,38261,-32.9283,151.7817,stable,60449.5,63.3
2022-12-01,Newcastle,Light rail,40427,-32.9283,151.7817,stable,60449.5,66.9
2023-01-01,Newcastle,Light rail,49699,-32.9283,151.7817,stable,60449.5,82.2
2023-02-01,Newcastle,Light rail,53141,-32.9283,151.7817,stable,60449.5,87.9
2023-03-01,Newcastle,Light rail,52263,-32.9283,151.7817,stable,60449.5,86.5
2023-04-01,Newcastle,Light rail,56818,-32.9283,151.7817,stable,60449.5,94.0
2023-05-01,Newcastle,Light rail,51691,-32.9283,151.7817,stable,60449.5,85.5
2023-06-01,Newcastle,Light rail,51330,-32.9283,151.7817,stable,60449.5,84.9
2023-07-01,Newcastle,Light rail,50869,-32.9283,151.7817,stable,60449.5,84.2
2023-08-01,Newcastle,Light rail,47296,-32.9283,151.7817,stable,60449.5,78.2
2023-09-01,Newcastle,Light rail,48389,-32.9283,151.7817,stable,60449.5,80.0
2023-10-01,Newcastle,Light rail,46358,-32.9283,151.7817,stable,60449.5,76.7
2023-11-01,Newcastle,Light rail,46991,-32.9283,151.7817,stable,60449.5,77.7
2023-12-01,Newcastle,Light rail,48376,-32.9283,151.7817,stable,60449.5,80.0
2024-01-01,Newcastle,Light rail,52759,-32.9283,151.7817,stable,60449.5,87.3
2024-02-01,Newcastle,Light rail,52946,-32.9283,151.7817,stable,60449.5,87.6
2024-03-01,Newcastle,Light rail,60826,-32.9283,151.7817,stable,60449.5,100.6
2024-04-01,Newcastle,Light rail,58358,-32.9283,151.7817,stable,60449.5,96.5
2024-05-01,Newcastle,Light rail,60974,-32.9283,151.7817,stable,60449.5,100.9
2024-06-01,Newcastle,Light rail,54240,-32.9283,151.7817,stable,60449.5,89.7
2024-07-01,Newcastle,Light rail,57290,-32.9283,151.7817,synthetic allocation change from July 2024,60449.5,94.8
2024-08-01,Newcastle,Light rail,52967,-32.9283,151.7817,synthetic allocation change from July 2024,60449.5,87.6
2024-09-01,Newcastle,Light rail,54246,-32.9283,151.7817,synthetic allocation change from July 2024,60449.5,89.7
2024-10-01,Newcastle,Light rail,56116,-32.9283,151.7817,synthetic allocation change from July 2024,60449.5,92.8
2024-11-01,Newcastle,Light rail,55284,-32.9283,151.7817,synthetic allocation change from July 2024,60449.5,91.5
2024-12-01,Newcastle,Light rail,55789,-32.9283,151.7817,synthetic allocation change from July 2024,60449.5,92.3
2025-01-01,Newcastle,Light rail,62481,-32.9283,151.7817,synthetic allocation change from July 2024,60449.5,103.4
2025-02-01,Newcastle,Light rail,67391,-32.9283,151.7817,synthetic allocation change from July 2024,60449.5,111.5
2025-03-01,Newcastle,Light rail,65966,-32.9283,151.7817,synthetic allocation change from July 2024,60449.5,109.1
2025-04-01,Newcastle,Light rail,70268,-32.9283,151.7817,synthetic allocation change from July 2024,60449.5,116.2
2025-05-01,Newcastle,Light rail,68333,-32.9283,151.7817,synthetic allocation change from July 2024,60449.5,113.0
2025-06-01,Newcastle,Light rail,66744,-32.9283,151.7817,synthetic allocation change from July 2024,60449.5,110.4
2025-07-01,Newcastle,Light rail,61207,-32.9283,151.7817,synthetic allocation change from July 2024,60449.5,101.3
2025-08-01,Newcastle,Light rail,59007,-32.9283,151.7817,synthetic allocation change from July 2024,60449.5,97.6
2025-09-01,Newcastle,Light rail,58386,-32.9283,151.7817,synthetic allocation change from July 2024,60449.5,96.6
2025-10-01,Newcastle,Light rail,55134,-32.9283,151.7817,synthetic allocation change from July 2024,60449.5,91.2
2025-11-01,Newcastle,Light rail,58267,-32.9283,151.7817,synthetic allocation change from July 2024,60449.5,96.4
2025-12-01,Newcastle,Light rail,56663,-32.9283,151.7817,synthetic allocation change from July 2024,60449.5,93.7
2019-01-01,Illawarra,Train,420214,-34.4278,150.8931,stable,426389.1666666667,98.6
2019-02-01,Illawarra,Train,450659,-34.4278,150.8931,stable,426389.1666666667,105.7
2019-03-01,Illawarra,Train,437227,-34.4278,150.8931,stable,426389.1666666667,102.5
2019-04-01,Illawarra,Train,480222,-34.4278,150.8931,stable,426389.1666666667,112.6
2019-05-01,Illawarra,Train,458820,-34.4278,150.8931,stable,426389.1666666667,107.6
2019-06-01,Illawarra,Train,416819,-34.4278,150.8931,stable,426389.1666666667,97.8
2019-07-01,Illawarra,Train,443944,-34.4278,150.8931,stable,426389.1666666667,104.1
2019-08-01,Illawarra,Train,398066,-34.4278,150.8931,stable,426389.1666666667,93.4
2019-09-01,Illawarra,Train,404734,-34.4278,150.8931,stable,426389.1666666667,94.9
2019-10-01,Illawarra,Train,378938,-34.4278,150.8931,stable,426389.1666666667,88.9
2019-11-01,Illawarra,Train,411491,-34.4278,150.8931,stable,426389.1666666667,96.5
2019-12-01,Illawarra,Train,415536,-34.4278,150.8931,stable,426389.1666666667,97.5
2020-01-01,Illawarra,Train,404832,-34.4278,150.8931,stable,426389.1666666667,94.9
2020-02-01,Illawarra,Train,437278,-34.4278,150.8931,stable,426389.1666666667,102.6
2020-03-01,Illawarra,Train,157185,-34.4278,150.8931,stable,426389.1666666667,36.9
2020-04-01,Illawarra,Train,150097,-34.4278,150.8931,stable,426389.1666666667,35.2
2020-05-01,Illawarra,Train,150338,-34.4278,150.8931,stable,426389.1666666667,35.3
2020-06-01,Illawarra,Train,149817,-34.4278,150.8931,stable,426389.1666666667,35.1
2020-07-01,Illawarra,Train,146536,-34.4278,150.8931,stable,426389.1666666667,34.4
2020-08-01,Illawarra,Train,140391,-34.4278,150.8931,stable,426389.1666666667,32.9
2020-09-01,Illawarra,Train,138560,-34.4278,150.8931,stable,426389.1666666667,32.5
2020-10-01,Illawarra,Train,135491,-34.4278,150.8931,stable,426389.1666666667,31.8
2020-11-01,Illawarra,Train,133991,-34.4278,150.8931,stable,426389.1666666667,31.4
2020-12-01,Illawarra,Train,143034,-34.4278,150.8931,stable,426389.1666666667,33.5
2021-01-01,Illawarra,Train,221644,-34.4278,150.8931,stable,426389.1666666667,52.0
2021-02-01,Illawarra,Train,254383,-34.4278,150.8931,stable,426389.1666666667,59.7
2021-03-01,Illawarra,Train,254097,-34.4278,150.8931,stable,426389.1666666667,59.6
2021-04-01,Illawarra,Train,243469,-34.4278,150.8931,stable,426389.1666666667,57.1
2021-05-01,Illawarra,Train,242154,-34.4278,150.8931,stable,426389.1666666667,56.8
2021-06-01,Illawarra,Train,249704,-34.4278,150.8931,stable,426389.1666666667,58.6
2021-07-01,Illawarra,Train,231896,-34.4278,150.8931,stable,426389.1666666667,54.4
2021-08-01,Illawarra,Train,227314,-34.4278,150.8931,stable,426389.1666666667,53.3
2021-09-01,Illawarra,Train,209830,-34.4278,150.8931,stable,426389.1666666667,49.2
2021-10-01,Illawarra,Train,220572,-34.4278,150.8931,stable,426389.1666666667,51.7
2021-11-01,Illawarra,Train,211599,-34.4278,150.8931,stable,426389.1666666667,49.6
2021-12-01,Illawarra,Train,226385,-34.4278,150.8931,stable,426389.1666666667,53.1
2022-01-01,Illawarra,Train,319814,-34.4278,150.8931,stable,426389.1666666667,75.0
2022-02-01,Illawarra,Train,317654,-34.4278,150.8931,stable,426389.1666666667,74.5
2022-03-01,Illawarra,Train,334865,-34.4278,150.8931,stable,426389.1666666667,78.5
2022-04-01,Illawarra,Train,335422,-34.4278,150.8931,stable,426389.1666666667,78.7
2022-05-01,Illawarra,Train,330647,-34.4278,150.8931,stable,426389.1666666667,77.5
2022-06-01,Illawarra,Train,296631,-34.4278,150.8931,stable,426389.1666666667,69.6
2022-07-01,Illawarra,Train,301477,-34.4278,150.8931,stable,426389.1666666667,70.7
2022-08-01,Illawarra,Train,306575,-34.4278,150.8931,stable,426389.1666666667,71.9
2022-09-01,Illawarra,Train,291003,-34.4278,150.8931,stable,426389.1666666667,68.2
2022-10-01,Illawarra,Train,287427,-34.4278,150.8931,stable,426389.1666666667,67.4
2022-11-01,Illawarra,Train,284071,-34.4278,150.8931,stable,426389.1666666667,66.6
2022-12-01,Illawarra,Train,298016,-34.4278,150.8931,stable,426389.1666666667,69.9
2023-01-01,Illawarra,Train,356336,-34.4278,150.8931,stable,426389.1666666667,83.6
2023-02-01,Illawarra,Train,352404,-34.4278,150.8931,stable,426389.1666666667,82.6
2023-03-01,Illawarra,Train,383083,-34.4278,150.8931,stable,426389.1666666667,89.8
2023-04-01,Illawarra,Train,386498,-34.4278,150.8931,stable,426389.1666666667,90.6
2023-05-01,Illawarra,Train,392687,-34.4278,150.8931,stable,426389.1666666667,92.1
2023-06-01,Illawarra,Train,351403,-34.4278,150.8931,stable,426389.1666666667,82.4
2023-07-01,Illawarra,Train,360451,-34.4278,150.8931,stable,426389.1666666667,84.5
2023-08-01,Illawarra,Train,319649,-34.4278,150.8931,stable,426389.1666666667,75.0
2023-09-01,Illawarra,Train,346017,-34.4278,150.8931,stable,426389.1666666667,81.2
2023-10-01,Illawarra,Train,309381,-34.4278,150.8931,stable,426389.1666666667,72.6
2023-11-01,Illawarra,Train,309402,-34.4278,150.8931,stable,426389.1666666667,72.6
2023-12-01,Illawarra,Train,331115,-34.4278,150.8931,stable,426389.1666666667,77.7
2024-01-01,Illawarra,Train,362188,-34.4278,150.8931,stable,426389.1666666667,84.9
2024-02-01,Illawarra,Train,402106,-34.4278,150.8931,stable,426389.1666666667,94.3
2024-03-01,Illawarra,Train,399841,-34.4278,150.8931,stable,426389.1666666667,93.8
2024-04-01,Illawarra,Train,421710,-34.4278,150.8931,stable,426389.1666666667,98.9
2024-05-01,Illawarra,Train,424584,-34.4278,150.8931,stable,426389.1666666667,99.6
2024-06-01,Illawarra,Train,410707,-34.4278,150.8931,stable,426389.1666666667,96.3
2024-07-01,Illawarra,Train,388697,-34.4278,150.8931,stable,426389.1666666667,91.2
2024-08-01,Illawarra,Train,343819,-34.4278,150.8931,stable,426389.1666666667,80.6
2024-09-01,Illawarra,Train,336532,-34.4278,150.8931,stable,426389.1666666667,78.9
2024-10-01,Illawarra,Train,335547,-34.4278,150.8931,stable,426389.1666666667,78.7
2024-11-01,Illawarra,Train,344425,-34.4278,150.8931,stable,426389.1666666667,80.8
2024-12-01,Illawarra,Train,369944,-34.4278,150.8931,stable,426389.1666666667,86.8
2025-01-01,Illawarra,Train,404432,-34.4278,150.8931,stable,426389.1666666667,94.9
2025-02-01,Illawarra,Train,409956,-34.4278,150.8931,stable,426389.1666666667,96.1
2025-03-01,Illawarra,Train,414226,-34.4278,150.8931,stable,426389.1666666667,97.1
2025-04-01,Illawarra,Train,456991,-34.4278,150.8931,stable,426389.1666666667,107.2
2025-05-01,Illawarra,Train,422977,-34.4278,150.8931,stable,426389.1666666667,99.2
2025-06-01,Illawarra,Train,411995,-34.4278,150.8931,stable,426389.1666666667,96.6
2025-07-01,Illawarra,Train,416359,-34.4278,150.8931,stable,426389.1666666667,97.6
2025-08-01,Illawarra,Train,397333,-34.4278,150.8931,stable,426389.1666666667,93.2
2025-09-01,Illawarra,Train,381718,-34.4278,150.8931,stable,426389.1666666667,89.5
2025-10-01,Illawarra,Train,379549,-34.4278,150.8931,stable,426389.1666666667,89.0
2025-11-01,Illawarra,Train,380222,-34.4278,150.8931,stable,426389.1666666667,89.2
2025-12-01,Illawarra,Train,372778,-34.4278,150.8931,stable,426389.1666666667,87.4
2019-01-01,Illawarra,Bus,285057,-34.4278,150.8931,stable,293616.0833333333,97.1
2019-02-01,Illawarra,Bus,307891,-34.4278,150.8931,stable,293616.0833333333,104.9
2019-03-01,Illawarra,Bus,303989,-34.4278,150.8931,stable,293616.0833333333,103.5
2019-04-01,Illawarra,Bus,335539,-34.4278,150.8931,stable,293616.0833333333,114.3
2019-05-01,Illawarra,Bus,306734,-34.4278,150.8931,stable,293616.0833333333,104.5
2019-06-01,Illawarra,Bus,298018,-34.4278,150.8931,stable,293616.0833333333,101.5
2019-07-01,Illawarra,Bus,283672,-34.4278,150.8931,stable,293616.0833333333,96.6
2019-08-01,Illawarra,Bus,289182,-34.4278,150.8931,stable,293616.0833333333,98.5
2019-09-01,Illawarra,Bus,267623,-34.4278,150.8931,stable,293616.0833333333,91.1
2019-10-01,Illawarra,Bus,265572,-34.4278,150.8931,stable,293616.0833333333,90.4
2019-11-01,Illawarra,Bus,287871,-34.4278,150.8931,stable,293616.0833333333,98.0
2019-12-01,Illawarra,Bus,292245,-34.4278,150.8931,stable,293616.0833333333,99.5
2020-01-01,Illawarra,Bus,286007,-34.4278,150.8931,stable,293616.0833333333,97.4
2020-02-01,Illawarra,Bus,291886,-34.4278,150.8931,stable,293616.0833333333,99.4
2020-03-01,Illawarra,Bus,112361,-34.4278,150.8931,stable,293616.0833333333,38.3
2020-04-01,Illawarra,Bus,109527,-34.4278,150.8931,stable,293616.0833333333,37.3
2020-05-01,Illawarra,Bus,116368,-34.4278,150.8931,stable,293616.0833333333,39.6
2020-06-01,Illawarra,Bus,111104,-34.4278,150.8931,stable,293616.0833333333,37.8
2020-07-01,Illawarra,Bus,108513,-34.4278,150.8931,stable,293616.0833333333,37.0
2020-08-01,Illawarra,Bus,102394,-34.4278,150.8931,stable,293616.0833333333,34.9
2020-09-01,Illawarra,Bus,93362,-34.4278,150.8931,stable,293616.0833333333,31.8
2020-10-01,Illawarra,Bus,92255,-34.4278,150.8931,stable,293616.0833333333,31.4
2020-11-01,Illawarra,Bus,98231,-34.4278,150.8931,stable,293616.0833333333,33.5
2020-12-01,Illawarra,Bus,96962,-34.4278,150.8931,stable,293616.0833333333,33.0
2021-01-01,Illawarra,Bus,160581,-34.4278,150.8931,stable,293616.0833333333,54.7
2021-02-01,Illawarra,Bus,163253,-34.4278,150.8931,stable,293616.0833333333,55.6
2021-03-01,Illawarra,Bus,172468,-34.4278,150.8931,stable,293616.0833333333,58.7
2021-04-01,Illawarra,Bus,168392,-34.4278,150.8931,stable,293616.0833333333,57.4
2021-05-01,Illawarra,Bus,173703,-34.4278,150.8931,stable,293616.0833333333,59.2
2021-06-01,Illawarra,Bus,176906,-34.4278,150.8931,stable,293616.0833333333,60.3
2021-07-01,Illawarra,Bus,165506,-34.4278,150.8931,stable,293616.0833333333,56.4
2021-08-01,Illawarra,Bus,148475,-34.4278,150.8931,stable,293616.0833333333,50.6
2021-09-01,Illawarra,Bus,152586,-34.4278,150.8931,stable,293616.0833333333,52.0
2021-10-01,Illawarra,Bus,150314,-34.4278,150.8931,stable,293616.0833333333,51.2
2021-11-01,Illawarra,Bus,145845,-34.4278,150.8931,stable,293616.0833333333,49.7
2021-12-01,Illawarra,Bus,158395,-34.4278,150.8931,stable,293616.0833333333,53.9
2022-01-01,Illawarra,Bus,212468,-34.4278,150.8931,stable,293616.0833333333,72.4
2022-02-01,Illawarra,Bus,223791,-34.4278,150.8931,stable,293616.0833333333,76.2
2022-03-01,Illawarra,Bus,214190,-34.4278,150.8931,stable,293616.0833333333,72.9
2022-04-01,Illawarra,Bus,226235,-34.4278,150.8931,stable,293616.0833333333,77.1
2022-05-01,Illawarra,Bus,232249,-34.4278,150.8931,stable,293616.0833333333,79.1
2022-06-01,Illawarra,Bus,209594,-34.4278,150.8931,stable,293616.0833333333,71.4
2022-07-01,Illawarra,Bus,218557,-34.4278,150.8931,stable,293616.0833333333,74.4
2022-08-01,Illawarra,Bus,191146,-34.4278,150.8931,stable,293616.0833333333,65.1
2022-09-01,Illawarra,Bus,198204,-34.4278,150.8931,stable,293616.0833333333,67.5
2022-10-01,Illawarra,Bus,204773,-34.4278,150.8931,stable,293616.0833333333,69.7
2022-11-01,Illawarra,Bus,194813,-34.4278,150.8931,stable,293616.0833333333,66.3
2022-12-01,Illawarra,Bus,213821,-34.4278,150.8931,stable,293616.0833333333,72.8
2023-01-01,Illawarra,Bus,258173,-34.4278,150.8931,stable,293616.0833333333,87.9
2023-02-01,Illawarra,Bus,256143,-34.4278,150.8931,stable,293616.0833333333,87.2
2023-03-01,Illawarra,Bus,254546,-34.4278,150.8931,stable,293616.0833333333,86.7
2023-04-01,Illawarra,Bus,281564,-34.4278,150.8931,stable,293616.0833333333,95.9
2023-05-01,Illawarra,Bus,258402,-34.4278,150.8931,stable,293616.0833333333,88.0
2023-06-01,Illawarra,Bus,261335,-34.4278,150.8931,stable,293616.0833333333,89.0
2023-07-01,Illawarra,Bus,259049,-34.4278,150.8931,stable,293616.0833333333,88.2
2023-08-01,Illawarra,Bus,225401,-34.4278,150.8931,stable,293616.0833333333,76.8
2023-09-01,Illawarra,Bus,231894,-34.4278,150.8931,stable,293616.0833333333,79.0
2023-10-01,Illawarra,Bus,228161,-34.4278,150.8931,stable,293616.0833333333,77.7
2023-11-01,Illawarra,Bus,236004,-34.4278,150.8931,stable,293616.0833333333,80.4
2023-12-01,Illawarra,Bus,249504,-34.4278,150.8931,stable,293616.0833333333,85.0
2024-01-01,Illawarra,Bus,277720,-34.4278,150.8931,stable,293616.0833333333,94.6
2024-02-01,Illawarra,Bus,264453,-34.4278,150.8931,stable,293616.0833333333,90.1
2024-03-01,Illawarra,Bus,295909,-34.4278,150.8931,stable,293616.0833333333,100.8
2024-04-01,Illawarra,Bus,274650,-34.4278,150.8931,stable,293616.0833333333,93.5
2024-05-01,Illawarra,Bus,297179,-34.4278,150.8931,stable,293616.0833333333,101.2
2024-06-01,Illawarra,Bus,291601,-34.4278,150.8931,stable,293616.0833333333,99.3
2024-07-01,Illawarra,Bus,282235,-34.4278,150.8931,synthetic allocation change from July 2024,293616.0833333333,96.1
2024-08-01,Illawarra,Bus,274185,-34.4278,150.8931,synthetic allocation change from July 2024,293616.0833333333,93.4
2024-09-01,Illawarra,Bus,279904,-34.4278,150.8931,synthetic allocation change from July 2024,293616.0833333333,95.3
2024-10-01,Illawarra,Bus,277486,-34.4278,150.8931,synthetic allocation change from July 2024,293616.0833333333,94.5
2024-11-01,Illawarra,Bus,279567,-34.4278,150.8931,synthetic allocation change from July 2024,293616.0833333333,95.2
2024-12-01,Illawarra,Bus,286739,-34.4278,150.8931,synthetic allocation change from July 2024,293616.0833333333,97.7
2025-01-01,Illawarra,Bus,286869,-34.4278,150.8931,synthetic allocation change from July 2024,293616.0833333333,97.7
2025-02-01,Illawarra,Bus,319597,-34.4278,150.8931,synthetic allocation change from July 2024,293616.0833333333,108.8
2025-03-01,Illawarra,Bus,310578,-34.4278,150.8931,synthetic allocation change from July 2024,293616.0833333333,105.8
2025-04-01,Illawarra,Bus,348285,-34.4278,150.8931,synthetic allocation change from July 2024,293616.0833333333,118.6
2025-05-01,Illawarra,Bus,317511,-34.4278,150.8931,synthetic allocation change from July 2024,293616.0833333333,108.1
2025-06-01,Illawarra,Bus,335618,-34.4278,150.8931,synthetic allocation change from July 2024,293616.0833333333,114.3
2025-07-01,Illawarra,Bus,306403,-34.4278,150.8931,synthetic allocation change from July 2024,293616.0833333333,104.4
2025-08-01,Illawarra,Bus,292412,-34.4278,150.8931,synthetic allocation change from July 2024,293616.0833333333,99.6
2025-09-01,Illawarra,Bus,298631,-34.4278,150.8931,synthetic allocation change from July 2024,293616.0833333333,101.7
2025-10-01,Illawarra,Bus,292247,-34.4278,150.8931,synthetic allocation change from July 2024,293616.0833333333,99.5
2025-11-01,Illawarra,Bus,282612,-34.4278,150.8931,synthetic allocation change from July 2024,293616.0833333333,96.3
2025-12-01,Illawarra,Bus,281839,-34.4278,150.8931,synthetic allocation change from July 2024,293616.0833333333,96.0
2019-01-01,Illawarra,Ferry,36042,-34.4278,150.8931,stable,37752.25,95.5
2019-02-01,Illawarra,Ferry,37719,-34.4278,150.8931,stable,37752.25,99.9
2019-03-01,Illawarra,Ferry,40219,-34.4278,150.8931,stable,37752.25,106.5
2019-04-01,Illawarra,Ferry,39634,-34.4278,150.8931,stable,37752.25,105.0
2019-05-01,Illawarra,Ferry,38896,-34.4278,150.8931,stable,37752.25,103.0
2019-06-01,Illawarra,Ferry,40428,-34.4278,150.8931,stable,37752.25,107.1
2019-07-01,Illawarra,Ferry,39118,-34.4278,150.8931,stable,37752.25,103.6
2019-08-01,Illawarra,Ferry,36583,-34.4278,150.8931,stable,37752.25,96.9
2019-09-01,Illawarra,Ferry,36267,-34.4278,150.8931,stable,37752.25,96.1
2019-10-01,Illawarra,Ferry,33421,-34.4278,150.8931,stable,37752.25,88.5
2019-11-01,Illawarra,Ferry,36684,-34.4278,150.8931,stable,37752.25,97.2
2019-12-01,Illawarra,Ferry,38016,-34.4278,150.8931,stable,37752.25,100.7
2020-01-01,Illawarra,Ferry,39283,-34.4278,150.8931,stable,37752.25,104.1
2020-02-01,Illawarra,Ferry,39384,-34.4278,150.8931,stable,37752.25,104.3
2020-03-01,Illawarra,Ferry,13445,-34.4278,150.8931,stable,37752.25,35.6
2020-04-01,Illawarra,Ferry,14578,-34.4278,150.8931,stable,37752.25,38.6
2020-05-01,Illawarra,Ferry,13611,-34.4278,150.8931,stable,37752.25,36.1
2020-06-01,Illawarra,Ferry,13165,-34.4278,150.8931,stable,37752.25,34.9
2020-07-01,Illawarra,Ferry,12949,-34.4278,150.8931,stable,37752.25,34.3
2020-08-01,Illawarra,Ferry,12316,-34.4278,150.8931,stable,37752.25,32.6
2020-09-01,Illawarra,Ferry,11959,-34.4278,150.8931,stable,37752.25,31.7
2020-10-01,Illawarra,Ferry,11785,-34.4278,150.8931,stable,37752.25,31.2
2020-11-01,Illawarra,Ferry,12688,-34.4278,150.8931,stable,37752.25,33.6
2020-12-01,Illawarra,Ferry,13392,-34.4278,150.8931,stable,37752.25,35.5
2021-01-01,Illawarra,Ferry,20295,-34.4278,150.8931,stable,37752.25,53.8
2021-02-01,Illawarra,Ferry,22199,-34.4278,150.8931,stable,37752.25,58.8
2021-03-01,Illawarra,Ferry,20927,-34.4278,150.8931,stable,37752.25,55.4
2021-04-01,Illawarra,Ferry,22867,-34.4278,150.8931,stable,37752.25,60.6
2021-05-01,Illawarra,Ferry,22744,-34.4278,150.8931,stable,37752.25,60.2
2021-06-01,Illawarra,Ferry,20485,-34.4278,150.8931,stable,37752.25,54.3
2021-07-01,Illawarra,Ferry,19837,-34.4278,150.8931,stable,37752.25,52.5
2021-08-01,Illawarra,Ferry,19495,-34.4278,150.8931,stable,37752.25,51.6
2021-09-01,Illawarra,Ferry,19130,-34.4278,150.8931,stable,37752.25,50.7
2021-10-01,Illawarra,Ferry,19132,-34.4278,150.8931,stable,37752.25,50.7
2021-11-01,Illawarra,Ferry,20267,-34.4278,150.8931,stable,37752.25,53.7
2021-12-01,Illawarra,Ferry,20445,-34.4278,150.8931,stable,37752.25,54.2
2022-01-01,Illawarra,Ferry,26598,-34.4278,150.8931,stable,37752.25,70.5
2022-02-01,Illawarra,Ferry,27005,-34.4278,150.8931,stable,37752.25,71.5
2022-03-01,Illawarra,Ferry,30554,-34.4278,150.8931,stable,37752.25,80.9
2022-04-01,Illawarra,Ferry,28670,-34.4278,150.8931,stable,37752.25,75.9
2022-05-01,Illawarra,Ferry,29501,-34.4278,150.8931,stable,37752.25,78.1
2022-06-01,Illawarra,Ferry,27350,-34.4278,150.8931,stable,37752.25,72.4
2022-07-01,Illawarra,Ferry,26019,-34.4278,150.8931,stable,37752.25,68.9
2022-08-01,Illawarra,Ferry,25039,-34.4278,150.8931,stable,37752.25,66.3
2022-09-01,Illawarra,Ferry,26083,-34.4278,150.8931,stable,37752.25,69.1
2022-10-01,Illawarra,Ferry,25356,-34.4278,150.8931,stable,37752.25,67.2
2022-11-01,Illawarra,Ferry,25074,-34.4278,150.8931,stable,37752.25,66.4
2022-12-01,Illawarra,Ferry,26281,-34.4278,150.8931,stable,37752.25,69.6
2023-01-01,Illawarra,Ferry,31640,-34.4278,150.8931,stable,37752.25,83.8
2023-02-01,Illawarra,Ferry,33170,-34.4278,150.8931,stable,37752.25,87.9
2023-03-01,Illawarra,Ferry,34620,-34.4278,150.8931,stable,37752.25,91.7
2023-04-01,Illawarra,Ferry,33133,-34.4278,150.8931,stable,37752.25,87.8
2023-05-01,Illawarra,Ferry,32922,-34.4278,150.8931,stable,37752.25,87.2
2023-06-01,Illawarra,Ferry,34031,-34.4278,150.8931,stable,37752.25,90.1
2023-07-01,Illawarra,Ferry,33173,-34.4278,150.8931,stable,37752.25,87.9
2023-08-01,Illawarra,Ferry,28952,-34.4278,150.8931,stable,37752.25,76.7
2023-09-01,Illawarra,Ferry,29363,-34.4278,150.8931,stable,37752.25,77.8
2023-10-01,Illawarra,Ferry,29926,-34.4278,150.8931,stable,37752.25,79.3
2023-11-01,Illawarra,Ferry,28055,-34.4278,150.8931,stable,37752.25,74.3
2023-12-01,Illawarra,Ferry,30716,-34.4278,150.8931,stable,37752.25,81.4
2024-01-01,Illawarra,Ferry,32230,-34.4278,150.8931,stable,37752.25,85.4
2024-02-01,Illawarra,Ferry,35583,-34.4278,150.8931,stable,37752.25,94.3
2024-03-01,Illawarra,Ferry,36400,-34.4278,150.8931,stable,37752.25,96.4
2024-04-01,Illawarra,Ferry,37062,-34.4278,150.8931,stable,37752.25,98.2
2024-05-01,Illawarra,Ferry,34848,-34.4278,150.8931,stable,37752.25,92.3
2024-06-01,Illawarra,Ferry,34651,-34.4278,150.8931,stable,37752.25,91.8
2024-07-01,Illawarra,Ferry,34103,-34.4278,150.8931,stable,37752.25,90.3
2024-08-01,Illawarra,Ferry,31155,-34.4278,150.8931,stable,37752.25,82.5
2024-09-01,Illawarra,Ferry,30543,-34.4278,150.8931,stable,37752.25,80.9
2024-10-01,Illawarra,Ferry,31610,-34.4278,150.8931,stable,37752.25,83.7
2024-11-01,Illawarra,Ferry,30108,-34.4278,150.8931,stable,37752.25,79.8
2024-12-01,Illawarra,Ferry,32699,-34.4278,150.8931,stable,37752.25,86.6
2025-01-01,Illawarra,Ferry,37632,-34.4278,150.8931,stable,37752.25,99.7
2025-02-01,Illawarra,Ferry,37528,-34.4278,150.8931,stable,37752.25,99.4
2025-03-01,Illawarra,Ferry,38863,-34.4278,150.8931,stable,37752.25,102.9
2025-04-01,Illawarra,Ferry,38987,-34.4278,150.8931,stable,37752.25,103.3
2025-05-01,Illawarra,Ferry,36742,-34.4278,150.8931,stable,37752.25,97.3
2025-06-01,Illawarra,Ferry,37569,-34.4278,150.8931,stable,37752.25,99.5
2025-07-01,Illawarra,Ferry,37624,-34.4278,150.8931,stable,37752.25,99.7
2025-08-01,Illawarra,Ferry,35769,-34.4278,150.8931,stable,37752.25,94.7
2025-09-01,Illawarra,Ferry,33352,-34.4278,150.8931,stable,37752.25,88.3
2025-10-01,Illawarra,Ferry,34652,-34.4278,150.8931,stable,37752.25,91.8
2025-11-01,Illawarra,Ferry,34770,-34.4278,150.8931,stable,37752.25,92.1
2025-12-01,Illawarra,Ferry,35163,-34.4278,150.8931,stable,37752.25,93.1
2019-01-01,Illawarra,Light rail,47649,-34.4278,150.8931,stable,50561.25,94.2
2019-02-01,Illawarra,Light rail,51438,-34.4278,150.8931,stable,50561.25,101.7
2019-03-01,Illawarra,Light rail,51070,-34.4278,150.8931,stable,50561.25,101.0
2019-04-01,Illawarra,Light rail,57659,-34.4278,150.8931,stable,50561.25,114.0
2019-05-01,Illawarra,Light rail,56702,-34.4278,150.8931,stable,50561.25,112.1
2019-06-01,Illawarra,Light rail,49705,-34.4278,150.8931,stable,50561.25,98.3
2019-07-01,Illawarra,Light rail,53023,-34.4278,150.8931,stable,50561.25,104.9
2019-08-01,Illawarra,Light rail,45665,-34.4278,150.8931,stable,50561.25,90.3
2019-09-01,Illawarra,Light rail,46395,-34.4278,150.8931,stable,50561.25,91.8
2019-10-01,Illawarra,Light rail,47864,-34.4278,150.8931,stable,50561.25,94.7
2019-11-01,Illawarra,Light rail,48404,-34.4278,150.8931,stable,50561.25,95.7
2019-12-01,Illawarra,Light rail,51161,-34.4278,150.8931,stable,50561.25,101.2
2020-01-01,Illawarra,Light rail,51282,-34.4278,150.8931,stable,50561.25,101.4
2020-02-01,Illawarra,Light rail,51915,-34.4278,150.8931,stable,50561.25,102.7
2020-03-01,Illawarra,Light rail,19977,-34.4278,150.8931,stable,50561.25,39.5
2020-04-01,Illawarra,Light rail,18782,-34.4278,150.8931,stable,50561.25,37.1
2020-05-01,Illawarra,Light rail,19698,-34.4278,150.8931,stable,50561.25,39.0
2020-06-01,Illawarra,Light rail,19241,-34.4278,150.8931,stable,50561.25,38.1
2020-07-01,Illawarra,Light rail,17376,-34.4278,150.8931,stable,50561.25,34.4
2020-08-01,Illawarra,Light rail,17305,-34.4278,150.8931,stable,50561.25,34.2
2020-09-01,Illawarra,Light rail,16736,-34.4278,150.8931,stable,50561.25,33.1
2020-10-01,Illawarra,Light rail,16305,-34.4278,150.8931,stable,50561.25,32.2
2020-11-01,Illawarra,Light rail,16720,-34.4278,150.8931,stable,50561.25,33.1
2020-12-01,Illawarra,Light rail,16625,-34.4278,150.8931,stable,50561.25,32.9
2021-01-01,Illawarra,Light rail,26650,-34.4278,150.8931,stable,50561.25,52.7
2021-02-01,Illawarra,Light rail,28957,-34.4278,150.8931,stable,50561.25,57.3
2021-03-01,Illawarra,Light rail,29743,-34.4278,150.8931,stable,50561.25,58.8
2021-04-01,Illawarra,Light rail,30756,-34.4278,150.8931,stable,50561.25,60.8
2021-05-01,Illawarra,Light rail,28654,-34.4278,150.8931,stable,50561.25,56.7
2021-06-01,Illawarra,Light rail,27111,-34.4278,150.8931,stable,50561.25,53.6
2021-07-01,Illawarra,Light rail,26132,-34.4278,150.8931,stable,50561.25,51.7
2021-08-01,Illawarra,Light rail,25967,-34.4278,150.8931,stable,50561.25,51.4
2021-09-01,Illawarra,Light rail,26336,-34.4278,150.8931,stable,50561.25,52.1
2021-10-01,Illawarra,Light rail,25638,-34.4278,150.8931,stable,50561.25,50.7
2021-11-01,Illawarra,Light rail,25898,-34.4278,150.8931,stable,50561.25,51.2
2021-12-01,Illawarra,Light rail,27643,-34.4278,150.8931,stable,50561.25,54.7
2022-01-01,Illawarra,Light rail,35188,-34.4278,150.8931,stable,50561.25,69.6
2022-02-01,Illawarra,Light rail,37042,-34.4278,150.8931,stable,50561.25,73.3
2022-03-01,Illawarra,Light rail,37757,-34.4278,150.8931,stable,50561.25,74.7
2022-04-01,Illawarra,Light rail,41248,-34.4278,150.8931,stable,50561.25,81.6
2022-05-01,Illawarra,Light rail,39849,-34.4278,150.8931,stable,50561.25,78.8
2022-06-01,Illawarra,Light rail,35986,-34.4278,150.8931,stable,50561.25,71.2
2022-07-01,Illawarra,Light rail,37635,-34.4278,150.8931,stable,50561.25,74.4
2022-08-01,Illawarra,Light rail,34498,-34.4278,150.8931,stable,50561.25,68.2
2022-09-01,Illawarra,Light rail,34852,-34.4278,150.8931,stable,50561.25,68.9
2022-10-01,Illawarra,Light rail,34922,-34.4278,150.8931,stable,50561.25,69.1
2022-11-01,Illawarra,Light rail,31810,-34.4278,150.8931,stable,50561.25,62.9
2022-12-01,Illawarra,Light rail,33607,-34.4278,150.8931,stable,50561.25,66.5
2023-01-01,Illawarra,Light rail,40308,-34.4278,150.8931,stable,50561.25,79.7
2023-02-01,Illawarra,Light rail,41565,-34.4278,150.8931,stable,50561.25,82.2
2023-03-01,Illawarra,Light rail,45800,-34.4278,150.8931,stable,50561.25,90.6
2023-04-01,Illawarra,Light rail,46838,-34.4278,150.8931,stable,50561.25,92.6
2023-05-01,Illawarra,Light rail,42817,-34.4278,150.8931,stable,50561.25,84.7
2023-06-01,Illawarra,Light rail,45300,-34.4278,150.8931,stable,50561.25,89.6
2023-07-01,Illawarra,Light rail,41839,-34.4278,150.8931,stable,50561.25,82.7
2023-08-01,Illawarra,Light rail,39346,-34.4278,150.8931,stable,50561.25,77.8
2023-09-01,Illawarra,Light rail,38066,-34.4278,150.8931,stable,50561.25,75.3
2023-10-01,Illawarra,Light rail,40649,-34.4278,150.8931,stable,50561.25,80.4
2023-11-01,Illawarra,Light rail,37305,-34.4278,150.8931,stable,50561.25,73.8
2023-12-01,Illawarra,Light rail,40661,-34.4278,150.8931,stable,50561.25,80.4
2024-01-01,Illawarra,Light rail,44212,-34.4278,150.8931,stable,50561.25,87.4
2024-02-01,Illawarra,Light rail,48962,-34.4278,150.8931,stable,50561.25,96.8
2024-03-01,Illawarra,Light rail,49850,-34.4278,150.8931,stable,50561.25,98.6
2024-04-01,Illawarra,Light rail,47924,-34.4278,150.8931,stable,50561.25,94.8
2024-05-01,Illawarra,Light rail,49072,-34.4278,150.8931,stable,50561.25,97.1
2024-06-01,Illawarra,Light rail,48151,-34.4278,150.8931,stable,50561.25,95.2
2024-07-01,Illawarra,Light rail,47934,-34.4278,150.8931,synthetic allocation change from July 2024,50561.25,94.8
2024-08-01,Illawarra,Light rail,45910,-34.4278,150.8931,synthetic allocation change from July 2024,50561.25,90.8
2024-09-01,Illawarra,Light rail,43642,-34.4278,150.8931,synthetic allocation change from July 2024,50561.25,86.3
2024-10-01,Illawarra,Light rail,45936,-34.4278,150.8931,synthetic allocation change from July 2024,50561.25,90.9
2024-11-01,Illawarra,Light rail,44068,-34.4278,150.8931,synthetic allocation change from July 2024,50561.25,87.2
2024-12-01,Illawarra,Light rail,45903,-34.4278,150.8931,synthetic allocation change from July 2024,50561.25,90.8
2025-01-01,Illawarra,Light rail,49501,-34.4278,150.8931,synthetic allocation change from July 2024,50561.25,97.9
2025-02-01,Illawarra,Light rail,57269,-34.4278,150.8931,synthetic allocation change from July 2024,50561.25,113.3
2025-03-01,Illawarra,Light rail,58421,-34.4278,150.8931,synthetic allocation change from July 2024,50561.25,115.5
2025-04-01,Illawarra,Light rail,59222,-34.4278,150.8931,synthetic allocation change from July 2024,50561.25,117.1
2025-05-01,Illawarra,Light rail,56719,-34.4278,150.8931,synthetic allocation change from July 2024,50561.25,112.2
2025-06-01,Illawarra,Light rail,53870,-34.4278,150.8931,synthetic allocation change from July 2024,50561.25,106.5
2025-07-01,Illawarra,Light rail,52227,-34.4278,150.8931,synthetic allocation change from July 2024,50561.25,103.3
2025-08-01,Illawarra,Light rail,53007,-34.4278,150.8931,synthetic allocation change from July 2024,50561.25,104.8
2025-09-01,Illawarra,Light rail,51211,-34.4278,150.8931,synthetic allocation change from July 2024,50561.25,101.3
2025-10-01,Illawarra,Light rail,49062,-34.4278,150.8931,synthetic allocation change from July 2024,50561.25,97.0
2025-11-01,Illawarra,Light rail,50302,-34.4278,150.8931,synthetic allocation change from July 2024,50561.25,99.5
2025-12-01,Illawarra,Light rail,49073,-34.4278,150.8931,synthetic allocation change from July 2024,50561.25,97.1
